country,country_code,year,unemployment,inflation,gdp_growth,life_expectancy,population_growth,gdp_growth_next_year,downturn_next_year,gdp_growth_delta,unemployment_delta,inflation_delta,gdp_trend_slope
Afghanistan,AFG,2010,7.809,2.17853752389418,14.3624414710737,60.702,2.93468670173474,0.426354776777345,0,,,,
Afghanistan,AFG,2011,7.83,11.8041858089129,0.426354776777345,61.25,3.69150308391849,12.7522870926697,0,-13.936086694296355,0.020999999999999908,9.62564828501872,
Afghanistan,AFG,2012,7.875,6.44121280934117,12.7522870926697,61.735,4.04786256315645,5.60074465863221,0,12.325932315892356,0.04499999999999993,-5.3629729995717295,-0.8050771892019997
Afghanistan,AFG,2013,7.921,7.38577178397855,5.60074465863221,62.188,3.41822667584596,2.72454336219565,0,-7.1515424340374905,0.04600000000000026,0.9445589746373795,2.5871949409274326
Afghanistan,AFG,2014,7.915,4.67399603536344,2.72454336219565,62.26,3.63251884652008,1.45131466066431,0,-2.8762012964365598,-0.006000000000000227,-2.7117757486151097,-5.013871865237025
Afghanistan,AFG,2015,9.032,-0.661709164713741,1.45131466066431,62.27,3.11995924146907,2.26031420279821,0,-1.2732287015313402,1.117,-5.3357052000771805,-2.07471499898395
Afghanistan,AFG,2016,10.116,4.38389195513914,2.26031420279821,62.646,2.53571991833963,2.6470032027451,0,0.8089995421339,1.0839999999999996,5.045601119852881,-0.23211457969872007
Afghanistan,AFG,2017,11.184,4.97595150553832,2.6470032027451,62.406,2.80833730805469,1.18922812944517,0,0.3866889999468901,1.0679999999999996,0.5920595503991795,0.5978442710403951
Afghanistan,AFG,2018,11.192,0.626149149168846,1.18922812944517,62.443,2.91080959861384,3.91160341625552,0,-1.45777507329993,0.008000000000000895,-4.349802356369474,-0.5355430366765199
Afghanistan,AFG,2019,11.187,2.30237251516833,3.91160341625552,62.941,2.98438913621969,-2.35110067203466,1,2.72237528681035,-0.005000000000000782,1.6762233659994838,0.6323001067552101
Afghanistan,AFG,2020,11.71,5.60188791482224,-2.35110067203466,61.454,3.15360920291972,-20.7388393676343,1,-6.26270408829018,0.5230000000000015,3.29951539965391,-1.770164400739915
Afghanistan,AFG,2021,12.006,5.13320340824962,-20.7388393676343,60.417,2.35609779179185,-6.24017199240269,1,-18.387738695599637,0.2959999999999994,-0.46868450657261995,-12.32522139194491
Afghanistan,AFG,2022,14.1,13.7121023720064,-6.24017199240269,65.617,1.43570437048699,2.26694373649188,0,14.498667375231609,2.0939999999999994,8.578898963756782,-1.9445356601840151
Afghanistan,AFG,2023,14.008,-4.64470870797774,2.26694373649188,66.035,2.13559384981397,2.26694373649188,0,8.50711572889457,-0.09200000000000053,-18.35681107998414,11.50289155206309
Afghanistan,AFG,2024,13.687,-6.60118564073725,2.26694373649188,66.289,2.83657317243522,,,0.0,-0.32099999999999973,-1.95647693275951,4.253557864447285
Angola,AGO,2010,16.595,14.4696564932576,5.29366572819954,57.242,3.85109824897149,3.59386960240222,0,,,,
Angola,AGO,2011,16.77,13.4824679218511,3.59386960240222,58.093,3.8879459971363,8.50312283866612,0,-1.6997961257973198,0.1750000000000007,-0.9871885714065005,
Angola,AGO,2012,16.539,10.2779049218839,8.50312283866612,58.916,3.88358355528674,4.88306129688392,0,4.9092532362639005,-0.2309999999999981,-3.2045629999672,1.6047285552332906
Angola,AGO,2013,16.464,8.77781429332623,4.88306129688392,59.705,3.84998068971631,4.65572356315585,0,-3.620061541782201,-0.07500000000000284,-1.50009062855767,0.64459584724085
Angola,AGO,2014,16.372,7.2803873036112,4.65572356315585,60.396,3.73272806660513,0.763177710914789,0,-0.22733773372806976,-0.09199999999999875,-1.4974269897150299,-1.9236996377551354
Angola,AGO,2015,16.472,9.35597215533783,0.763177710914789,61.042,3.60507162233632,-1.70053036291208,1,-3.892545852241061,0.10000000000000142,2.075584851726629,-2.0599417929845654
Angola,AGO,2016,16.572,30.6944150806719,-1.70053036291208,61.619,3.57644143982026,-0.149396225571834,1,-2.463708073826869,0.09999999999999787,21.33844292533407,-3.1781269630339652
Angola,AGO,2017,16.617,29.8444799015679,-0.149396225571834,62.122,3.54061221486272,-0.59441122698307,1,1.551134137340246,0.045000000000001705,-0.8499351791039977,-0.4562869682433115
Angola,AGO,2018,16.602,19.628937970152,-0.59441122698307,62.622,3.45323300897802,-0.204680245744115,1,-0.44501500141123607,-0.015000000000000568,-10.215541931415903,0.553059567964505
Angola,AGO,2019,16.497,17.080954143438,-0.204680245744115,63.051,3.38788422184303,-4.04244724639663,1,0.389730981238955,-0.10500000000000043,-2.547983826713999,-0.027642010086140506
Angola,AGO,2020,16.696,22.2715392470509,-4.04244724639663,63.116,3.26795864914978,2.10275251923413,0,-3.8377670006525153,0.19900000000000162,5.1905851036129,-1.72401800970678
Angola,AGO,2021,15.799,25.754294884189,2.10275251923413,62.958,3.18132259995095,4.21600258475137,0,6.14519976563076,-0.897000000000002,3.4827556371381014,1.1537163824891226
Angola,AGO,2022,14.124,21.3552901320822,4.21600258475137,64.246,3.14302612044601,1.26330814020108,0,2.1132500655172395,-1.674999999999999,-4.399004752106801,4.1292249155739995
Angola,AGO,2023,14.051,13.6441017767714,1.26330814020108,64.617,3.08065530722915,4.42390664406875,0,-2.9526944445502896,-0.0730000000000004,-7.711188355310799,-0.41972218951652507
Angola,AGO,2024,14.02,28.2404948915772,4.42390664406875,64.805,3.04419972245653,,,3.16059850386767,-0.031000000000000583,14.5963931148058,0.10395202965869021
Albania,ALB,2010,14.086,3.62710091517479,2.97315442681247,78.414,-0.49646196338738,2.46351683915714,0,,,,
Albania,ALB,2011,13.481,3.42807130141501,2.46351683915714,78.303,-0.269017331764615,0.984129880204108,0,-0.5096375876553298,-0.6050000000000004,-0.19902961375978023,
Albania,ALB,2012,13.376,2.03159268395296,0.984129880204108,78.084,-1.54313670532257,1.7072283175406,0,-1.479386958953032,-0.10500000000000043,-1.39647861746205,-0.9945122733041809
Albania,ALB,2013,15.866,1.93762080205223,1.7072283175406,77.995,-1.54314471365633,2.24022695382642,0,0.723098437336492,2.49,-0.0939718819007298,-0.37814426080827
Albania,ALB,2014,18.055,1.62586504402613,2.24022695382642,78.029,-1.54313753739282,2.2277040745779,0,0.5329986362858199,2.189,-0.3117557580261001,0.6280485368111559
Albania,ALB,2015,17.193,1.89617402592356,2.2277040745779,78.358,-1.54312006878448,3.90893551362245,0,-0.012522879248519914,-0.8619999999999983,0.27030898189743,0.26023787851865
Albania,ALB,2016,15.418,1.27543168367423,3.90893551362245,78.643,-1.54313470861992,3.28317593330073,0,1.68123143904455,-1.7750000000000021,-0.6207423422493299,0.834354279898015
Albania,ALB,2017,13.616,1.98666133171194,3.28317593330073,78.9,-1.54315156766944,3.67141928098908,0,-0.62575958032172,-1.8019999999999996,0.7112296480377098,0.527735929361415
Albania,ALB,2018,12.304,2.02805963071134,3.67141928098908,79.238,-1.54309991591532,2.06257790176122,0,0.3882433476883502,-1.3119999999999994,0.04139829899939995,-0.11875811631668487
Albania,ALB,2019,11.466,1.41109078954242,2.06257790176122,79.467,-1.54313709096794,-3.31375636888916,1,-1.6088413792278602,-0.838000000000001,-0.6169688411689198,-0.610299015769755
Albania,ALB,2020,11.639,1.6208866171702,-3.31375636888916,77.824,-1.54315589345436,8.96957619074095,0,-5.37633427065038,0.17300000000000004,0.20979582762778004,-3.49258782493912
Albania,ALB,2021,11.474,2.04147163139544,8.96957619074095,76.844,-1.54312080996395,4.8268006234359,0,12.28333255963011,-0.16499999999999915,0.42058501422523986,3.4534991444898653
Albania,ALB,2022,10.785,6.72520271530059,4.8268006234359,78.769,-1.54315667695786,4.01541716935742,0,-4.14277556730505,-0.6890000000000001,4.683731083905149,4.07027849616253
Albania,ALB,2023,10.669,4.75834555150038,4.01541716935742,79.602,-1.54310811387613,4.04592845095348,0,-0.8113834540784799,-0.11599999999999966,-1.96685716380021,-2.477079510691765
Albania,ALB,2024,10.689,2.21587375089991,4.04592845095348,79.776,-1.54314393524594,,,0.03051128159605998,0.019999999999999574,-2.54247180060047,-0.39043608624120996
United Arab Emirates,ARE,2010,2.798,0.877983288285867,1.60285004671343,81.886,2.39801204084647,6.73646786920814,0,,,,
United Arab Emirates,ARE,2011,2.587,0.87734659568512,6.73646786920814,81.898,3.35932096341285,4.6832657020049,0,5.133617822494711,-0.21099999999999985,-0.0006366926007470575,
United Arab Emirates,ARE,2012,2.323,0.662268900269008,4.6832657020049,81.913,3.95899214220379,4.91847806719888,0,-2.0532021672032403,-0.26400000000000023,-0.215077695416112,1.5402078276457352
United Arab Emirates,ARE,2013,2.125,1.1011183637571,4.91847806719888,81.95,3.99911978796443,4.63288144983127,0,0.2352123651939797,-0.19799999999999995,0.43884946348809206,-0.9089949010046303
United Arab Emirates,ARE,2014,1.999,2.34626865671642,4.63288144983127,81.99,4.65292210905658,7.08767348587587,0,-0.28559661736760944,-0.1259999999999999,1.2451502929593201,-0.02519212608681487
United Arab Emirates,ARE,2015,1.793,4.06996608361593,7.08767348587587,82.076,5.38380162241984,5.65793329224303,0,2.4547920360445996,-0.20600000000000018,1.72369742689951,1.084597709338495
United Arab Emirates,ARE,2016,1.64,1.61748808904197,5.65793329224303,82.195,4.93046894788046,-1.06137661464977,1,-1.4297401936328402,-0.15300000000000002,-2.45247799457396,0.5125259212058797
United Arab Emirates,ARE,2017,2.462,1.96682557818842,-1.06137661464977,82.388,3.17379785893425,1.53716683173516,0,-6.7193099068928,0.8220000000000003,0.34933748914645,-4.07452505026282
United Arab Emirates,ARE,2018,2.236,3.06863379251996,1.53716683173516,82.449,1.32986873264335,1.27134240761141,0,2.59854344638493,-0.22599999999999998,1.10180821433154,-2.060383230253935
United Arab Emirates,ARE,2019,2.331,-1.93108114782172,1.27134240761141,82.596,1.0545163442516,-8.69342617885171,1,-0.2658244241237502,0.09499999999999975,-4.99971494034168,1.16635951113059
United Arab Emirates,ARE,2020,4.294,-2.07940317940943,-8.69342617885171,81.936,-0.474850154644905,4.55278571242283,0,-9.964768586463121,1.9629999999999996,-0.14832203158771007,-5.115296505293435
United Arab Emirates,ARE,2021,3.105,0.179935336174431,4.55278571242283,79.083,1.83513009029147,7.51448425801082,0,13.246211891274541,-1.1889999999999996,2.259338515583861,1.64072165240571
United Arab Emirates,ARE,2022,2.872,5.29122604376849,7.51448425801082,80.487,5.08834153373914,4.30118228020602,0,2.96169854558799,-0.2330000000000001,5.111290707594059,8.103955218431267
United Arab Emirates,ARE,2023,2.151,1.62670837213248,4.30118228020602,82.909,3.97717097504667,3.99180705485398,0,-3.2133019778048,-0.7210000000000001,-3.66451767163601,-0.12580171610840507
United Arab Emirates,ARE,2024,2.16,1.66336510224894,3.99180705485398,83.069,4.68316095317394,,,-0.3093752253520399,0.009000000000000341,0.03665673011645998,-1.76133860157842
Armenia,ARM,2010,19.523,8.17636138473951,2.2000000002151,73.1731707317073,-0.693856288987436,4.69999999867412,0,,,,
Armenia,ARM,2011,18.884,7.65000807859294,4.69999999867412,73.8170731707317,-0.556590762896162,7.20000000096486,0,2.49999999845902,-0.6389999999999993,-0.5263533061465697,
Armenia,ARM,2012,17.511,2.55802007757907,7.20000000096486,74.119512195122,-0.125578337719131,3.3,0,2.50000000229074,-1.373000000000001,-5.0919880010138705,2.50000000037488
Armenia,ARM,2013,16.576,5.7896677854465,3.3,74.6219512195122,-0.0694662703047376,3.60000000058993,0,-3.9000000009648605,-0.9349999999999987,3.2316477078674306,-0.6999999993370603
Armenia,ARM,2014,17.498,2.98130868933672,3.60000000058993,74.8731707317073,-0.271712284863074,3.19999999896625,0,0.30000000058993015,0.9220000000000006,-2.8083590961097804,-1.8000000001874652
Armenia,ARM,2015,18.261,3.73169119261693,3.19999999896625,74.8707317073171,-0.305729335573084,0.199999999825991,0,-0.40000000162367977,0.7629999999999981,0.7503825032802101,-0.05000000051687481
Armenia,ARM,2016,17.617,-1.40360755900899,0.199999999825991,74.8682926829268,-0.410212518071397,7.50000000164144,0,-2.9999999991402593,-0.6439999999999984,-5.13529875162592,-1.7000000003819695
Armenia,ARM,2017,17.704,0.969553268816137,7.50000000164144,75.2170731707317,-0.432038450211669,5.19999999965324,0,7.300000001815449,0.08699999999999974,2.373160827825127,2.150000001337595
Armenia,ARM,2018,18.966,2.52023382001637,5.19999999965324,75.619512195122,-0.349674218173286,7.59999999853918,0,-2.3000000019881996,1.2620000000000005,1.550680551200233,2.4999999999136246
Armenia,ARM,2019,18.304,1.44344660770698,7.59999999853918,76.2219512195122,-0.219168932037313,-7.19999999920631,1,2.3999999988859395,-0.6620000000000026,-1.07678721230939,0.04999999844886993
Armenia,ARM,2020,18.175,1.21143577838464,-7.19999999920631,73.3756097560976,-0.0337609726366775,5.80000000065645,0,-14.79999999774549,-0.12899999999999778,-0.23201082932234018,-6.199999999429775
Armenia,ARM,2021,15.469,7.1848362944337,5.80000000065645,72.2780487804878,0.0270096898904032,12.5999999997766,0,12.999999999862759,-2.7060000000000013,5.97340051604906,-0.899999998941365
Armenia,ARM,2022,13.451,8.64091108973854,12.5999999997766,74.7658536585366,0.2326562627468,8.29999999959539,0,6.79999999912015,-2.017999999999999,1.456074795304839,9.899999999491456
Armenia,ARM,2023,12.405,1.98041877615553,8.29999999959539,77.4658536585366,-0.165163937436499,5.90000000046228,0,-4.30000000018121,-1.0460000000000012,-6.660492313583009,1.2499999994694697
Armenia,ARM,2024,12.405,0.269511978259125,5.90000000046228,78.319512195122,2.30761515133256,,,-2.399999999133109,0.0,-1.710906797896405,-3.3499999996571597
Australia,AUS,2010,5.214,2.9183370211222,2.21004795300735,81.6951219512195,1.55570626204128,2.39473494330615,0,,,,
Australia,AUS,2011,5.083,3.30384784681081,2.39473494330615,81.8951219512195,1.38952731561803,3.95247138119184,0,0.18468699029880042,-0.13100000000000023,0.38551082568860995,
Australia,AUS,2012,5.225,1.76278299052228,3.95247138119184,82.0463414634146,1.74582000067359,2.65445302592404,0,1.5577364378856897,0.14199999999999946,-1.54106485628853,0.8712117140922451
Australia,AUS,2013,5.663,2.44988248109259,2.65445302592404,82.1487804878049,1.721151439989,2.60118978187332,0,-1.2980183552678,0.4380000000000006,0.6870994905703098,0.12985904130894488
Australia,AUS,2014,6.078,2.48792932080492,2.60118978187332,82.3,1.49156648912847,2.16434780647852,0,-0.053263244050719916,0.41500000000000004,0.038046839712329916,-0.6756407996592599
Australia,AUS,2015,6.055,1.50836803138463,2.16434780647852,82.4,1.43921665259925,2.75564065529868,0,-0.43684197539479985,-0.023000000000000576,-0.9795612894202899,-0.24505260972275988
Australia,AUS,2016,5.711,1.27699365720306,2.75564065529868,82.4487804878049,1.56194049810399,2.29331030192918,0,0.5912928488201596,-0.3439999999999994,-0.23137437418156992,0.0772254367126799
Australia,AUS,2017,5.592,1.94864309065653,2.29331030192918,82.5,1.64682779735017,2.87417039499501,0,-0.4623303533695,-0.11900000000000066,0.67164943345347,0.06448124772532982
Australia,AUS,2018,5.345,1.91140002818579,2.87417039499501,82.7487804878049,1.49599671041328,2.19401703622717,0,0.5808600930658301,-0.2469999999999999,-0.03724306247074005,0.059264869848165036
Australia,AUS,2019,5.143,1.610770929127,2.19401703622717,82.9,1.47749071058438,-0.133531904304775,1,-0.6801533587678401,-0.20199999999999996,-0.3006290990587899,-0.04964663285100501
Australia,AUS,2020,6.394,0.846900734607273,-0.133531904304775,83.2,1.23342825131378,2.00694844335034,0,-2.327548940531945,1.2510000000000003,-0.763870194519727,-1.5038511496498925
Australia,AUS,2021,5.022,2.86391284709318,2.00694844335034,83.3,0.14089508329287,4.25304559238732,0,2.140480347655115,-1.3719999999999999,2.017012112485907,-0.09353429643841493
Australia,AUS,2022,3.728,6.59409658717841,4.25304559238732,83.2,1.28931130985537,3.58382100798981,0,2.24609714903698,-1.294,3.7301837400852302,2.1932887483460473
Australia,AUS,2023,3.668,5.59701792296707,3.58382100798981,83.0512195121951,2.43450716351535,1.37340773365975,0,-0.6692245843975098,-0.06000000000000005,-0.9970786642113403,0.7884362823197351
Australia,AUS,2024,3.942,3.16656665428797,1.37340773365975,83.0512195121951,1.99383715356028,,,-2.21041327433006,0.274,-2.4304512686791,-1.4398189293637849
Austria,AUT,2010,4.883,1.81353438995061,1.80898243043663,80.5804878048781,0.240394299500766,2.92746800169145,0,,,,
Austria,AUT,2011,4.637,3.2865791487538,2.92746800169145,80.9829268292683,0.337080841831645,0.628246239479637,0,1.1184855712548198,-0.24600000000000044,1.47304475880319,
Austria,AUT,2012,4.909,2.48567562177014,0.628246239479637,80.9365853658537,0.45593747231891,-0.250726423318454,1,-2.299221762211813,0.27200000000000024,-0.8009035269836602,-0.5903680954784964
Austria,AUT,2013,5.367,2.00015616900597,-0.250726423318454,81.1365853658537,0.589387254692989,0.755798850316665,0,-0.8789726627980909,0.4580000000000002,-0.48551945276416975,-1.589097212504952
Austria,AUT,2014,5.674,1.60581182954473,0.755798850316665,81.490243902439,0.781541632525841,1.30352331826198,0,1.0065252736351191,0.3070000000000004,-0.39434433946124026,0.06377630541851403
Austria,AUT,2015,5.802,0.896563335260319,1.30352331826198,81.190243902439,1.12099250236958,2.11721964494312,0,0.547724467945315,0.12799999999999923,-0.709248494284411,0.777124870790217
Austria,AUT,2016,6.064,0.891591752655362,2.11721964494312,81.6414634146342,1.08139629872802,2.27224992038207,0,0.8136963266811401,0.26200000000000045,-0.004971582604957003,0.6807103973132276
Austria,AUT,2017,5.561,2.08126911385586,2.27224992038207,81.6439024390244,0.694621103604983,2.48422114080024,0,0.15503027543894987,-0.5030000000000001,1.189677361200498,0.484363301060045
Austria,AUT,2018,4.933,1.99837981429548,2.48422114080024,81.6926829268293,0.487071924768999,1.75497619649288,0,0.21197122041817007,-0.6280000000000001,-0.08288929956038005,0.18350074792855997
Austria,AUT,2019,4.56,1.53089564152643,1.75497619649288,81.8951219512195,0.444673639004876,-6.31825509209936,1,-0.7292449443073601,-0.3730000000000002,-0.46748417276904997,-0.258636861944595
Austria,AUT,2020,5.201,1.38191063351853,-6.31825509209936,81.1926829268293,0.415176731565556,4.92309171717903,0,-8.07323128859224,0.641,-0.14898500800790004,-4.4012381164498
Austria,AUT,2021,6.459,2.7666666666667,4.92309171717903,81.190243902439,0.435671684056384,5.33096379400371,0,11.24134680927839,1.258,1.3847560331481699,1.5840577603430752
Austria,AUT,2022,4.992,8.54686993188457,5.33096379400371,81.2951219512195,0.956287797076634,-0.786244288594673,1,0.4078720768246793,-1.4669999999999996,5.780203265217871,5.824609443051535
Austria,AUT,2023,5.264,7.81413417002831,-0.786244288594673,81.7926829268293,0.989464653969154,-0.659089573171372,1,-6.117208082598383,0.27200000000000024,-0.7327357618562607,-2.854668002886852
Austria,AUT,2024,5.2,2.93791574279375,-0.659089573171372,81.9951219512195,0.504879813795986,,,0.12715471542330103,-0.06400000000000006,-4.87621842723456,-2.995026683587541
Azerbaijan,AZE,2010,5.63,5.72687224669605,4.78883248761557,70.309,1.18978770786007,-1.5729973511111,1,,,,
Azerbaijan,AZE,2011,5.42,7.8583333333334,-1.5729973511111,70.565,1.30300085487651,2.20293891708398,0,-6.3618298387266705,-0.20999999999999996,2.1314610866373496,
Azerbaijan,AZE,2012,5.19,1.06621339720302,2.20293891708398,71.08,1.32876382733755,5.84341590483928,0,3.77593626819508,-0.22999999999999954,-6.79211993613038,-1.2929467852657952
Azerbaijan,AZE,2013,4.97,2.41571745279419,5.84341590483928,71.485,1.29344702700591,2.79758521448559,0,3.6404769877553003,-0.22000000000000064,1.34950405559117,3.7082066279751897
Azerbaijan,AZE,2014,4.91,1.37344181533176,2.79758521448559,71.93,1.24820899735588,1.04954641215085,0,-3.0458306903536903,-0.05999999999999961,-1.04227563746243,0.297323148700805
Azerbaijan,AZE,2015,4.96,4.02768573742725,1.04954641215085,72.349,1.19120985807018,-3.06359842251706,1,-1.74803880233474,0.04999999999999982,2.65424392209549,-2.3969347463442148
Azerbaijan,AZE,2016,5.0,12.4433748584372,-3.06359842251706,72.568,1.11785721013911,0.153614661745507,0,-4.11314483466791,0.040000000000000036,8.415689121009951,-2.930591818501325
Azerbaijan,AZE,2017,5.0,12.9359184187334,0.153614661745507,72.694,0.98126180450475,1.50040167167313,0,3.217213084262567,0.0,0.49254356029620006,-0.44796587520267145
Azerbaijan,AZE,2018,4.9,2.26854690373999,1.50040167167313,73.016,0.866316916370841,2.47980879185565,0,1.3467870099276231,-0.09999999999999964,-10.66737151499341,2.282000047095095
Azerbaijan,AZE,2019,5.0,2.61057182799215,2.47980879185565,73.29,0.846646726414021,-4.19896065333343,1,0.9794071201825201,0.09999999999999964,0.34202492425216,1.1630970650550716
Azerbaijan,AZE,2020,7.24,2.75980947008127,-4.19896065333343,70.312,0.684365325388407,5.61644027150554,0,-6.678769445189079,2.24,0.14923764208911994,-2.8496811625032796
Azerbaijan,AZE,2021,6.04,6.65029912708778,5.61644027150554,70.999,0.441197735816311,4.71468033247649,0,9.815400924838968,-1.2000000000000002,3.8904896570065097,1.568315739824945
Azerbaijan,AZE,2022,5.65,13.8522590144267,4.71468033247649,74.125,0.039507866238038,1.35447749115767,0,-0.9017599390290494,-0.3899999999999997,7.20195988733892,4.45682049290496
Azerbaijan,AZE,2023,5.64,8.7854304984908,1.35447749115767,74.429,0.120242150339289,4.07140205008956,0,-3.36020284131882,-0.010000000000000675,-5.0668285159358994,-2.130981390173935
Azerbaijan,AZE,2024,5.648,2.21217188919901,4.07140205008956,74.576,0.480155257252915,,,2.7169245589318898,0.008000000000000007,-6.57325860929179,-0.32163914119346515
Burundi,BDI,2010,1.615,6.49326591473993,5.09373697323055,57.088,4.68101057302388,4.02442793864228,0,,,,
Burundi,BDI,2011,1.602,9.5921660597967,4.02442793864228,57.804,3.57769854786004,4.42303118490126,0,-1.0693090345882705,-0.0129999999999999,3.0989001450567697,
Burundi,BDI,2012,1.593,18.161045306545,4.42303118490126,58.501,3.56852147814432,4.92392485117456,0,0.3986032462589799,-0.009000000000000119,8.568879246748299,-0.3353528941646453
Burundi,BDI,2013,1.584,7.93795807492417,4.92392485117456,59.179,3.59186709345175,4.24490803087248,0,0.5008936662733001,-0.008999999999999897,-10.223087231620829,0.44974845626614
Burundi,BDI,2014,1.572,4.40535234185293,4.24490803087248,59.764,3.39447686677984,-0.404525595204191,1,-0.6790168203020794,-0.01200000000000001,-3.5326057330712404,-0.08906157701438966
Burundi,BDI,2015,1.449,5.54468891259779,-0.404525595204191,60.107,2.26851729292704,3.20017470604286,0,-4.6494336260766715,-0.123,1.1393365707448604,-2.6642252231893755
Burundi,BDI,2016,1.352,5.55768961400965,3.20017470604286,60.789,1.72186004024144,3.83185756925806,0,3.6047003012470507,-0.09699999999999998,0.01300070141186005,-0.5223666624148102
Burundi,BDI,2017,1.25,16.0525353030391,3.83185756925806,61.345,2.35048627086438,5.3422447312502,0,0.6316828632152003,-0.10200000000000009,10.49484568902945,2.1181915822311255
Burundi,BDI,2018,1.147,-2.81469807668465,5.3422447312502,61.806,3.01898182778662,4.45934202358784,0,1.5103871619921398,-0.10299999999999998,-18.86723337972375,1.07103501260367
Burundi,BDI,2019,1.043,-0.686772170797358,4.45934202358784,62.18,3.28367531420808,0.306443809481593,0,-0.8829027076623603,-0.10400000000000009,2.127925905887292,0.31374222716488975
Burundi,BDI,2020,1.03,7.3211064341552,0.306443809481593,62.569,2.9086530249822,3.23707479823578,0,-4.152898214106247,-0.0129999999999999,8.007878604952559,-2.517900460884303
Burundi,BDI,2021,1.118,8.4045384507634,3.23707479823578,62.101,2.72425539520386,2.31770122223331,0,2.930630988754187,0.08800000000000008,1.0834320166082003,-0.6111336126760298
Burundi,BDI,2022,0.909,18.8008786664944,2.31770122223331,62.882,2.70585008916716,3.254768974261,0,-0.9193735760024699,-0.20900000000000007,10.396340215730998,1.0056287063758584
Burundi,BDI,2023,0.911,26.9414835762453,3.254768974261,63.651,2.72764441044431,4.11227376264944,0,0.9370677520276902,0.0020000000000000018,8.140604909750902,0.008847088012610138
Burundi,BDI,2024,0.915,20.2124925027847,4.11227376264944,63.818,2.5839340108674,,,0.8575047883884395,0.0040000000000000036,-6.728991073460602,0.8972862702080648
Belgium,BEL,2010,8.293,2.18929920422458,2.71031150254662,80.1829268292683,0.913639391631709,1.93115502411325,0,,,,
Belgium,BEL,2011,7.14,3.5320821072274,1.93115502411325,80.5853658536585,1.3010029017038,0.215803612089744,0,-0.7791564784333698,-1.1529999999999996,1.3427829030028198,
Belgium,BEL,2012,7.542,2.83966343445899,0.215803612089744,80.3853658536585,0.620163579337378,0.305494549070232,0,-1.715351412023506,0.40200000000000014,-0.6924186727684098,-1.247253945228438
Belgium,BEL,2013,8.425,1.11309594027539,0.305494549070232,80.5878048780488,0.471340143966627,1.76554038149924,0,0.089690936980488,0.8830000000000009,-1.7265674941836,-0.8128302375215091
Belgium,BEL,2014,8.523,0.340002833356921,1.76554038149924,81.2878048780488,0.44392928847521,1.47416433731927,0,1.460045832429008,0.09799999999999898,-0.773093106918469,0.7748683847047481
Belgium,BEL,2015,8.482,0.561429152790157,1.47416433731927,80.9926829268293,0.579446241677791,1.19350273007754,0,-0.29137604417997,-0.04100000000000037,0.22142631943323604,0.584334894124519
Belgium,BEL,2016,7.83,1.97385264653162,1.19350273007754,81.4390243902439,0.506300002451376,1.47446761556785,0,-0.28066160724173006,-0.6519999999999992,1.4124234937414628,-0.28601882571085
Belgium,BEL,2017,7.09,2.12597086002616,1.47446761556785,81.4926829268293,0.385228018372369,1.87796847383565,0,0.28096488549030996,-0.7400000000000002,0.15211821349454024,0.0001516391242899484
Belgium,BEL,2018,5.941,2.05316499865177,1.87796847383565,81.5951219512195,0.455184695275022,2.4428900448156,0,0.4035008582677999,-1.149,-0.07280586137439027,0.34223287187905493
Belgium,BEL,2019,5.364,1.43681956996438,2.4428900448156,81.9951219512195,0.540461327098122,-4.7929839083518,1,0.56492157097995,-0.577,-0.61634542868739,0.48421121462387495
Belgium,BEL,2020,5.545,0.740791812220343,-4.7929839083518,80.6951219512195,0.430996815099722,6.25445686466593,0,-7.235873953167401,0.18100000000000005,-0.696027757744037,-3.3354761910937247
Belgium,BEL,2021,6.248,2.44024851144084,6.25445686466593,81.790243902439,0.411601996532257,3.9562379757933,0,11.04744077301773,0.7030000000000003,1.699456699220497,1.905783409925165
Belgium,BEL,2022,5.57,9.597511728725,3.9562379757933,81.7487804878049,0.808165350001861,1.71412195515242,0,-2.29821888887263,-0.6779999999999999,7.157263217284159,4.37461094207255
Belgium,BEL,2023,5.547,4.04901077613941,1.71412195515242,82.4,0.850263748167955,1.07045413019414,0,-2.2421160206408803,-0.023000000000000576,-5.54850095258559,-2.2701674547567547
Belgium,BEL,2024,5.7,3.14349136500041,1.07045413019414,82.3,0.66555918543206,,,-0.6436678249582801,0.15300000000000047,-0.9055194111389997,-1.4428919227995802
Benin,BEN,2010,1.04,2.20783532536523,2.11406472648392,58.387,2.98424162798508,2.96375291904201,0,,,,
Benin,BEN,2011,2.647,2.7042390774728,2.96375291904201,58.462,2.97782202797765,4.811223315688,0,0.8496881925580899,1.6069999999999998,0.49640375210756993,
Benin,BEN,2012,2.458,6.74468253340712,4.811223315688,58.559,2.96766540040992,7.19143372144946,0,1.8474703966459902,-0.1889999999999996,4.04044345593432,1.34857929460204
Benin,BEN,2013,2.198,0.428888888888883,7.19143372144946,58.863,2.94885160135819,6.35767909791932,0,2.38021040576146,-0.26000000000000023,-6.315793644518237,2.113840401203725
Benin,BEN,2014,1.952,-0.54875755094818,6.35767909791932,59.008,2.9550187594558,1.77815106030278,0,-0.8337546235301403,-0.246,-0.977646439837063,0.7732278911156598
Benin,BEN,2015,1.886,0.218785923536245,1.77815106030278,59.123,2.95391627666724,3.33967342629693,0,-4.57952803761654,-0.06600000000000006,0.7675434744844251,-2.70664133057334
Benin,BEN,2016,1.834,-0.793310145785624,3.33967342629693,59.283,2.92460216679542,5.67156195150444,0,1.5615223659941502,-0.051999999999999824,-1.012096069321869,-1.5090028358111949
Benin,BEN,2017,1.691,0.0432648555103608,5.67156195150444,59.528,2.88117869411855,6.69725362180888,0,2.33188852520751,-0.14300000000000002,0.8365750012959847,1.9467054456008301
Benin,BEN,2018,1.426,0.919170717886053,6.69725362180888,59.71,2.8136418840483,6.86568662848335,0,1.0256916703044396,-0.2650000000000001,0.8759058623756921,1.6787900977559749
Benin,BEN,2019,1.214,0.732849371241066,6.86568662848335,59.888,2.73538842831436,3.84879240030133,0,0.16843300667447014,-0.21199999999999997,-0.186321346644987,0.5970623384894549
Benin,BEN,2020,1.518,3.02272119663759,3.84879240030133,60.154,2.66259875153288,7.1554516457574,0,-3.01689422818202,0.30400000000000005,2.2898718253965242,-1.424230610753775
Benin,BEN,2021,1.833,1.73353962694035,7.1554516457574,59.61,2.59230167510348,6.25294705373625,0,3.30665924545607,0.31499999999999995,-1.28918156969724,0.1448825086370249
Benin,BEN,2022,1.685,1.35077863583527,6.25294705373625,60.475,2.54740926342667,6.3527773854442,0,-0.9025045920211499,-0.1479999999999999,-0.38276099110508,1.20207732671746
Benin,BEN,2023,1.641,2.73870078406074,6.3527773854442,60.774,2.52274772277722,7.45311566226201,0,0.09983033170794986,-0.04400000000000004,1.38792214822547,-0.4013371301566
Benin,BEN,2024,1.637,1.16093089640415,7.45311566226201,60.961,2.46175361912328,,,1.1003382768178103,-0.0040000000000000036,-1.57776988765659,0.6000843042628801
Burkina Faso,BFA,2010,3.725,-0.764230734676768,8.44628157707625,56.343,2.92577947499021,6.62256261306693,0,,,,
Burkina Faso,BFA,2011,3.827,2.75976724854534,6.62256261306693,57.001,2.95657078370668,6.45267237953146,0,-1.8237189640093208,0.10199999999999987,3.5239979832221078,
Burkina Faso,BFA,2012,3.849,3.8181524025238,6.45267237953146,57.457,3.0171707485343,5.79258484509867,0,-0.16989023353546973,0.02200000000000024,1.0583851539784601,-0.9968045987723952
Burkina Faso,BFA,2013,4.054,0.533738507090536,5.79258484509867,57.903,3.00083639274971,4.32684561452976,0,-0.6600875344327903,0.20500000000000007,-3.2844138954332642,-0.41498888398413003
Burkina Faso,BFA,2014,4.255,-0.258089517535291,4.32684561452976,58.331,2.9733794200807,3.9212287937935,0,-1.4657392305689099,0.20099999999999962,-0.7918280246258271,-1.06291338250085
Burkina Faso,BFA,2015,4.472,0.724838981070516,3.9212287937935,58.778,2.96196306547686,5.95797670754024,0,-0.40561682073626004,0.21700000000000053,0.9829284986058071,-0.935678025652585
Burkina Faso,BFA,2016,4.598,0.441041448058809,5.95797670754024,59.173,2.92508251378454,6.20348941121868,0,2.03674791374674,0.12599999999999945,-0.283797533011707,0.81556554650524
Burkina Faso,BFA,2017,4.662,1.48299897161325,6.20348941121868,59.578,2.85291595529266,6.60456906812341,0,0.2455127036784397,0.06400000000000006,1.041957523554441,1.14113030871259
Burkina Faso,BFA,2018,4.695,1.95594302672532,6.60456906812341,59.972,2.69713675384815,5.88920497068135,0,0.4010796569047299,0.03300000000000036,0.47294405511207005,0.3232961802915848
Burkina Faso,BFA,2019,4.493,-3.23338933983321,5.88920497068135,60.184,2.52989803984158,2.01077262406221,0,-0.7153640974420599,-0.20199999999999996,-5.18933236655853,-0.15714222026866498
Burkina Faso,BFA,2020,4.59,1.88470066518847,2.01077262406221,60.454,2.43522959287393,6.94252492572348,0,-3.8784323466191397,0.09699999999999953,5.1180900050216795,-2.2968982220306
Burkina Faso,BFA,2021,4.511,3.65326761825508,6.94252492572348,60.046,2.37649218888363,1.62673258211919,0,4.93175230166127,-0.07899999999999974,1.7685669530666102,0.526659977521065
Burkina Faso,BFA,2022,3.828,14.2902354303358,1.62673258211919,60.7,2.30907147387783,3.00027415814125,0,-5.31579234360429,-0.6830000000000003,10.63696781208072,-0.19202002097151005
Burkina Faso,BFA,2023,3.601,0.742910428668917,3.00027415814125,61.092,2.26973666268599,4.79980951667159,0,1.37354157602206,-0.22699999999999987,-13.547325001666882,-1.971125383791115
Burkina Faso,BFA,2024,3.441,4.19081721344523,4.79980951667159,61.292,2.24597728439097,,,1.7995353585303397,-0.16000000000000014,3.4479067847763134,1.5865384672762
Bangladesh,BGD,2010,3.379,8.12667639169917,5.57178818533122,68.009,0.876530534249878,6.46437912497728,0,,,,
Bangladesh,BGD,2011,3.737,11.3951651552399,6.46437912497728,68.499,0.908525895582217,6.52145877906443,0,0.8925909396460598,0.3580000000000001,3.268488763540729,
Bangladesh,BGD,2012,4.07,6.21750422069283,6.52145877906443,68.989,0.958355912717609,6.01360565834344,0,0.057079654087149656,0.3330000000000002,-5.177660934547069,0.47483529686660475
Bangladesh,BGD,2013,4.426,7.53040640913172,6.01360565834344,69.487,0.938408350120779,6.0610593588495,0,-0.5078531207209895,0.35599999999999987,1.3129021884388896,-0.22538673331691994
Bangladesh,BGD,2014,4.417,6.99163889220848,6.0610593588495,70.016,0.911167733810249,6.55263987816197,0,0.04745370050605935,-0.009000000000000341,-0.5387675169232402,-0.2301997101074651
Bangladesh,BGD,2015,4.397,6.19428022984983,6.55263987816197,70.543,0.89381937776758,7.11347821270093,0,0.49158051931247027,-0.019999999999999574,-0.7973586623586497,0.2695171099092648
Bangladesh,BGD,2016,4.35,5.51352572692995,7.11347821270093,71.075,0.892432416039535,6.59024999794057,0,0.5608383345389605,-0.0470000000000006,-0.6807545029198803,0.5262094269257154
Bangladesh,BGD,2017,4.372,5.70207015717238,6.59024999794057,71.606,0.850917315689336,7.31941263014136,0,-0.5232282147603602,0.02200000000000024,0.1885444302424304,0.018805059889300146
Bangladesh,BGD,2018,4.439,5.54362139486476,7.31941263014136,72.122,0.820955197842845,7.88191515117722,0,0.72916263220079,0.06700000000000017,-0.15844876230761962,0.10296720872021492
Bangladesh,BGD,2019,4.504,5.59199639930629,7.88191515117722,72.625,0.84641125179804,3.44801755122445,0,0.5625025210358601,0.0649999999999995,0.04837500444152987,0.645832576618325
Bangladesh,BGD,2020,5.539,5.69107474746211,3.44801755122445,71.421,0.836310836229073,6.93867912442445,0,-4.43389759995277,1.0350000000000001,0.09907834815582017,-1.935697539458455
Bangladesh,BGD,2021,5.457,5.54565430773473,6.93867912442445,71.103,0.814977993693211,7.09982877575158,0,3.4906615731999997,-0.08199999999999985,-0.1454204397273804,-0.4716180133763852
Bangladesh,BGD,2022,4.593,7.69695437176898,7.09982877575158,74.265,1.02423384746683,5.77511237007889,0,0.16114965132713,-0.8639999999999999,2.15130006403425,1.8259056122635648
Bangladesh,BGD,2023,3.352,9.8835030377921,5.77511237007889,74.672,1.22171475464107,4.22325911250161,0,-1.3247164056726897,-1.241,2.1865486660231195,-0.5817833771727798
Bangladesh,BGD,2024,3.635,10.4657482763412,4.22325911250161,74.93,1.21462115417186,,,-1.5518532575772799,0.2829999999999999,0.5822452385491008,-1.4382848316249848
Bulgaria,BGR,2010,10.279,2.43899060504117,1.55535979911015,73.5121951219512,-0.658275446635908,2.09017507758604,0,,,,
Bulgaria,BGR,2011,11.26,4.21990346601872,2.09017507758604,74.1634146341463,-0.641228920515067,0.748815411928831,0,0.5348152784758902,0.9809999999999999,1.78091286097755,
Bulgaria,BGR,2012,12.27,2.95456829831012,0.748815411928831,74.3146341463415,-0.579220596364389,-0.542751388861134,1,-1.341359665657209,1.0099999999999998,-1.2653351677086002,-0.40327219359065947
Bulgaria,BGR,2013,12.941,0.890093540913096,-0.542751388861134,74.8609756097561,-2.01699190933907,0.949449090947894,0,-1.291566800789965,0.6710000000000012,-2.064474757397024,-1.316463233223587
Bulgaria,BGR,2014,11.424,-1.41818380264839,0.949449090947894,74.4658536585366,-1.21450935947823,3.39755336780412,0,1.492200479809028,-1.5170000000000012,-2.308277343561486,0.10031683950953144
Bulgaria,BGR,2015,9.143,-0.104633261008479,3.39755336780412,74.6146341463415,-1.2711551188344,3.02662841229517,0,2.448104276856226,-2.280999999999999,1.313550541639911,1.970152378332627
Bulgaria,BGR,2016,7.575,-0.798649886453617,3.02662841229517,74.8121951219512,-1.29824041616821,2.74592676054861,0,-0.37092495550894977,-1.5680000000000005,-0.694016625445138,1.038589660673638
Bulgaria,BGR,2017,6.164,2.06159619443141,2.74592676054861,74.8146341463415,-1.32391481752631,2.33015213407045,0,-0.2807016517465599,-1.4110000000000005,2.8602460808850267,-0.32581330362775485
Bulgaria,BGR,2018,5.211,2.81454473824838,2.33015213407045,74.9634146341464,-1.3714611289258,3.79331765354152,0,-0.4157746264781603,-0.9529999999999994,0.7529485438169701,-0.3482381391123601
Bulgaria,BGR,2019,4.148,3.10372944796771,3.79331765354152,75.1121951219512,-1.41171852077109,-3.13323303076419,1,1.4631655194710702,-1.0630000000000006,0.2891847097193301,0.5236954464964549
Bulgaria,BGR,2020,5.037,1.67244096855756,-3.13323303076419,73.3560975609756,-1.00293821352921,7.82817232822165,0,-6.92655068430571,0.8890000000000002,-1.43128847941015,-2.7316925824173204
Bulgaria,BGR,2021,5.166,3.29774435299506,7.82817232822165,71.2121951219512,-0.664652622488209,4.0838640915123,0,10.96140535898584,0.12900000000000045,1.6253033844375,2.0174273373400653
Bulgaria,BGR,2022,4.148,15.3252589264367,4.0838640915123,74.1609756097561,-0.650676134087796,1.68151074972904,0,-3.74430823670935,-1.0180000000000007,12.027514573441639,3.608548561138245
Bulgaria,BGR,2023,4.319,9.44284140088564,1.68151074972904,75.7560975609756,-0.286577641861364,3.38709063847314,0,-2.40235334178326,0.17100000000000026,-5.882417525551059,-3.073330789246305
Bulgaria,BGR,2024,4.2,2.44651943006078,3.38709063847314,75.7609756097561,-0.0803071609561488,,,1.7055798887440998,-0.11899999999999977,-6.9963219708248605,-0.34838672651958014
Bahrain,BHR,2010,1.13,1.96188468334623,4.3342989754845,78.593,4.16585991920366,1.92815791170796,0,,,,
Bahrain,BHR,2011,1.21,-0.40004069748808,1.92815791170796,79.141,-2.76659927564461,3.80302899043062,0,-2.40614106377654,0.08000000000000007,-2.36192538083431,
Bahrain,BHR,2012,1.2,2.75739669962979,3.80302899043062,79.622,1.1600872869288,5.29262224906203,0,1.8748710787226601,-0.010000000000000009,3.15743739711787,-0.2656349925269399
Bahrain,BHR,2013,1.184,3.30001156888442,5.29262224906203,79.998,3.59293039406627,4.30885692657077,0,1.4895932586314102,-0.016000000000000014,0.54261486925463,1.6822321686770352
Bahrain,BHR,2014,1.144,2.64755321246188,4.30885692657077,80.214,4.78104318433597,2.50787205267615,0,-0.9837653224912604,-0.040000000000000036,-0.6524583564225401,0.25291396807007493
Bahrain,BHR,2015,1.164,1.84862742374976,2.50787205267615,80.338,4.15422184212278,3.81499327422425,0,-1.80098487389462,0.020000000000000018,-0.7989257887121199,-1.3923750981929401
Bahrain,BHR,2016,1.19,2.78679347602044,3.81499327422425,80.407,3.82316300255316,4.95383534123657,0,1.3071212215480998,0.026000000000000023,0.9381660522706798,-0.24693182617326004
Bahrain,BHR,2017,1.18,1.38671830576406,4.95383534123657,80.407,5.29314527321994,2.05258864979861,0,1.1388420670123205,-0.010000000000000009,-1.4000751702563798,1.2229816442802102
Bahrain,BHR,2018,1.188,2.08766938046978,2.05258864979861,80.412,0.131482303617889,2.05287774418655,0,-2.90124669143796,0.008000000000000007,0.7009510747057202,-0.8812023122128199
Bahrain,BHR,2019,1.217,1.00582004702136,2.05287774418655,80.471,-1.29469437720599,-5.9113629524152,1,0.00028909438793967013,0.029000000000000137,-1.08184933344842,-1.4504787985250103
Bahrain,BHR,2020,1.765,-2.31770629331378,-5.9113629524152,78.683,-0.781611308056263,4.35004091668986,0,-7.964240696601749,0.5479999999999998,-3.3235263403351403,-3.9819758011069046
Bahrain,BHR,2021,1.548,-0.60631938514085,4.35004091668986,78.083,2.16102845934147,6.18016125475185,0,10.26140386910506,-0.21699999999999986,1.7113869081729303,1.1485815862516549
Bahrain,BHR,2022,1.265,3.62574104304482,6.18016125475185,80.992,1.34221960637543,3.87811614845566,0,1.83012033806199,-0.28300000000000014,4.23206042818567,6.045762103583525
Bahrain,BHR,2023,1.049,0.0746206782192255,3.87811614845566,81.284,3.37686417721007,2.60379670648454,0,-2.3020451062961897,-0.21599999999999997,-3.5511203648255942,-0.2359623841170999
Bahrain,BHR,2024,1.084,0.919635459817651,2.60379670648454,81.423,0.733546811160036,,,-1.27431944197112,0.03500000000000014,0.8450147815984256,-1.7881822741336548
"Bahamas, The",BHS,2010,14.435,1.34402738392835,1.53866248693835,73.449,1.27841716584672,0.613170735890648,0,,,,
"Bahamas, The",BHS,2011,14.52,3.1987814166032,0.613170735890648,73.571,1.15016412529445,4.52003886739061,0,-0.9254917510477021,0.08499999999999908,1.8547540326748497,
"Bahamas, The",BHS,2012,14.02,1.97336755976254,4.52003886739061,73.707,1.00108170366546,-2.86320081549439,1,3.9068681314999614,-0.5,-1.2254138568406598,1.4906881902261298
"Bahamas, The",BHS,2013,16.18,0.722414784530551,-2.86320081549439,73.93,0.923627563339724,1.8469701294558,0,-7.383239682885,2.16,-1.2509527752319891,-1.7381857756925192
"Bahamas, The",BHS,2014,13.8,1.51375643050831,1.8469701294558,74.029,0.878822235669929,0.997411675486745,0,4.710170944950191,-2.379999999999999,0.791341645977759,-1.336534368967405
"Bahamas, The",BHS,2015,12.0,1.86148302863371,0.997411675486745,73.805,0.794122280116855,-1.15650811269629,1,-0.849558453969055,-1.8000000000000007,0.3477265981254001,1.9303062454905677
"Bahamas, The",BHS,2016,12.7,-0.346376929989396,-1.15650811269629,74.042,0.700545015838571,3.3713988456489,0,-2.153919788183035,0.6999999999999993,-2.2078599586231062,-1.501739121076045
"Bahamas, The",BHS,2017,9.8,1.51820700736147,3.3713988456489,74.031,0.624247409539043,2.39795510823548,0,4.52790695834519,-2.8999999999999986,1.864583937350866,1.1869935850810773
"Bahamas, The",BHS,2018,10.0,2.26586346678735,2.39795510823548,74.062,0.569969444023085,-0.838585871193203,1,-0.9734437374134197,0.1999999999999993,0.7476564594258801,1.777231610465885
"Bahamas, The",BHS,2019,9.336,2.49123527368045,-0.838585871193203,71.408,0.497339072752345,-20.0893664891399,1,-3.2365409794286832,-0.6639999999999997,0.22537180689309988,-2.1049923584210517
"Bahamas, The",BHS,2020,12.016,0.0385210980054557,-20.0893664891399,72.994,0.300555038290333,17.5861390037409,0,-19.250780617946695,2.6799999999999997,-2.4527141756749944,-11.243660798687689
"Bahamas, The",BHS,2021,11.078,2.90491262928478,17.5861390037409,70.752,0.128749531818761,10.8779009410268,0,37.6755054928808,-0.9380000000000006,2.8663915312793242,9.212362437467052
"Bahamas, The",BHS,2022,9.25,5.60540633583043,10.8779009410268,74.491,0.293483989063331,3.04824180553773,0,-6.7082380627141,-1.8279999999999994,2.70049370654565,15.48363371508335
"Bahamas, The",BHS,2023,8.645,3.05291578969742,3.04824180553773,74.552,0.477303918283875,3.37866553336166,0,-7.82965913548907,-0.6050000000000004,-2.5524905461330096,-7.268948599101585
"Bahamas, The",BHS,2024,9.049,0.409162489083286,3.37866553336166,74.71,0.460334786075668,,,0.33042372782393015,0.4039999999999999,-2.643753300614134,-3.7496177038325698
Bosnia and Herzegovina,BIH,2010,27.312,1.99621236745886,0.865667236280544,76.827,-1.77665932121615,0.959511709726897,0,,,,
Bosnia and Herzegovina,BIH,2011,27.582,3.67125,0.959511709726897,76.963,-1.84492216631166,-0.821837252962993,1,0.09384447344635305,0.2699999999999996,1.67503763254114,
Bosnia and Herzegovina,BIH,2012,28.01,2.05267452001717,-0.821837252962993,77.037,-1.93437927837206,2.34985873172397,0,-1.78134896268989,0.4280000000000008,-1.6185754799828302,-0.8437522446217686
Bosnia and Herzegovina,BIH,2013,27.49,-0.0930456838317588,2.34985873172397,77.129,-1.62767576055568,1.15384793371298,0,3.1716959846869632,-0.5200000000000031,-2.1457202038489287,0.6951735109985366
Bosnia and Herzegovina,BIH,2014,27.517,-0.897194054194333,1.15384793371298,77.089,-1.2829607801223,4.28413016137854,0,-1.1960107980109902,0.027000000000001023,-0.8041483703625741,0.9878425933379865
Bosnia and Herzegovina,BIH,2015,27.695,-1.03602303425474,4.28413016137854,77.073,-1.30696713269434,3.24225822231566,0,3.1302822276655604,0.17800000000000082,-0.13882898006040711,0.967135714827285
Bosnia and Herzegovina,BIH,2016,25.408,-1.58410000000001,3.24225822231566,77.124,-1.30267774814121,3.24409895306594,0,-1.04187193906288,-2.286999999999999,-0.54807696574527,1.04420514430134
Bosnia and Herzegovina,BIH,2017,20.527,0.810133321953038,3.24409895306594,77.385,-1.28437067954589,3.82900399349064,0,0.0018407307502799064,-4.881,2.394233321953048,-0.5200156041563
Bosnia and Herzegovina,BIH,2018,18.4,1.41710814018033,3.82900399349064,77.942,-1.22313569369776,2.88585242083978,0,0.5849050404247,-2.1270000000000024,0.606974818227292,0.29337288558749
Bosnia and Herzegovina,BIH,2019,15.692,0.56278215406123,2.88585242083978,77.394,-1.23185506471358,-3.01509335460439,1,-0.9431515726508599,-2.7079999999999984,-0.8543259861191,-0.17912326611307994
Bosnia and Herzegovina,BIH,2020,15.868,-1.05129600763489,-3.01509335460439,76.04,-1.39008469041609,7.39164256472846,0,-5.90094577544417,0.17600000000000016,-1.6140781616961202,-3.422048674047515
Bosnia and Herzegovina,BIH,2021,14.897,1.98163900587622,7.39164256472846,74.567,-1.66384860150923,4.22681333390325,0,10.40673591933285,-0.9710000000000001,3.03293501351111,2.2528950719443395
Bosnia and Herzegovina,BIH,2022,12.657,14.0208440826771,4.22681333390325,76.777,-1.24363802761194,1.99439414850893,0,-3.1648292308252097,-2.24,12.03920507680088,3.62095334425382
Bosnia and Herzegovina,BIH,2023,10.668,6.1059011284828,1.99439414850893,77.85,-0.617510129445164,2.9715174617652,0,-2.2324191853943196,-1.9890000000000008,-7.9149429541942995,-2.6986242081097647
Bosnia and Herzegovina,BIH,2024,10.69,1.69212733599723,2.9715174617652,78.044,-0.655819991673837,,,0.9771233132562698,0.02200000000000024,-4.41377379248557,-0.627647936069025
Belarus,BLR,2010,6.052,7.735748043125,7.75001707500896,70.4048780487805,-0.218522755959381,5.54997471638077,0,,,,
Belarus,BLR,2011,6.024,53.2286983118174,5.54997471638077,70.5536585365854,-0.234282914157686,1.70785253368828,0,-2.20004235862819,-0.02799999999999958,45.492950268692404,
Belarus,BLR,2012,5.962,59.2197360232518,1.70785253368828,71.9658536585366,-0.156617600248906,0.998719299661161,0,-3.8421221826924894,-0.06200000000000028,5.9910377114343945,-3.0210822706603397
Belarus,BLR,2013,5.942,18.3122610377873,0.998719299661161,72.4707317073171,-0.0383800002667846,1.65112470228097,0,-0.7091332340271189,-0.019999999999999574,-40.907474985464496,-2.275627708359804
Belarus,BLR,2014,5.908,18.1195543526734,1.65112470228097,72.9707317073171,0.056151567510169,-3.82957056812593,1,0.6524054026198091,-0.03399999999999981,-0.192706685113901,-0.02836391570365493
Belarus,BLR,2015,5.881,13.5344897649734,-3.82957056812593,73.6243902439025,0.132853236725342,-2.5264464460425,1,-5.4806952704069,-0.027000000000000135,-4.5850645877,-2.4141449338935455
Belarus,BLR,2016,5.844,11.8365807653496,-2.5264464460425,73.8268292682927,0.0877210878706449,2.53218349471909,0,1.3031241220834304,-0.03699999999999992,-1.6979089996238006,-2.0887855741617347
Belarus,BLR,2017,5.648,6.03183725177785,2.53218349471909,74.1292682926829,-0.109782322950581,3.14919758275296,0,5.058629940761589,-0.19600000000000062,-5.804743513571751,3.18087703142251
Belarus,BLR,2018,4.763,4.87230220550689,3.14919758275296,74.1756097560976,-0.213824206997671,1.44645548204305,0,0.6170140880338701,-0.8849999999999998,-1.1595350462709595,2.83782201439773
Belarus,BLR,2019,4.165,5.59815595039853,1.44645548204305,74.2268292682927,-0.201786600970723,-0.672742918585868,1,-1.7027421007099102,-0.5979999999999999,0.7258537448916398,-0.54286400633802
Belarus,BLR,2020,4.049,5.5481435745651,-0.672742918585868,72.1385609756098,-0.42347525027949,2.43886210234947,0,-2.119198400628918,-0.11599999999999966,-0.05001237583342988,-1.910970250669414
Belarus,BLR,2021,3.9,9.46028389623105,2.43886210234947,72.0714634146342,-0.82823272086807,-4.65839591328999,1,3.111605020935338,-0.14900000000000047,3.9121403216659507,0.49620331015321006
Belarus,BLR,2022,3.574,15.2096752740809,-4.65839591328999,74.1033658536585,-0.804228426880244,4.12654007153881,0,-7.09725801563946,-0.32600000000000007,5.749391377849848,-1.992826497352061
Belarus,BLR,2023,3.461,5.00059903091312,4.12654007153881,74.1837804878049,-0.540824986374776,4.00984852465452,0,8.784935984828799,-0.11299999999999999,-10.209076243167779,0.8438389845946699
Belarus,BLR,2024,3.458,5.78531910427998,4.00984852465452,74.3653414634147,-0.49881794290787,,,-0.11669154688429018,-0.0029999999999996696,0.7847200733668593,4.334122218972254
Belize,BLZ,2010,8.412,0.917977378808887,1.41741099233461,70.875,2.41171251993503,-0.13007112300869,1,,,,
Belize,BLZ,2011,8.424,1.602056156402,-0.13007112300869,70.975,2.17847430341063,3.94389321816617,0,-1.5474821153433,0.011999999999998678,0.684078777593113,
Belize,BLZ,2012,8.378,1.30058074547858,3.94389321816617,71.134,2.15086754763262,4.06646561608865,0,4.07396434117486,-0.045999999999999375,-0.3014754109234199,1.26324111291578
Belize,BLZ,2013,8.349,0.50974776898322,4.06646561608865,71.276,2.13397522406827,3.89226067249989,0,0.1225723979224802,-0.028999999999999915,-0.79083297649536,2.09826836954867
Belize,BLZ,2014,8.244,1.20139964481057,3.89226067249989,71.437,2.11317688838933,2.7602602736023,0,-0.17420494358876049,-0.10500000000000043,0.6916518758273499,-0.02581627283314014
Belize,BLZ,2015,7.578,-0.861584009427747,2.7602602736023,71.647,2.10144194153298,-0.0187414958130319,1,-1.1320003988975897,-0.6659999999999995,-2.062983654238317,-0.6531026712431751
Belize,BLZ,2016,7.0,0.663427167917601,-0.0187414958130319,71.843,2.32231207163985,-1.83323729057784,1,-2.779001769415332,-0.5780000000000003,1.525011177345348,-1.9555010841564608
Belize,BLZ,2017,6.596,1.14765339305816,-1.83323729057784,72.062,2.30310203964335,0.822068592512508,0,-1.8144957947648082,-0.4039999999999999,0.484226225140559,-2.29674878209007
Belize,BLZ,2018,9.346,0.269982622646335,0.822068592512508,72.322,1.86459847610366,4.25658710030072,0,2.6553058830903478,2.75,-0.8776707704118251,0.4204050441627699
Belize,BLZ,2019,9.053,0.187069385181424,4.25658710030072,72.577,1.46284533510266,-13.5228997055506,1,3.434518507788212,-0.29299999999999926,-0.082913237464911,3.0449121954392804
Belize,BLZ,2020,10.763,0.121434644614893,-13.5228997055506,71.58,1.28323598131052,17.9899244143607,0,-17.77948680585132,1.709999999999999,-0.06563474056653099,-7.172484149031554
Belize,BLZ,2021,10.302,3.2356365923707,17.9899244143607,70.917,1.1534704907648,9.25051329530994,0,31.5128241199113,-0.4610000000000003,3.114201947755807,6.86666865702999
Belize,BLZ,2022,8.682,6.27689319447543,9.25051329530994,72.19,1.85124805102003,0.500127941638667,0,-8.73941111905076,-1.6199999999999992,3.04125660210473,11.38670650043027
Belize,BLZ,2023,8.278,4.38984017487674,0.500127941638667,73.566,2.05772774277288,3.50466435023895,0,-8.750385353671273,-0.4039999999999999,-1.8870530195986897,-8.744898236361017
Belize,BLZ,2024,8.698,3.28955985952768,3.50466435023895,73.739,1.44077799785791,,,3.004536408600283,0.41999999999999993,-1.1002803153490603,-2.872924472535495
Bolivia,BOL,2010,2.609,2.5032760584424,4.12672259105658,66.003,1.64440681785103,5.20409244308591,0,,,,
Bolivia,BOL,2011,2.255,9.88446419823883,5.20409244308591,66.282,1.62276978666345,5.12227558091767,0,1.0773698520293307,-0.3540000000000001,7.381188139796429,
Bolivia,BOL,2012,2.066,4.51560291399375,5.12227558091767,66.586,1.59965176170266,6.79601142810857,0,-0.08181686216824069,-0.18900000000000006,-5.368861284245079,0.497776494930545
Bolivia,BOL,2013,2.437,5.73640023719606,6.79601142810857,66.777,1.57374447646261,5.46056950635116,0,1.6737358471909003,0.371,1.2207973232023095,0.7959594925113298
Bolivia,BOL,2014,2.021,5.76660074579143,5.46056950635116,66.97,1.54455877769864,4.8571871797142,0,-1.3354419217574103,-0.4159999999999999,0.030200508595370046,0.169146962716745
Bolivia,BOL,2015,3.111,4.05961041135644,4.8571871797142,67.205,1.51686119793977,4.26392086382097,0,-0.60338232663696,1.0900000000000003,-1.7069903344349902,-0.9694121241971851
Bolivia,BOL,2016,3.498,3.62321431764138,4.26392086382097,67.392,1.48970583998181,4.19520633360403,0,-0.5932663158932296,0.387,-0.43639609371505994,-0.5983243212650948
Bolivia,BOL,2017,3.655,2.8227580554717,4.19520633360403,67.536,1.46124572329841,2.86808404814794,0,-0.06871453021693963,0.15699999999999958,-0.8004562621696798,-0.33099042305508464
Bolivia,BOL,2018,3.519,2.27205987230154,2.86808404814794,67.699,1.43337090655267,1.50672102666863,0,-1.3271222854560905,-0.13599999999999968,-0.5506981831701601,-0.697918407836515
Bolivia,BOL,2019,3.682,1.83954504969025,1.50672102666863,67.82,1.40657823805422,-12.7194690092717,1,-1.36136302147931,0.1629999999999998,-0.43251482261129004,-1.3442426534677003
Bolivia,BOL,2020,7.903,0.940742153381849,-12.7194690092717,62.906,1.23396442673807,10.0290488827886,0,-14.22619003594033,4.221,-0.8988028963084009,-7.79377652870982
Bolivia,BOL,2021,5.089,0.737383721452274,10.0290488827886,61.427,1.01931284088344,3.74741781241461,0,22.7485178920603,-2.813999999999999,-0.20335843192957492,4.261163928059985
Bolivia,BOL,2022,3.552,1.74632872945968,3.74741781241461,67.434,1.16425907336882,2.51636590154891,0,-6.281631070373991,-1.5370000000000004,1.008945008007406,8.233443410843154
Bolivia,BOL,2023,3.024,2.57688800489192,2.51636590154891,68.581,1.37334382280772,-1.12335595517212,1,-1.2310519108656997,-0.528,0.83055927543224,-3.756341490619845
Bolivia,BOL,2024,3.274,5.09976568317427,-1.12335595517212,68.739,1.37206798819615,,,-3.63972185672103,0.25,2.5228776782823497,-2.435386883793365
Brazil,BRA,2010,8.42,5.03872690108074,7.52822581812151,73.779,0.84088322514573,3.97442307944702,0,,,,
Brazil,BRA,2011,7.578,6.6364496221309,3.97442307944702,74.047,0.81381388423754,1.92117598509462,0,-3.55380273867449,-0.8419999999999996,1.59772272105016,
Brazil,BRA,2012,7.251,5.40349914036997,1.92117598509462,74.335,0.811598483382088,3.0048226702888,0,-2.0532470943524,-0.32699999999999996,-1.2329504817609305,-2.803524916513445
Brazil,BRA,2013,7.071,6.204310666401,3.0048226702888,74.609,0.810511647523289,0.503955740273241,0,1.08364668519418,-0.1800000000000006,0.8008115260310298,-0.48480020457911
Brazil,BRA,2014,6.755,6.32904015516138,0.503955740273241,74.823,0.806314177734439,-3.54576339347278,1,-2.500866930015559,-0.31599999999999984,0.12472948876038004,-0.7086101224106894
Brazil,BRA,2015,8.538,9.02990102416136,-3.54576339347278,75.106,0.791721773592796,-3.2759169063211,1,-4.049719133746021,1.7830000000000004,2.70086086899998,-3.27529303188079
Brazil,BRA,2016,11.58,8.73914352329393,-3.2759169063211,75.081,0.761972670496742,1.32286905390815,0,0.26984648715168014,3.042,-0.29075750086743035,-1.8899363232971704
Brazil,BRA,2017,12.792,3.44637335032669,1.32286905390815,75.383,0.72824666001736,1.78366676137003,0,4.59878596022925,1.2119999999999997,-5.29277017296724,2.434316223690465
Brazil,BRA,2018,12.329,3.66485028376728,1.78366676137003,75.633,0.683439571425594,1.22077782271943,0,0.4607977074618801,-0.4629999999999992,0.21847693344059005,2.529791833845565
Brazil,BRA,2019,11.936,3.73297621216893,1.22077782271943,75.809,0.651994346081362,-3.27675879612903,1,-0.5628889386506002,-0.3930000000000007,0.06812592840165,-0.05104561559436005
Brazil,BRA,2020,13.697,3.21176803803376,-3.27675879612903,74.506,0.579350709708032,4.7626043797061,0,-4.49753661884846,1.7609999999999992,-0.52120817413517,-2.53021277874953
Brazil,BRA,2021,13.158,8.30165975585673,4.7626043797061,73.038,0.425360907216456,3.01669435408112,0,8.03936317583513,-0.5389999999999997,5.089891717822971,1.770913278493335
Brazil,BRA,2022,9.231,9.28010608956872,3.01669435408112,74.872,0.360180890872169,3.24165532813583,0,-1.7459100256249798,-3.9269999999999996,0.9784463337119895,3.1467265751050753
Brazil,BRA,2023,7.947,4.59356282283203,3.24165532813583,75.848,0.395928695574996,3.41931516597739,0,0.2249609740547096,-1.2839999999999998,-4.68654326673669,-0.7604745257851351
Brazil,BRA,2024,6.801,4.36746407652336,3.41931516597739,76.023,0.405467027627251,,,0.17765983784156036,-1.146,-0.22609874630867033,0.20131040594813499
Barbados,BRB,2010,10.69,5.82421853311866,-2.21771085628247,75.488,0.407743308362451,-0.310320187825369,1,,,,
Barbados,BRB,2011,11.19,9.4322024017722,-0.310320187825369,75.599,0.325001827653213,-3.41390821153806,1,1.9073906684571011,0.5,3.60798386865354,
Barbados,BRB,2012,11.59,4.53334753888774,-3.41390821153806,75.737,0.288929228963865,-1.771174940631,1,-3.103588023712691,0.40000000000000036,-4.89885486288446,-0.598098677627795
Barbados,BRB,2013,11.55,1.81410436049096,-1.771174940631,75.816,0.26216966601587,0.752615446604594,0,1.6427332709070601,-0.03999999999999915,-2.7192431783967796,-0.7304273764028155
Barbados,BRB,2014,12.17,1.76950322089728,0.752615446604594,75.926,0.245677832545378,-1.17048018967635,1,2.523790387235594,0.6199999999999992,-0.04460113959367984,2.083261829071327
Barbados,BRB,2015,9.803,-1.11278992510958,-1.17048018967635,76.055,0.230380947989644,1.49650622520576,0,-1.923095636280944,-2.366999999999999,-2.88229314600686,0.30034737547732504
Barbados,BRB,2016,8.247,1.28192813061895,1.49650622520576,76.168,0.217691837314076,0.708386729317951,0,2.6669864148821096,-1.556000000000001,2.3947180557285304,0.37194538930058296
Barbados,BRB,2017,8.62,4.66018463955995,0.708386729317951,76.237,0.204727378663704,-1.2760241773002,1,-0.7881194958878089,0.37299999999999933,3.378256508941,0.9394334594971505
Barbados,BRB,2018,8.321,3.1060057242059,-1.2760241773002,76.378,0.192553930005438,0.227712137486577,0,-1.9844109066181508,-0.2989999999999995,-1.5541789153540502,-1.38626520125298
Barbados,BRB,2019,8.41,1.67662473276987,0.227712137486577,76.495,0.176538259610281,-14.3647119341564,1,1.5037363147867768,0.08900000000000041,-1.4293809914360298,-0.24033729591568698
Barbados,BRB,2020,10.586,2.05426581325898,-14.3647119341564,76.647,0.174452216457154,-0.0967779613221893,1,-14.592424071642977,2.176,0.37764108048911016,-6.5443438784281
Barbados,BRB,2021,11.015,2.4319068937480903,-0.0967779613221893,76.58,0.159263661079578,17.2264626793379,0,14.26793397283421,0.42900000000000027,0.37764108048911016,-0.16224504940438322
Barbados,BRB,2022,7.261,2.8095479742372,17.2264626793379,75.676,0.0605883465692588,2.914357359625,0,17.32324064066009,-3.7540000000000004,0.3776410804891097,15.79558730674715
Barbados,BRB,2023,6.54,3.18718905472631,2.914357359625,76.178,0.00637558575909917,2.4822621396186,0,-14.312105319712899,-0.7210000000000001,0.37764108048911016,1.5055676604735946
Barbados,BRB,2024,6.448,1.44643664306159,2.4822621396186,76.332,0.0463878564204179,,,-0.43209522000639966,-0.09199999999999964,-1.7407524116647202,-7.37210026985965
Brunei Darussalam,BRN,2010,6.487,0.35686913201756,2.74136439456163,74.82,1.89897689252094,3.74440625524871,0,,,,
Brunei Darussalam,BRN,2011,6.506,0.13791156316954,3.74440625524871,74.835,1.78274591747739,0.913135189664487,0,1.00304186068708,0.019000000000000128,-0.21895756884801998,
Brunei Darussalam,BRN,2012,6.571,0.111766261400306,0.913135189664487,74.843,1.53255515873327,-2.12478292664558,1,-2.8312710655842226,0.0649999999999995,-0.026145301769234006,-0.9141146024485715
Brunei Darussalam,BRN,2013,6.709,0.389205053123632,-2.12478292664558,74.854,1.38231470645459,-2.50788727590711,1,-3.037918116310067,0.1379999999999999,0.27743879172332603,-2.934594590947145
Brunei Darussalam,BRN,2014,6.862,-0.207108731719822,-2.50788727590711,74.862,1.34019436885468,-0.392383749502031,1,-0.3831043492615298,0.15300000000000047,-0.596313784843454,-1.7105112327857985
Brunei Darussalam,BRN,2015,7.703,-0.488347420743522,-0.392383749502031,74.88,1.30210359279592,-2.47791771833224,1,2.115503526405079,0.8410000000000002,-0.2812386890237,0.8661995885717745
Brunei Darussalam,BRN,2016,8.537,-0.278693265753083,-2.47791771833224,74.905,1.25964272152269,1.32872661057823,0,-2.0855339688302093,0.8340000000000005,0.209654154990439,0.014984778787434871
Brunei Darussalam,BRN,2017,9.316,-1.2605056462896,1.32872661057823,74.943,1.2107045656128,0.0523710418528935,0,3.80664432891047,0.7789999999999999,-0.9818123805365171,0.8605551800401305
Brunei Darussalam,BRN,2018,8.7,1.02505179290212,0.0523710418528935,74.992,1.15739958778106,3.86884436177075,0,-1.2763555687253365,-0.6160000000000014,2.28555743919172,1.2651443800925666
Brunei Darussalam,BRN,2019,6.6,-0.390522069165529,3.86884436177075,75.049,1.10621350885567,1.1335733495246,0,3.8164733199178564,-2.0999999999999996,-1.415573862067649,1.27005887559626
Brunei Darussalam,BRN,2020,7.409,1.94031996607183,1.1335733495246,75.114,1.06148281648515,-1.59076260099606,1,-2.73527101224615,0.8090000000000002,2.330842035237359,0.5406011538358533
Brunei Darussalam,BRN,2021,4.905,1.73341388450593,-1.59076260099606,74.869,0.96027430523198,-1.62833154515108,1,-2.7243359505206604,-2.5039999999999996,-0.20690608156590007,-2.7298034813834047
Brunei Darussalam,BRN,2022,5.191,3.68225030604215,-1.62833154515108,72.917,0.804554269312164,1.12764418162719,0,-0.03756894415501999,0.2859999999999996,1.9488364215362202,-1.38095244733784
Brunei Darussalam,BRN,2023,5.296,0.35706431153689,1.12764418162719,75.327,0.782881746925984,4.05251709306727,0,2.75597572677827,0.10500000000000043,-3.32518599450526,1.359203391311625
Brunei Darussalam,BRN,2024,5.18,-0.38867416503646,4.05251709306727,75.501,0.81851878860359,,,2.9248729114400804,-0.11600000000000055,-0.74573847657335,2.840424319109175
Bhutan,BTN,2010,3.32,7.03638316073018,11.9318738376229,68.765,1.0954380761045,8.4892584842808,0,,,,
Bhutan,BTN,2011,3.23,8.848985699468,8.4892584842808,69.28,1.0978069996978,5.16482012683895,0,-3.4426153533421004,-0.08999999999999986,1.8126025387378206,
Bhutan,BTN,2012,2.05,10.919656944683,5.16482012683895,69.759,1.10777662014052,1.73634039505693,0,-3.32443835744185,-1.1800000000000002,2.0706712452149993,-3.3835268553919753
Bhutan,BTN,2013,2.87,8.77638345268212,1.73634039505693,70.161,1.10832494505463,5.88108550658288,0,-3.4284797317820197,0.8200000000000003,-2.14327349200088,-3.376459044611935
Bhutan,BTN,2014,2.63,8.27106093949327,5.88108550658288,70.504,1.07871798585886,6.66080128866197,0,4.14474511152595,-0.2400000000000002,-0.505322513188851,0.3581326898719652
Bhutan,BTN,2015,2.45,4.54814395082205,6.66080128866197,70.797,1.01496572424441,8.47594339232963,0,0.7797157820790899,-0.17999999999999972,-3.7229169886712192,2.4622304468025202
Bhutan,BTN,2016,2.707,3.21988689395717,8.47594339232963,71.119,0.973884473914115,2.08684522733067,0,1.8151421036676592,0.2569999999999997,-1.3282570568648802,1.2974289428733745
Bhutan,BTN,2017,3.027,4.95508366985129,2.08684522733067,71.413,0.86127488782821,3.50187185732737,0,-6.389098164998959,0.3200000000000003,1.7351967758941202,-2.28697803066565
Bhutan,BTN,2018,3.35,2.72396386183713,3.50187185732737,71.711,0.716471130925301,5.75514851246506,0,1.4150266299966998,0.32299999999999995,-2.23111980801416,-2.48703576750113
Bhutan,BTN,2019,2.72,2.72643037388832,5.75514851246506,72.005,0.66444642692507,-10.2183974208569,1,2.25327665513769,-0.6299999999999999,0.002466512051189973,1.8341516425671949
Bhutan,BTN,2020,5.03,5.62936522632507,-10.2183974208569,72.253,0.675256502719854,4.42136738945015,0,-15.973545933321962,2.31,2.9029348524367498,-6.860134639092136
Bhutan,BTN,2021,4.803,7.3468144053353,4.42136738945015,72.448,0.703488233671584,5.21386783786224,0,14.639764810307051,-0.2270000000000003,1.71744917901023,-0.6668905615074547
Bhutan,BTN,2022,5.947,5.6391667139637,5.21386783786224,72.754,0.703183917780367,4.63215704523927,0,0.7925004484120892,1.1440000000000001,-1.7076476913715997,7.716132629359571
Bhutan,BTN,2023,3.126,4.22934419929251,4.63215704523927,72.975,0.698146584889649,4.63215704523927,0,-0.5817107926229692,-2.821,-1.4098225146711902,0.10539482789456
Bhutan,BTN,2024,3.282,2.76131569624097,4.63215704523927,73.262,0.651370664586926,,,0.0,0.15600000000000014,-1.4680285030515399,-0.2908553963114846
Botswana,BWA,2010,17.86,6.94887658743103,10.119723322694,59.137,2.10943597528371,6.83841052493574,0,,,,
Botswana,BWA,2011,18.049,8.45987233408583,6.83841052493574,59.715,1.96877479635498,-0.170857099335691,1,-3.28131279775826,0.18900000000000006,1.5109957466547996,
Botswana,BWA,2012,17.916,7.53690261091916,-0.170857099335691,60.384,1.67774021157009,11.1029068737822,0,-7.0092676242714305,-0.13299999999999912,-0.9229697231666698,-5.145290211014846
Botswana,BWA,2013,18.167,5.88460707056816,11.1029068737822,61.217,1.50921875015756,5.69714422072884,0,11.273763973117891,0.2510000000000012,-1.652295540351,2.13224817442323
Botswana,BWA,2014,18.484,4.40225309243427,5.69714422072884,62.167,1.45441898422222,-4.85132507409779,1,-5.405762653053359,0.31700000000000017,-1.4823539781338901,2.9340006600322655
Botswana,BWA,2015,18.915,3.06203169580557,-4.85132507409779,63.215,1.42753223737773,7.20442475914267,0,-10.548469294826631,0.4309999999999974,-1.3402213966286998,-7.977115973939995
Botswana,BWA,2016,19.328,2.81495791361943,7.20442475914267,64.32,1.41970172619868,4.11437856445083,0,12.05574983324046,0.41300000000000026,-0.24707378218614018,0.7536402692069151
Botswana,BWA,2017,19.671,3.30828076768219,4.11437856445083,65.42,1.42047647332447,4.18869237159223,0,-3.0900461946918396,0.34299999999999997,0.4933228540627601,4.482851819274311
Botswana,BWA,2018,19.665,3.23801558947715,4.18869237159223,66.371,1.41898108514606,3.0317733945467,0,0.07431380714140001,-0.006000000000000227,-0.07026517820504008,-1.5078661937752198
Botswana,BWA,2019,20.094,2.7728644286332,3.0317733945467,67.167,1.42262847077389,-8.72888243996397,1,-1.1569189770455304,0.42900000000000205,-0.46515116084395025,-0.5413025849520652
Botswana,BWA,2020,21.017,1.8903591682421,-8.72888243996397,67.643,1.4394103578493,11.9162724376008,0,-11.76065583451067,0.9229999999999983,-0.8825052603910999,-6.4587874057781
Botswana,BWA,2021,23.106,7.24097765588442,11.9162724376008,63.303,1.49130106425067,5.48601706446772,0,20.64515487756477,2.089000000000002,5.35061848764232,4.442249521527049
Botswana,BWA,2022,23.615,11.665567478802,5.48601706446772,68.749,1.58848021878269,3.20806812224438,0,-6.430255373133079,0.5089999999999968,4.42458982291758,7.107449752215845
Botswana,BWA,2023,23.381,5.06761549343829,3.20806812224438,69.163,1.64031664035479,-2.98986879467928,1,-2.2779489422233405,-0.2339999999999982,-6.59795198536371,-4.354102157678209
Botswana,BWA,2024,23.81,2.81835131676251,-2.98986879467928,69.293,1.63538411022867,,,-6.19793691692366,0.4289999999999985,-2.2492641766757804,-4.2379429295735
Central African Republic,CAF,2010,5.658,1.49102370047802,4.63081843223307,46.871,-0.799202484181735,4.19461533741989,0,,,,
Central African Republic,CAF,2011,5.638,1.1944757244985,4.19461533741989,50.107,1.59035970102042,5.05376125356918,0,-0.4362030948131803,-0.020000000000000462,-0.29654797597952,
Central African Republic,CAF,2012,5.58,5.47829594346117,5.05376125356918,51.336,0.998867377606297,-36.3919770983887,1,0.8591459161492896,-0.05799999999999983,4.28382021896267,0.21147141066805464
Central African Republic,CAF,2013,5.566,6.98879341970198,-36.3919770983887,49.487,0.682377856508138,0.0810705153264877,0,-41.44573835195788,-0.014000000000000234,1.5104974762408103,-20.293296217904295
Central African Republic,CAF,2014,5.633,14.8986841797549,0.0810705153264877,40.265,-0.415235398986532,4.33712103020231,0,36.47304761371519,0.06700000000000017,7.90989076005292,-2.486345369121346
Central African Republic,CAF,2015,5.775,1.40297017136816,4.33712103020231,51.934,0.132677645471712,4.75031684122342,0,4.256050514875822,0.14200000000000035,-13.49571400838674,20.364549064295506
Central African Republic,CAF,2016,5.793,4.94543276106518,4.75031684122342,50.999,1.80553237158984,4.52727821346231,0,0.4131958110211098,0.017999999999999794,3.54246258969702,2.334623162948466
Central African Republic,CAF,2017,5.836,4.18072331871266,4.52727821346231,45.231,1.67978155291511,3.78944359275462,0,-0.2230386277611096,0.04300000000000015,-0.7647094423525198,0.0950785916300001
Central African Republic,CAF,2018,5.825,1.61215686991555,3.78944359275462,52.297,1.76068487647458,3.09999999999999,0,-0.73783462070769,-0.01100000000000012,-2.5685664487971103,-0.4804366242343998
Central African Republic,CAF,2019,5.916,2.68537355266786,3.09999999999999,31.53,1.34469255324203,0.899999996857062,0,-0.6894435927546301,0.09100000000000019,1.0732166827523102,-0.71363910673116
Central African Republic,CAF,2020,6.519,1.71015659523152,0.899999996857062,50.596,1.64324789708014,0.982919996264229,0,-2.200000003142928,0.6029999999999998,-0.9752169574363401,-1.444721797948779
Central African Republic,CAF,2021,6.701,4.25936417542868,0.982919996264229,40.279,1.68608971248183,0.453901876447787,0,0.08291999940716699,0.1819999999999995,2.54920758019716,-1.0585400018678803
Central African Republic,CAF,2022,6.287,5.58316735183246,0.453901876447787,18.818,-0.275432271573156,0.69996840076054,0,-0.529018119816442,-0.4139999999999997,1.3238031764037794,-0.2230490602046375
Central African Republic,CAF,2023,6.181,2.97913852618936,0.69996840076054,57.408,1.06107453184959,1.49999999847535,0,0.246066524312753,-0.10599999999999987,-2.6040288256430997,-0.1414757977518445
Central African Republic,CAF,2024,6.253,1.47733600718743,1.49999999847535,57.671,3.40139844069992,,,0.80003159771481,0.07200000000000006,-1.50180251900193,0.5230490610137815
Canada,CAN,2010,8.178,1.77687154092627,3.09080634469335,81.3221951219512,1.11135202971694,3.13719442170364,0,,,,
Canada,CAN,2011,7.637,2.91213508872351,3.13719442170364,81.4826829268293,0.97540725097113,1.75566129145483,0,0.04638807701029002,-0.5410000000000013,1.13526354779724,
Canada,CAN,2012,7.392,1.51567823124516,1.75566129145483,81.6636585365854,1.08374652233653,2.32581354806429,0,-1.38153313024881,-0.24499999999999922,-1.39645685747835,-0.66757252661926
Canada,CAN,2013,7.143,0.938291897815316,2.32581354806429,81.7448780487805,1.05338098055318,2.87346677785811,0,0.5701522566094601,-0.24900000000000055,-0.577386333429844,-0.405690436819675
Canada,CAN,2014,7.023,1.90663590717861,2.87346677785811,81.7843902439025,1.00142284689661,0.649971001734855,0,0.5476532297938199,-0.1200000000000001,0.9683440093632941,0.55890274320164
Canada,CAN,2015,6.945,1.12524136094277,0.649971001734855,81.8258536585366,0.760300145238936,1.03855092490855,0,-2.223495776123255,-0.0779999999999994,-0.78139454623584,-0.8379212731647175
Canada,CAN,2016,7.038,1.42875954701085,1.03855092490855,81.94,1.13153974027004,3.03383491200222,0,0.38857992317369505,0.09299999999999997,0.30351818606808,-0.91745792647478
Canada,CAN,2017,6.426,1.59688412852976,3.03383491200222,81.8078048780488,1.19543575451553,2.74296344906655,0,1.99528398709367,-0.6120000000000001,0.16812458151890985,1.1919319551336827
Canada,CAN,2018,5.837,2.26822567248103,2.74296344906655,81.8036585365854,1.43322615679352,1.90843194590616,0,-0.2908714629356699,-0.5890000000000004,0.6713415439512702,0.8522062620790001
Canada,CAN,2019,5.69,1.94926902411592,1.90843194590616,82.1585365853659,1.46171259938134,-5.03823343468899,1,-0.8345315031603902,-0.14699999999999935,-0.31895664836511006,-0.56270148304803
Canada,CAN,2020,9.657,0.716999632307827,-5.03823343468899,81.53,1.08436897113225,5.95052802804381,0,-6.9466653805951495,3.9669999999999996,-1.2322693918080931,-3.89059844187777
Canada,CAN,2021,7.527,3.39519318527527,5.95052802804381,81.4514634146342,0.553902422386893,4.18903628100851,0,10.9887614627328,-2.13,2.678193552967443,2.0210480410688247
Canada,CAN,2022,5.279,6.80280115341612,4.18903628100851,81.0948780487805,1.80390457488184,1.52874550838358,0,-1.7614917470352998,-2.248,3.40760796814085,4.61363485784875
Canada,CAN,2023,5.415,3.87900159788425,1.52874550838358,81.6263414634146,2.90468017061162,1.55479521049516,0,-2.6602907726249305,0.13600000000000012,-2.9237995555318705,-2.210891259830115
Canada,CAN,2024,6.351,2.38158383281173,1.55479521049516,82.1080487804878,2.96220294420494,,,0.026049702111579975,0.9359999999999999,-1.49741776507252,-1.3171205352566753
Switzerland,CHE,2010,4.808,0.688238707219974,3.24339715656356,82.2463414634147,1.0415580576588,1.81310830459596,0,,,,
Switzerland,CHE,2011,4.409,0.2313492076509,1.81310830459596,82.6951219512195,1.11187894263206,1.17925385250513,0,-1.4302888519676002,-0.399,-0.45688949956907404,
Switzerland,CHE,2012,4.491,-0.692552018105163,1.17925385250513,82.6975609756098,1.06181932886789,1.79214400716117,0,-0.63385445209083,0.08199999999999985,-0.923901225756063,-1.0320716520292152
Switzerland,CHE,2013,4.747,-0.217323155115672,1.79214400716117,82.7975609756098,1.14987975781229,2.34988141500179,0,0.6128901546560401,0.2560000000000002,0.47522886298949096,-0.010482148717394946
Switzerland,CHE,2014,4.826,-0.0132025387515945,2.34988141500179,83.1975609756098,1.22010397343287,1.64462750849488,0,0.5577374078406201,0.07899999999999974,0.2041206163640775,0.5853137812483301
Switzerland,CHE,2015,4.801,-1.14390867228178,1.64462750849488,82.8975609756098,1.13833715247736,2.06868969039562,0,-0.7052539065069101,-0.024999999999999467,-1.1307061335301853,-0.07375824933314501
Switzerland,CHE,2016,4.918,-0.434618664285814,2.06868969039562,83.6024390243903,1.09203117387253,1.36279965488859,0,0.42406218190073974,0.11699999999999999,0.7092900079959659,-0.14059586230308518
Switzerland,CHE,2017,4.797,0.533787839825876,1.36279965488859,83.5512195121951,0.933155888738653,2.86044579439036,0,-0.7058900355070299,-0.12100000000000044,0.96840650411169,-0.14091392680314507
Switzerland,CHE,2018,4.713,0.936335464113572,2.86044579439036,83.7536585365854,0.736633975172522,1.14198218965691,0,1.4976461395017702,-0.08399999999999963,0.4025476242876961,0.39587805199737014
Switzerland,CHE,2019,4.394,0.362886179940674,1.14198218965691,83.9048780487805,0.713313668444329,-2.14173712008038,1,-1.71846360473345,-0.31899999999999995,-0.573449284172898,-0.11040873261583994
Switzerland,CHE,2020,4.817,-0.725874933313402,-2.14173712008038,83.0,0.730676195047382,5.55962020605844,0,-3.2837193097372896,0.42300000000000004,-1.088761113254076,-2.50109145723537
Switzerland,CHE,2021,5.013,0.581814168489855,5.55962020605844,83.7512195121951,0.765501039496593,3.04406102969423,0,7.701357326138821,0.19599999999999973,1.307689101803257,2.2088190082007655
Switzerland,CHE,2022,4.122,2.83502798644451,3.04406102969423,83.6048780487805,0.829927183900371,0.683328174376044,0,-2.5155591763642104,-0.891,2.253213817954655,2.5928990748873053
Switzerland,CHE,2023,4.043,2.13540088016386,0.683328174376044,84.1560975609756,1.26498425447772,1.30233332541106,0,-2.3607328553181857,-0.07899999999999974,-0.6996271062806496,-2.4381460158411983
Switzerland,CHE,2024,4.343,1.06234041976594,1.30233332541106,84.4073170731707,1.30500749907811,,,0.6190051510350161,0.2999999999999998,-1.0730604603979201,-0.8708638521415849
Chile,CHL,2010,8.547,1.4107110795432,5.85165102224047,79.095,1.00455362363927,6.22389678509138,0,,,,
Chile,CHL,2011,7.492,3.34121694259302,6.22389678509138,79.236,0.986604121119825,6.15534001855494,0,0.37224576285090993,-1.0550000000000006,1.9305058630498197,
Chile,CHL,2012,6.79,3.00744840213047,6.15534001855494,79.221,0.959562935237505,3.30850824710085,0,-0.0685567665364406,-0.702,-0.3337685404625499,0.15184449815723466
Chile,CHL,2013,6.361,1.7895555398459,3.30850824710085,79.551,0.95374468290385,1.79264947139259,0,-2.84683177145409,-0.42900000000000027,-1.21789286228457,-1.4576942689952652
Chile,CHL,2014,6.761,4.71867527854671,1.79264947139259,79.714,0.996818460180589,2.15194249981184,0,-1.5158587757082598,0.40000000000000036,2.9291197387008103,-2.181345273581175
Chile,CHL,2015,6.605,4.34877353217044,2.15194249981184,80.008,1.0215666887643,1.753038749071,0,0.3592930284192499,-0.1559999999999997,-0.3699017463762706,-0.5782828736445049
Chile,CHL,2016,6.926,3.78619355893118,1.753038749071,80.295,1.2094154366484,1.35769537343957,0,-0.39890375074083995,0.32099999999999973,-0.5625799732392598,-0.01980536116079501
Chile,CHL,2017,7.257,2.18271846868519,1.35769537343957,80.61,1.58394825779579,3.99002947789977,0,-0.39534337563142996,0.3309999999999995,-1.6034750902459898,-0.39712356318613495
Chile,CHL,2018,7.623,2.43488981353057,3.99002947789977,80.559,1.78538584857741,0.634367533828438,0,2.6323341044601998,0.36600000000000055,0.25217134484537995,1.118495364414385
Chile,CHL,2019,7.493,2.55754475703326,0.634367533828438,80.324,1.59911795256016,-6.14347479224092,1,-3.355661944071332,-0.1299999999999999,0.12265494350269002,-0.361663919805566
Chile,CHL,2020,10.934,3.04549084804326,-6.14347479224092,79.349,0.896491953505063,11.3149204879049,0,-6.777842326069358,3.440999999999999,0.48794609100999997,-5.066752135070345
Chile,CHL,2021,9.281,4.52456838259143,11.3149204879049,78.876,0.441498091207504,2.15399356192458,0,17.45839528014582,-1.6529999999999987,1.47907753454817,5.340276477038231
Chile,CHL,2022,8.249,11.6438667110559,2.15399356192458,79.176,0.495789591494285,0.521367977246825,0,-9.16092692598032,-1.032,7.1192983284644695,4.14873417708275
Chile,CHL,2023,9.013,7.58168251407962,0.521367977246825,81.167,0.53962870957127,2.64431154871538,0,-1.632625584677755,0.7639999999999993,-4.06218419697628,-5.396776255329037
Chile,CHL,2024,8.718,4.29763891572524,2.64431154871538,81.359,0.537425495656651,,,2.122943571468555,-0.29499999999999993,-3.28404359835438,0.24515899339539993
China,CHN,2010,4.53,3.17532475269199,10.5962719761682,75.668,0.482959688678361,9.4613358870736,0,,,,
China,CHN,2011,4.55,5.55389892257493,9.4613358870736,75.889,0.546457594880274,7.85617427055587,0,-1.1349360890945999,0.019999999999999574,2.3785741698829397,
China,CHN,2012,4.58,2.6195243264554,7.85617427055587,76.2,0.678345458846803,7.77872409446717,0,-1.60516161651773,0.03000000000000025,-2.9343745961195298,-1.370048852806165
China,CHN,2013,4.6,2.62105001748114,7.77872409446717,76.452,0.666072977690069,7.46190028229434,0,-0.07745017608870075,0.019999999999999574,0.0015256910257401834,-0.8413058963032154
China,CHN,2014,4.63,1.9216416278852,7.46190028229434,76.714,0.630326389541893,6.97878002657477,0,-0.31682381217282973,0.03000000000000025,-0.69940838959594,-0.19713699413076524
China,CHN,2015,4.65,1.43702380935654,6.97878002657477,76.975,0.581456146657648,6.77555562837017,0,-0.4831202557195695,0.020000000000000462,-0.48461781852866004,-0.3999720339461996
China,CHN,2016,4.56,2.00000182191943,6.77555562837017,77.214,0.573050906069647,6.8912663621211,0,-0.20322439820460048,-0.09000000000000075,0.56297801256289,-0.343172326962085
China,CHN,2017,4.47,1.59313600071435,6.8912663621211,77.235,0.605245013482969,6.75671800166833,0,0.11571073375093022,-0.08999999999999986,-0.40686582120507997,-0.04375683222683513
China,CHN,2018,4.31,2.07479039965576,6.75671800166833,77.709,0.467672053461959,6.06850235053705,0,-0.1345483604527704,-0.16000000000000014,0.48165439894141016,-0.009418813350920097
China,CHN,2019,4.56,2.89923416358226,6.06850235053705,77.94,0.354740890170827,2.34018843078414,0,-0.68821565113128,0.25,0.8244437639264999,-0.4113820057920252
China,CHN,2020,5.0,2.41942189457782,2.34018843078414,78.019,0.238040870229883,8.57008513166322,0,-3.72831391975291,0.4400000000000004,-0.47981226900443996,-2.208264785442095
China,CHN,2021,4.55,0.981015135544881,8.57008513166322,78.117,0.0892522000412526,3.1341888719577,0,6.229896700879079,-0.4500000000000002,-1.4384067590329392,1.250791390563085
China,CHN,2022,4.98,1.9735755573905,3.1341888719577,78.202,-0.0130995013525784,5.41484330099675,0,-5.43589625970552,0.4300000000000006,0.9925604218456191,0.39700022058678
China,CHN,2023,4.67,0.23483682889305,5.41484330099675,77.953,-0.103794531589067,4.9773565917572,0,2.28065442903905,-0.3100000000000005,-1.73873872849745,-1.577620915333235
China,CHN,2024,4.59,0.218128938439177,4.9773565917572,78.017,-0.123063407363995,,,-0.4374867092395496,-0.08000000000000007,-0.016707890453872998,0.9215838598997501
Cote d'Ivoire,CIV,2010,6.607,1.22645612135479,6.84804939907013,55.282,2.20359114199838,-5.37044724000579,1,,,,
Cote d'Ivoire,CIV,2011,7.144,4.9124339505245,-5.37044724000579,55.972,2.17265768049368,7.62041176451649,0,-12.21849663907592,0.5369999999999999,3.68597782916971,
Cote d'Ivoire,CIV,2012,7.223,1.30451119915606,7.62041176451649,56.57,2.08872019159152,10.7602131311256,0,12.99085900452228,0.07899999999999974,-3.6079227513684398,0.3861811827231798
Cote d'Ivoire,CIV,2013,4.255,2.58117037252935,10.7602131311256,57.057,1.99427988380631,9.37199994240375,0,3.1398013666091096,-2.968,1.2766591733732902,8.065330185565694
Cote d'Ivoire,CIV,2014,3.274,0.448682076766141,9.37199994240375,57.772,2.42493545476417,7.19494942728191,0,-1.3882131887218492,-0.9809999999999999,-2.132488295763209,0.8757940889436302
Cote d'Ivoire,CIV,2015,2.573,1.25149954781467,7.19494942728191,58.281,2.88906178023194,7.17275963956332,0,-2.1770505151218407,-0.7010000000000001,0.802817471048529,-1.782631851921845
Cote d'Ivoire,CIV,2016,1.896,0.723178457513308,7.17275963956332,58.814,2.90076810314127,7.41076242592504,0,-0.022189787718589926,-0.677,-0.528321090301362,-1.0996201514202153
Cote d'Ivoire,CIV,2017,3.272,0.685881065304603,7.41076242592504,59.315,2.82237176165589,4.84314605889178,0,0.23800278636172045,1.376,-0.03729739220870498,0.10790649932156526
Cote d'Ivoire,CIV,2018,2.852,0.401297817263547,4.84314605889178,59.795,2.69696827034562,6.72137167584978,0,-2.56761636703326,-0.41999999999999993,-0.284583248041056,-1.1648067903357697
Cote d'Ivoire,CIV,2019,2.401,0.79085551205366,6.72137167584978,60.274,2.61916841176218,0.699728593494228,0,1.8782256169579998,-0.45100000000000007,0.389557694790113,-0.34469537503763004
Cote d'Ivoire,CIV,2020,2.588,2.41252617189052,0.699728593494228,60.14,2.53019803537112,7.06332910205232,0,-6.021643082355552,0.18700000000000028,1.6216706598368602,-2.0717087326987764
Cote d'Ivoire,CIV,2021,2.623,4.15919657911797,7.06332910205232,60.29,2.47398737434864,6.39988362720531,0,6.363600508558092,0.03500000000000014,1.74667040722745,0.17097871310126989
Cote d'Ivoire,CIV,2022,2.31,5.23352856100842,6.39988362720531,61.562,2.51622934953513,6.60000045223954,0,-0.66344547484701,-0.31300000000000017,1.0743319818904498,2.850077516855541
Cote d'Ivoire,CIV,2023,2.263,4.36972254867474,6.60000045223954,61.944,2.50384681190665,6.01953461940062,0,0.20011682503422978,-0.04700000000000015,-0.8638060123336802,-0.2316643249063901
Cote d'Ivoire,CIV,2024,2.273,3.45053028131018,6.01953461940062,62.11,2.43618201263834,,,-0.5804658328389198,0.010000000000000231,-0.9191922673645596,-0.19017450390234503
Cameroon,CMR,2010,4.11,1.27538046242338,2.89902472122014,56.965,2.85766146651935,3.37921128506045,0,,,,
Cameroon,CMR,2011,3.988,2.93969946305091,3.37921128506045,57.482,2.82842297078772,4.62597872209571,0,0.4801865638403102,-0.12200000000000033,1.6643190006275301,
Cameroon,CMR,2012,3.836,2.73529677529539,4.62597872209571,58.17,2.8130471843416,4.99552916130783,0,1.2467674370352602,-0.15200000000000014,-0.20440268775552006,0.8634770004377852
Cameroon,CMR,2013,3.686,2.0503471800174,4.99552916130783,58.73,2.80909371019789,5.71981814509198,0,0.3695504392121194,-0.1499999999999999,-0.68494959527799,0.8081589381236898
Cameroon,CMR,2014,3.534,1.85489850366776,5.71981814509198,59.13,3.02592195035823,5.66695298703932,0,0.7242889837841506,-0.15200000000000014,-0.19544867634963992,0.546919711498135
Cameroon,CMR,2015,3.518,2.67623531419899,5.66695298703932,59.687,3.13934346036401,4.53579423678801,0,-0.052865158052660455,-0.016000000000000014,0.82133681053123,0.3357119128657451
Cameroon,CMR,2016,3.529,0.874190383288856,4.53579423678801,60.293,2.98933225067819,3.54117654926007,0,-1.13115875025131,0.01100000000000012,-1.802044930910134,-0.5920119541519853
Cameroon,CMR,2017,3.573,0.64040914988195,3.54117654926007,60.817,2.83499798189177,3.95551423892049,0,-0.9946176875279398,0.04400000000000004,-0.23378123340690604,-1.062888218889625
Cameroon,CMR,2018,3.608,1.0688581131292,3.95551423892049,61.189,2.77030987519388,3.47505998194981,0,0.41433768966042006,0.03500000000000014,0.4284489632472501,-0.29013999893375986
Cameroon,CMR,2019,3.632,2.45280214062732,3.47505998194981,61.695,2.78164441246944,0.259932915907115,0,-0.4804542569706802,0.02400000000000002,1.38394402749812,-0.03305828365513008
Cameroon,CMR,2020,3.881,2.43760882182236,0.259932915907115,61.674,2.7244863481235,3.33885747179505,0,-3.2151270660426947,0.24899999999999967,-0.01519331880496022,-1.8477906615066875
Cameroon,CMR,2021,3.976,2.27185762503637,3.33885747179505,61.146,2.65496076580698,3.7367840056412,0,3.078924555887935,0.0950000000000002,-0.16575119678598993,-0.06810125507737985
Cameroon,CMR,2022,3.646,6.24767713343861,3.7367840056412,62.443,2.62905090961273,3.34756290750219,0,0.39792653384614995,-0.33000000000000007,3.97581950840224,1.7384255448670425
Cameroon,CMR,2023,3.607,7.38281384280983,3.34756290750219,63.7,2.64245336134821,3.52472308052245,0,-0.38922109813900985,-0.0389999999999997,1.1351367093712206,0.004352717853570054
Cameroon,CMR,2024,3.603,4.53331349711606,3.52472308052245,63.968,2.61268294319567,,,0.17716017302025966,-0.0040000000000000036,-2.8495003456937704,-0.1060304625593751
"Congo, Rep.",COG,2010,19.3,0.391525011227612,9.93126543095578,61.731,4.14243050486562,2.20591936286718,0,,,,
"Congo, Rep.",COG,2011,19.435,1.75958704273803,2.20591936286718,62.286,3.25058981932031,9.94715314257564,0,-7.7253460680886,0.134999999999998,1.368062031510418,
"Congo, Rep.",COG,2012,19.491,5.01018773134471,9.94715314257564,62.662,2.79640825415116,-0.712434451876447,1,7.741233779708461,0.05600000000000094,3.2506006886066805,0.007943855809930511
"Congo, Rep.",COG,2013,19.845,4.63161619729461,-0.712434451876447,62.969,2.43092781986762,6.64606540928447,0,-10.659587594452088,0.3539999999999992,-0.37857153405010013,-1.4591769073718135
"Congo, Rep.",COG,2014,19.696,0.912139545450097,6.64606540928447,63.349,2.41608932821437,0.415193061293763,0,7.358499861160918,-0.14899999999999736,-3.7194766518445133,-1.650543866645585
"Congo, Rep.",COG,2015,20.02,3.16909796750829,0.415193061293763,63.662,2.41638740919909,-8.68524343913786,1,-6.230872347990707,0.32399999999999807,2.2569584220581933,0.5638137565851049
"Congo, Rep.",COG,2016,20.298,3.19056179723773,-8.68524343913786,63.911,2.42169941927317,-5.59477371915547,1,-9.100436500431623,0.2779999999999987,0.02146382972943961,-7.665654424211166
"Congo, Rep.",COG,2017,20.737,0.450063823285546,-5.59477371915547,64.203,2.43024073423953,-2.30431780125842,1,3.09046971998239,0.43900000000000006,-2.7404979739521838,-3.004983390224617
"Congo, Rep.",COG,2018,20.84,1.15277896375523,-2.30431780125842,64.472,2.43884022378671,1.12447391976529,0,3.2904559178970505,0.10300000000000153,0.7027151404696839,3.19046281893972
"Congo, Rep.",COG,2019,20.494,2.20607305781525,1.12447391976529,63.152,2.40634419722279,-6.26777227963225,1,3.4287917210237095,-0.3460000000000001,1.05329409406002,3.3596238194603805
"Congo, Rep.",COG,2020,22.286,1.79537147083107,-6.26777227963225,64.391,2.39477691216791,1.01507036990908,0,-7.3922461993975395,1.7920000000000016,-0.4107015869841799,-1.981727239186915
"Congo, Rep.",COG,2021,21.998,1.7156427545126,1.01507036990908,64.192,2.39414288318435,1.47535613247133,0,7.28284264954133,-0.28800000000000026,-0.0797287163184699,-0.05470177492810513
"Congo, Rep.",COG,2022,20.131,3.04344334698477,1.47535613247133,65.0,2.39665300284304,1.90686426346754,0,0.46028576256225007,-1.8670000000000009,1.32780059247217,3.8715642060517896
"Congo, Rep.",COG,2023,19.919,4.30174563591016,1.90686426346754,65.772,2.41919038084212,2.57966943921721,0,0.4315081309962099,-0.21199999999999974,1.2583022889253894,0.44589694677923
"Congo, Rep.",COG,2024,19.895,3.09143630919166,2.57966943921721,66.001,2.39829082784283,,,0.6728051757496702,-0.02400000000000091,-1.2103093267184994,0.5521566533729401
Colombia,COL,2010,11.153,2.27200227892008,4.49465897070922,74.876,1.13596836363633,6.94789198173555,0,,,,
Colombia,COL,2011,10.288,3.4150334477625,6.94789198173555,75.18,1.07133727666266,3.91263576716115,0,2.45323301102633,-0.8650000000000002,1.1430311688424202,
Colombia,COL,2012,9.959,3.16930188840055,3.91263576716115,75.611,1.00290782655336,5.13399351995672,0,-3.0352562145744,-0.3290000000000006,-0.24573155936195024,-0.29101160177403496
Colombia,COL,2013,9.246,2.01699224310383,5.13399351995672,75.834,0.948709328751527,4.49903000110972,0,1.2213577527955697,-0.7129999999999992,-1.1523096452967199,-0.9069492308894151
Colombia,COL,2014,8.799,2.89883787761737,4.49903000110972,75.95,0.892711563926366,2.95590137527523,0,-0.634963518847,-0.44700000000000095,0.8818456345135401,0.29319711697428485
Colombia,COL,2015,8.572,4.98983115849529,2.95590137527523,76.067,0.864942376762699,2.08738250162794,0,-1.5431286258344898,-0.2270000000000003,2.09099328087792,-1.089046072340745
Colombia,COL,2016,8.922,7.51346024627674,2.08738250162794,76.228,0.990548549326914,1.35936086788746,0,-0.86851887364729,0.3500000000000014,2.5236290877814493,-1.20582374974089
Colombia,COL,2017,9.086,4.3143132569501,1.35936086788746,76.418,1.45147726169193,2.56432428277704,0,-0.7280216337404799,0.1639999999999997,-3.19914698932664,-0.7982702536938849
Colombia,COL,2018,9.36,3.24056932930569,2.56432428277704,76.579,1.83913784861099,3.18685539245533,0,1.20496341488958,0.27399999999999913,-1.0737439276444096,0.23847089057455007
Colombia,COL,2019,10.28,3.52301932741446,3.18685539245533,76.793,1.78615507724394,-7.18591413760859,1,0.62253110967829,0.9199999999999999,0.28244999810877003,0.913747262283935
Colombia,COL,2020,15.983,2.52663500084706,-7.18591413760859,74.757,1.43632167326968,10.8011981904878,0,-10.37276953006392,5.703000000000001,-0.9963843265674002,-4.875119210192815
Colombia,COL,2021,13.898,3.49505757399448,10.8011981904878,72.698,1.09642825395961,7.32827729427979,0,17.987112328096387,-2.085000000000001,0.9684225731474201,3.8071713990162346
Colombia,COL,2022,10.541,10.1772313546166,7.32827729427979,76.508,1.06829295530618,0.712380031974334,0,-3.4729208962080094,-3.3569999999999993,6.68217378062212,7.25709571594419
Colombia,COL,2023,9.591,11.7359044948689,0.712380031974334,77.725,1.12092864340999,1.5983315366523,0,-6.615897262305456,-0.9500000000000011,1.5586731402522993,-5.044409079256733
Colombia,COL,2024,9.619,6.60908593728228,1.5983315366523,77.913,1.07447920962035,,,0.8859515046779661,0.02800000000000047,-5.12681855758662,-2.8649728788137447
Comoros,COM,2010,4.19,3.35475770328919,3.77788070743117,62.747,1.98790768401212,4.14356479211455,0,,,,
Comoros,COM,2011,4.12,1.8426630075619,4.14356479211455,63.105,1.99871797531046,3.16835627559691,0,0.3656840846833802,-0.07000000000000028,-1.5120946957272903,
Comoros,COM,2012,4.091,6.31474450315177,3.16835627559691,63.463,2.01149862727803,4.4661636979028,0,-0.9752085165176405,-0.028999999999999915,4.472081495589871,-0.30476221591713015
Comoros,COM,2013,3.98,-4.29487331536756,4.4661636979028,63.839,2.11384957294193,2.10666920560958,0,1.2978074223058904,-0.11100000000000021,-10.609617818519329,0.16129945289412495
Comoros,COM,2014,3.984,7.54755379096711,2.10666920560958,64.143,2.17541496047092,1.14747399397193,0,-2.35949449229322,0.0040000000000000036,11.84242710633467,-0.5308435349936649
Comoros,COM,2015,4.031,-0.117173884190069,1.14747399397193,64.473,2.11093338446849,3.32039987961315,0,-0.9591952116376501,0.04699999999999971,-7.664727675157179,-1.659344851965435
Comoros,COM,2016,4.117,0.797517430888487,3.32039987961315,64.792,2.05111578193354,3.81570211280726,0,2.17292588564122,0.0860000000000003,0.914691315078556,0.6068653370017849
Comoros,COM,2017,4.049,-0.237362224154613,3.81570211280726,65.127,1.99257798738542,3.64259587408398,0,0.49530223319410993,-0.06799999999999962,-1.0348796550431,1.334114059417665
Comoros,COM,2018,3.975,2.15155084413033,3.64259587408398,65.401,1.95274153616222,1.76070164655727,0,-0.17310623872328001,-0.07400000000000029,2.388913068284943,0.16109799723541496
Comoros,COM,2019,3.926,3.58213544469211,1.76070164655727,65.662,1.92385702700328,-0.195577456821965,1,-1.8818942275267099,-0.04899999999999993,1.43058460056178,-1.027500233124995
Comoros,COM,2020,4.468,0.786641929499151,-0.195577456821965,65.756,1.96199379762606,2.0001921183449,0,-1.956279103379235,0.5419999999999998,-2.795493515192959,-1.9190866654529724
Comoros,COM,2021,4.394,-0.00441793682346988,2.0001921183449,65.201,1.97631988078353,2.60301031927843,0,2.1957695751668647,-0.07399999999999984,-0.7910598663226209,0.11974523589381492
Comoros,COM,2022,3.879,12.5320314570998,2.60301031927843,66.481,1.93837687010445,2.99521564038136,0,0.6028182009335303,-0.5150000000000001,12.53644939392327,1.3992938880501975
Comoros,COM,2023,3.833,8.37373955490995,2.99521564038136,66.777,1.92327433672711,3.3381010943571,0,0.3922053211029297,-0.04599999999999982,-4.15829190218985,0.49751176101823
Comoros,COM,2024,3.815,5.05192609588218,3.3381010943571,67.023,1.89182789744612,,,0.34288545397574,-0.018000000000000238,-3.3218134590277693,0.36754538753933486
Cabo Verde,CPV,2010,10.67,2.07866470906423,1.83641914989978,72.507,0.717181999615317,3.92471821338283,0,,,,
Cabo Verde,CPV,2011,10.956,4.47388342165023,3.92471821338283,72.913,0.325685661710053,1.08364848376166,0,2.08829906348305,0.2859999999999996,2.3952187125860003,
Cabo Verde,CPV,2012,11.145,2.54039644167108,1.08364848376166,73.315,0.0992767342106355,0.632136727385131,0,-2.8410697296211698,0.18900000000000006,-1.93348697997915,-0.37638533306905997
Cabo Verde,CPV,2013,11.398,1.50654285701407,0.632136727385131,73.481,0.052725108136232,0.696666840118581,0,-0.45151175637652896,0.2530000000000001,-1.03385358465701,-1.6462907429988496
Cabo Verde,CPV,2014,11.689,-0.238778144990623,0.696666840118581,73.788,0.0197159536864678,0.936026507808833,0,0.06453011273345,0.29100000000000037,-1.745321002004693,-0.19349082182153948
Cabo Verde,CPV,2015,11.923,0.131187999024544,0.936026507808833,74.096,0.0132719182020122,4.28071482662371,0,0.23935966769025196,0.23399999999999999,0.36996614401516703,0.15194489021185098
Cabo Verde,CPV,2016,12.085,-1.40781637091705,4.28071482662371,74.35,0.0312210963482392,4.5513148102974,0,3.3446883188148764,0.1620000000000008,-1.5390043699415938,1.7920239932525643
Cabo Verde,CPV,2017,12.24,0.784415251101334,4.5513148102974,74.71,0.0661175101881539,3.70696458310842,0,0.27059998367369076,0.15499999999999936,2.192231622018384,1.8076441512442836
Cabo Verde,CPV,2018,12.17,1.25615185860785,3.70696458310842,74.84,0.101723857752759,6.94782634051859,0,-0.8443502271889805,-0.07000000000000028,0.4717366075065159,-0.28687512175764485
Cabo Verde,CPV,2019,12.123,1.10750930553819,6.94782634051859,75.449,0.134109462358547,-20.8052758990735,1,3.2408617574101704,-0.0470000000000006,-0.14864255306966,1.198255765110595
Cabo Verde,CPV,2020,14.65,0.6057961856899,-20.8052758990735,73.818,0.11178257414313,7.03353010694514,0,-27.75310223959209,2.527000000000001,-0.5017131198482899,-12.25612024109096
Cabo Verde,CPV,2021,13.932,1.86215256793885,7.03353010694514,74.424,0.38203217521266,15.843675684642,0,27.83880600601864,-0.718,1.25635638224895,0.04285188321327471
Cabo Verde,CPV,2022,12.239,7.93092928079189,15.843675684642,75.907,0.596688345869947,4.7947613911073,0,8.81014557769686,-1.6929999999999996,6.06877671285304,18.32447579185775
Cabo Verde,CPV,2023,11.882,3.72437535861454,4.7947613911073,76.059,0.497087597239901,7.24388538990945,0,-11.0489142935347,-0.3570000000000011,-4.20655392217735,-1.11938435791892
Cabo Verde,CPV,2024,11.883,1.0481698336865,7.24388538990945,76.224,0.486246288487151,,,2.4491239988021505,0.0009999999999994458,-2.67620552492804,-4.299895147366275
Costa Rica,CRI,2010,7.171,5.66275708420021,5.36034352634111,79.354,1.24057536472066,4.40315923970431,0,,,,
Costa Rica,CRI,2011,9.518,4.87799830970702,4.40315923970431,79.624,1.17549258554055,4.88259241025739,0,-0.9571842866367994,2.3470000000000004,-0.7847587744931905,
Costa Rica,CRI,2012,9.11,4.49545314354605,4.88259241025739,79.925,1.16676672488044,2.49476611209954,0,0.47943317055307944,-0.40800000000000125,-0.3825451661609698,-0.23887555804186
Costa Rica,CRI,2013,8.218,5.23133614174428,2.49476611209954,80.189,1.11328546681261,3.54210987765977,0,-2.3878262981578495,-0.8919999999999995,0.73588299819823,-0.954196563802385
Costa Rica,CRI,2014,8.499,4.51920098516953,3.54210987765977,80.231,1.07499865275958,3.65208096802883,0,1.04734376556023,0.2810000000000006,-0.7121351565747505,-0.6702412662988098
Costa Rica,CRI,2015,8.415,0.801982005099623,3.65208096802883,80.407,1.06246520512643,4.20432325175899,0,0.10997109036906005,-0.0840000000000014,-3.7172189800699065,0.578657427964645
Costa Rica,CRI,2016,8.085,-0.0174788505908217,4.20432325175899,79.988,1.01105286688192,4.1576989627609,0,0.5522422837301599,-0.3299999999999983,-0.8194608556904447,0.33110668704961
Costa Rica,CRI,2017,7.729,1.62590692991731,4.1576989627609,79.994,0.944345948457895,2.6159044043379,0,-0.0466242889980899,-0.35600000000000076,1.6433857805081316,0.252808997366035
Costa Rica,CRI,2018,9.01,2.2211146152658,2.6159044043379,80.09,0.904494518403601,2.41751181762513,0,-1.5417945584230002,1.2809999999999997,0.5952076853484902,-0.794209423710545
Costa Rica,CRI,2019,10.807,2.09604635327807,2.41751181762513,80.296,0.838278384859255,-4.27335432161462,1,-0.19839258671277005,1.7970000000000006,-0.1250682619877299,-0.8700935725678851
Costa Rica,CRI,2020,16.432,0.724911478131375,-4.27335432161462,79.725,0.6929953994471,7.93576224743147,0,-6.69086613923975,5.624999999999998,-1.3711348751466952,-3.44462936297626
Costa Rica,CRI,2021,15.139,1.72647755109241,7.93576224743147,78.05,0.508564932290693,4.55149177958398,0,12.20911656904609,-1.2929999999999993,1.001566072961035,2.75912521490317
Costa Rica,CRI,2022,11.325,8.27477490232654,4.55149177958398,79.316,0.429453043658398,5.11192183224598,0,-3.3842704678474904,-3.814,6.54829735123413,4.4124230505993
Costa Rica,CRI,2023,8.325,0.525193508693455,5.11192183224598,80.799,0.46646444898736,4.32122429646145,0,0.5604300526620003,-3.0,-7.749581393633084,-1.411920207592745
Costa Rica,CRI,2024,6.936,-0.412853001047069,4.32122429646145,80.996,0.476482848761595,,,-0.7906975357845303,-1.3889999999999993,-0.9380465097405241,-0.11513374156126499
Cyprus,CYP,2010,6.359,2.43004084102254,2.28267100119788,80.632,1.64898311615441,0.416711868408683,0,,,,
Cyprus,CYP,2011,7.942,3.28944939564211,0.416711868408683,80.855,1.6424698555703,-3.44738151374587,1,-1.8659591327891971,1.5830000000000002,0.85940855461957,
Cyprus,CYP,2012,12.097,2.38905410042316,-3.44738151374587,81.128,1.63540837414934,-6.58747751118347,1,-3.864093382154553,4.154999999999999,-0.9003952952189502,-2.8650262574718752
Cyprus,CYP,2013,16.131,-0.399357676464425,-6.58747751118347,81.317,1.57480485967812,-1.77605867728616,1,-3.1400959974375997,4.034000000000001,-2.788411776887585,-3.5020946897960763
Cyprus,CYP,2014,16.277,-1.35498885446314,-1.77605867728616,81.337,1.50114149056878,3.41892038889013,0,4.81141883389731,0.1460000000000008,-0.9556311779987151,0.835661418229855
Cyprus,CYP,2015,15.026,-2.0969976905311,3.41892038889013,81.464,1.46213136863434,6.57359080924678,0,5.194979066176289,-1.2510000000000012,-0.7420088360679598,5.0031989500368
Cyprus,CYP,2016,13.006,-1.42916666666665,6.57359080924678,81.534,1.43370522557944,5.75083236554525,0,3.1546704203566502,-2.0199999999999996,0.6678310238644498,4.17482474326647
Cyprus,CYP,2017,11.155,0.531766496174467,5.75083236554525,81.543,1.377808546931,6.27166360056404,0,-0.8227584437015301,-1.8510000000000009,1.960933162841117,1.16595598832756
Cyprus,CYP,2018,8.504,1.43549119531759,6.27166360056404,81.556,1.30393306995205,5.87559583386607,0,0.5208312350187896,-2.651,0.9037246991431229,-0.15096360434137024
Cyprus,CYP,2019,7.155,0.250370996758493,5.87559583386607,81.454,1.24612155650882,-3.22063018637567,1,-0.3960677666979695,-1.3489999999999993,-1.185120198559097,0.06238173416041004
Cyprus,CYP,2020,7.755,-0.638422797978958,-3.22063018637567,81.23,1.20329712567783,11.3975590801512,0,-9.09622602024174,0.5999999999999996,-0.8887937947374509,-4.746146893469855
Cyprus,CYP,2021,7.513,2.44608867175474,11.3975590801512,80.573,1.1499785451605,8.27372597293814,0,14.618189266526871,-0.242,3.0845114697336977,2.7609816231425652
Cyprus,CYP,2022,6.806,8.39548297993334,8.27372597293814,80.434,1.06174678712373,3.61945644636856,0,-3.123833107213061,-0.7069999999999999,5.949394308178599,5.747178079656905
Cyprus,CYP,2023,5.835,3.54134188751663,3.61945644636856,81.648,1.0167681770201,3.94077381708404,0,-4.65426952656958,-0.9710000000000001,-4.854141092416709,-3.88905131689132
Cyprus,CYP,2024,4.9,1.80023018624815,3.94077381708404,81.821,0.984449687113221,,,0.32131737071548017,-0.9349999999999996,-1.74111170126848,-2.16647607792705
Czechia,CZE,2010,7.281,1.47272727272728,2.71466509907701,77.4243902439025,0.29136167418042,1.77238085338473,0,,,,
Czechia,CZE,2011,6.712,1.9172191363555,1.77238085338473,77.8731707317073,0.206747667335417,-0.770668190622743,1,-0.9422842456922798,-0.569,0.44449186362822,
Czechia,CZE,2012,6.979,3.28762306610411,-0.770668190622743,78.0756097560976,0.139925655740972,-0.0418124160447491,1,-2.543049044007473,0.26700000000000035,1.3704039297486101,-1.7426666448498764
Czechia,CZE,2013,6.953,1.4382978723404,-0.0418124160447491,78.1756097560976,0.0331699460503076,2.24521219862635,0,0.728855774577994,-0.0259999999999998,-1.84932519376371,-0.9070966347147396
Czechia,CZE,2014,6.108,0.343988589646793,2.24521219862635,78.8243902439024,0.105277581527518,4.95875848915604,0,2.287024614671099,-0.8450000000000006,-1.0943092826936072,1.5079401946245465
Czechia,CZE,2015,5.048,0.309364548494975,4.95875848915604,78.5780487804878,0.196588748472653,2.58087013921376,0,2.7135462905296897,-1.0599999999999996,-0.034624041151818,2.5002854526003944
Czechia,CZE,2016,3.952,0.683504209385702,2.58087013921376,79.0268292682927,0.192048415842684,5.17356529967881,0,-2.3778883499422796,-1.096,0.374139660890727,0.16782897029370503
Czechia,CZE,2017,2.893,2.4505339846014,5.17356529967881,78.9780487804878,0.265642663548985,2.83030588267866,0,2.5926951604650497,-1.0590000000000002,1.767029775215698,0.10740340526138503
Czechia,CZE,2018,2.246,2.14949494949492,2.83030588267866,79.0292682926829,0.334427262299794,3.56577658128261,0,-2.3432594170001497,-0.6469999999999998,-0.3010390351064802,0.12471787173244997
Czechia,CZE,2019,2.015,2.84787595918041,3.56577658128261,79.2292682926829,0.393788864202175,-5.30487955463876,1,0.7354706986039501,-0.23099999999999987,0.6983810096854901,-0.8038943591980998
Czechia,CZE,2020,2.55,3.1612952849781,-5.30487955463876,78.2268292682927,0.243222682211879,4.02901832055149,0,-8.87065613592137,0.5349999999999997,0.3134193257976903,-4.067592718658711
Czechia,CZE,2021,2.803,3.83984491500146,4.02901832055149,77.2219512195122,-1.81187141002542,2.8471706583814,0,9.33389787519025,0.2530000000000001,0.67854963002336,0.23162086963443995
Czechia,CZE,2022,2.224,15.100165146837,2.8471706583814,78.9292682926829,1.5709725672011,0.0475803308973752,0,-1.1818476621700902,-0.5789999999999997,11.26032023183554,4.07602510651008
Czechia,CZE,2023,2.579,10.6612601372427,0.0475803308973752,79.8268292682927,1.78238907045946,1.23308611983484,0,-2.7995903274840246,0.355,-4.438905009594301,-1.9907189948270574
Czechia,CZE,2024,2.6,2.43531202435314,1.23308611983484,79.9780487804878,0.376553049157494,,,1.1855057889374647,0.020999999999999908,-8.22594811288956,-0.8070422692732799
Germany,DEU,2010,7.043,1.1038103778926,4.13463778522758,79.9878048780488,-0.153198446937304,3.75796884489337,0,,,,
Germany,DEU,2011,5.967,2.07517283735874,3.75796884489337,80.4365853658537,-1.8537146287573,0.463512036709204,0,-0.3766689403342105,-1.0760000000000005,0.9713624594661399,
Germany,DEU,2012,5.372,2.00848884782956,0.463512036709204,80.5390243902439,0.187727800567293,0.396995583779145,0,-3.294456808184166,-0.5949999999999998,-0.06668398952917975,-1.8355628742591883
Germany,DEU,2013,5.316,1.50472330251876,0.396995583779145,80.490243902439,0.272900214681538,2.18018602168017,0,-0.06651645293005898,-0.05600000000000005,-0.5037655453108001,-1.6804866305571124
Germany,DEU,2014,4.979,0.906794000434245,2.18018602168017,81.090243902439,0.416877359168292,1.66300602334775,0,1.783190437901025,-0.33699999999999974,-0.5979293020845151,0.858336992485483
Germany,DEU,2015,4.612,0.514426137125456,1.66300602334775,80.6414634146341,0.865702643950251,2.22222216259371,0,-0.5171799983324201,-0.367,-0.3923678633087889,0.6330052197843025
Germany,DEU,2016,4.104,0.491747008445174,2.22222216259371,80.990243902439,0.807218538573871,2.797906720551,0,0.55921613924596,-0.508,-0.022679128680282046,0.021018070456769955
Germany,DEU,2017,3.781,1.50949485109628,2.797906720551,80.9926829268293,0.373724559895838,1.13569604599849,0,0.57568455795729,-0.32299999999999995,1.017747842651106,0.567450348601625
Germany,DEU,2018,3.384,1.73216879766941,1.13569604599849,80.8926829268293,0.300526701992065,0.977734697038784,0,-1.66221067455251,-0.39700000000000024,0.22267394657313,-0.54326305829761
Germany,DEU,2019,3.163,1.44565976888253,0.977734697038784,81.2926829268293,0.22551987421288,-4.13191443239947,1,-0.15796134895970593,-0.22100000000000009,-0.2865090287868801,-0.910086011756108
Germany,DEU,2020,3.881,0.144877925813981,-4.13191443239947,81.0414634146342,0.0816931586494595,3.90999994204108,0,-5.109649129438254,0.718,-1.300781843068549,-2.63380523919898
Germany,DEU,2021,3.594,3.06666666666673,3.90999994204108,80.790243902439,0.0423270572552137,1.8092581243061,0,8.04191437444055,-0.2869999999999999,2.9217887408527488,1.466132622501148
Germany,DEU,2022,3.137,6.87257438551096,1.8092581243061,80.6080487804878,-0.0219565701848977,-0.869647578573321,1,-2.10074181773498,-0.45699999999999985,3.8059077188442303,2.970586278352785
Germany,DEU,2023,3.071,5.94643667725823,-0.869647578573321,81.0414634146342,0.131511079477747,-0.495851897260366,1,-2.6789057028794208,-0.06599999999999984,-0.92613770825273,-2.3898237603072
Germany,DEU,2024,3.4,2.2564981433876,-0.495851897260366,80.7926829268293,0.274957829184881,,,0.373795681312955,0.32899999999999974,-3.68993853387063,-1.152555010783233
Denmark,DNK,2010,7.746,2.31092436974786,1.58289703108802,79.1,0.444197154509531,1.3108037609606,0,,,,
Denmark,DNK,2011,7.769,2.7586822605125,1.3108037609606,79.8,0.411737855195019,-0.00543230161670749,1,-0.2720932701274199,0.022999999999999687,0.44775789076464,
Denmark,DNK,2012,7.798,2.3979148566464,-0.00543230161670749,80.0512195121951,0.376272242619955,1.39267343161971,0,-1.3162360625773075,0.028999999999999915,-0.36076740386609973,-0.7941646663523637
Denmark,DNK,2013,7.384,0.789071780078062,1.39267343161971,80.3,0.416901360752097,1.27799983192831,0,1.3981057332364175,-0.4139999999999997,-1.6088430765683381,0.040934835329555
Denmark,DNK,2014,6.925,0.56402054044954,1.27799983192831,80.7,0.507053283010163,2.10441456445301,0,-0.11467359969140012,-0.4590000000000005,-0.22505123962852203,0.6417160667725087
Denmark,DNK,2015,6.278,0.452034153691574,2.10441456445301,80.7024390243902,0.706423849687002,3.07304549209093,0,0.8264147325247,-0.6470000000000002,-0.11198638675796596,0.35587056641664994
Denmark,DNK,2016,5.989,0.250000000000031,3.07304549209093,80.8536585365854,0.780392644135167,3.05647723922718,0,0.9686309276379199,-0.2889999999999997,-0.20203415369154304,0.89752283008131
Denmark,DNK,2017,5.833,1.14713216957601,3.05647723922718,81.1024390243903,0.643350903737356,1.8600074900921,0,-0.016568252863749855,-0.1559999999999997,0.897132169575979,0.47603133738708503
Denmark,DNK,2018,5.131,0.813609467455631,1.8600074900921,80.9536585365854,0.495838925879129,1.71140093932736,0,-1.19646974913508,-0.702,-0.33352270212037893,-0.6065190009994149
Denmark,DNK,2019,5.018,0.75813157251162,1.71140093932736,81.4512195121951,0.358130915892652,-1.78010601831291,1,-0.14860655076474005,-0.11300000000000043,-0.05547789494401101,-0.67253814994991
Denmark,DNK,2020,5.644,0.420711974110024,-1.78010601831291,81.6024390243903,0.291641177476633,6.50025445756295,0,-3.49150695764027,0.6260000000000003,-0.337419598401596,-1.820056754202505
Denmark,DNK,2021,5.065,1.85304543989689,6.50025445756295,81.4048780487805,0.433414489409722,0.443832614908331,0,8.28036047587586,-0.5789999999999997,1.432333465786866,2.394426759117795
Denmark,DNK,2022,4.434,7.69656699889259,0.443832614908331,81.3048780487805,0.787502464739957,0.604587766175584,0,-6.056421842654619,-0.6310000000000002,5.8435215589956995,1.1119693166106206
Denmark,DNK,2023,5.094,3.30517811237605,0.604587766175584,81.7536585365854,0.741185515720057,3.47783593140312,0,0.16075515126725298,0.6600000000000001,-4.391388886516539,-2.947833345693683
Denmark,DNK,2024,5.358,1.37220049768925,3.47783593140312,82.2536585365854,0.503861198167737,,,2.8732481652275363,0.26399999999999935,-1.9329776146868,1.5170016582473946
Dominican Republic,DOM,2010,5.212,6.32993220146146,8.40114541209596,72.039,1.28013209833069,3.19196227475523,0,,,,
Dominican Republic,DOM,2011,6.087,5.79676809206533,3.19196227475523,72.496,1.26934108138221,2.77567100848816,0,-5.20918313734073,0.875,-0.5331641093961306,
Dominican Republic,DOM,2012,6.722,3.69449707884776,2.77567100848816,72.817,1.24691664021516,4.93473300709881,0,-0.4162912662670699,0.6350000000000007,-2.1022710132175697,-2.8127372018039
Dominican Republic,DOM,2013,7.351,4.830950967408,4.93473300709881,73.038,1.21814094005704,7.11122629673892,0,2.15906199861065,0.6289999999999996,1.1364538885602395,0.8713853661717901
Dominican Republic,DOM,2014,6.719,2.99864226125218,7.11122629673892,73.145,1.18674032060011,6.98771131236387,0,2.17649328964011,-0.6319999999999997,-1.8323087061558194,2.1677776441253798
Dominican Republic,DOM,2015,7.605,0.836746346724556,6.98771131236387,72.982,1.14988204322301,6.71974078681295,0,-0.12351498437505004,0.8860000000000001,-2.161895914527624,1.02648915263253
Dominican Republic,DOM,2016,7.284,1.61416607245222,6.71974078681295,72.889,1.11122425240832,3.93386176401576,0,-0.26797052555092016,-0.3210000000000006,0.777419725727664,-0.1957427549629851
Dominican Republic,DOM,2017,5.832,3.27955694678546,3.93386176401576,73.37,1.08787494846018,7.09751640210159,0,-2.78587902279719,-1.452,1.6653908743332402,-1.526924774174055
Dominican Republic,DOM,2018,5.861,3.56443426013507,7.09751640210159,73.555,1.07428473724925,4.8940301149584,0,3.16365463808583,0.028999999999999915,0.28487731334960964,0.18888780764432012
Dominican Republic,DOM,2019,6.356,1.81060377042959,4.8940301149584,73.112,1.0333133463082,-7.92905234231061,1,-2.20348628714319,0.4950000000000001,-1.7538304897054797,0.4800841754713201
Dominican Republic,DOM,2020,6.126,3.78103179915516,-7.92905234231061,72.636,1.04334076460591,14.0124289062207,0,-12.82308245726901,-0.22999999999999954,1.9704280287255698,-7.5132843722061
Dominican Republic,DOM,2021,7.702,8.24300347981809,14.0124289062207,71.757,1.04082961778304,5.23795652902595,0,21.94148124853131,1.5759999999999996,4.461971680662929,4.55919939563115
Dominican Republic,DOM,2022,5.504,8.81109209279587,5.23795652902595,74.211,0.959629735113671,2.19229848237939,0,-8.774472377194751,-2.1980000000000004,0.56808861297778,6.58350443566828
Dominican Republic,DOM,2023,5.555,4.78561281021135,2.19229848237939,73.72,0.891159203732232,4.95352204492849,0,-3.04565804664656,0.051000000000000156,-4.025479282584519,-5.910065211920655
Dominican Republic,DOM,2024,5.312,3.30223338951227,4.95352204492849,73.868,0.846199988604412,,,2.7612235625491,-0.24299999999999944,-1.4833794206990798,-0.14221724204872999
Algeria,DZA,2010,9.96,3.91106195534028,4.80000000093564,74.144,1.9470588317966,2.99999999941909,0,,,,
Algeria,DZA,2011,9.96,4.5242115050527,2.99999999941909,74.383,1.9568943735315,2.40000000034432,0,-1.8000000015165498,0.0,0.6131495497124204,
Algeria,DZA,2012,10.97,8.89145091062317,2.40000000034432,74.609,1.99280790148967,2.60000000061164,0,-0.59999999907477,1.0099999999999998,4.36723940557047,-1.20000000029566
Algeria,DZA,2013,9.82,3.25423910998847,2.60000000061164,74.809,2.01953115835273,4.09999999866501,0,0.20000000026732012,-1.1500000000000004,-5.6372118006347005,-0.19999999940372493
Algeria,DZA,2014,10.207,2.91692692067458,4.09999999866501,74.992,2.03786524232338,3.20000000089023,0,1.4999999980533696,0.38700000000000045,-0.3373121893138902,0.8499999991603449
Algeria,DZA,2015,11.206,4.78444700693889,3.20000000089023,75.159,2.05624795728459,3.90000000017621,0,-0.8999999977747799,0.9989999999999988,1.8675200862643098,0.30000000013929484
Algeria,DZA,2016,10.202,6.39769480268756,3.90000000017621,75.31,2.05569111181654,1.49999999895587,0,0.6999999992859802,-1.0039999999999996,1.6132477957486708,-0.09999999924439984
Algeria,DZA,2017,12.0,5.59111590961663,1.49999999895587,75.431,2.03200060784518,1.40000000088281,0,-2.4000000012203397,1.798,-0.8065788930709301,-0.8500000009671799
Algeria,DZA,2018,12.112,4.26999020467083,1.40000000088281,75.555,1.93780623340147,0.899999999219148,0,-0.09999999807306015,0.1120000000000001,-1.3211257049458007,-1.2499999996467
Algeria,DZA,2019,12.302,1.95176821052891,0.899999999219148,75.682,1.84041291439333,-4.99999999908597,1,-0.500000001663662,0.1899999999999995,-2.3182219941419193,-0.29999999986836107
Algeria,DZA,2020,14.08,2.41513094083413,-4.99999999908597,73.257,1.71191216459393,3.79999999900707,0,-5.899999998305118,1.7780000000000005,0.4633627303052201,-3.19999999998439
Algeria,DZA,2021,13.656,7.22606307415477,3.79999999900707,75.208,1.61936460233826,3.60000000094915,0,8.79999999809304,-0.4239999999999995,4.81093213332064,1.449999999893961
Algeria,DZA,2022,12.382,9.26551551551552,3.60000000094915,76.129,1.58758210690673,4.10000000005964,0,-0.1999999980579199,-1.274000000000001,2.0394524413607504,4.30000000001756
Algeria,DZA,2023,11.645,9.32217375928322,4.10000000005964,76.261,1.49897601193923,3.69999999907979,0,0.49999999911048976,-0.7370000000000001,0.0566582437676999,0.15000000052628493
Algeria,DZA,2024,11.655,4.04611455313434,3.69999999907979,76.475,1.39838651912702,,,-0.4000000009798499,0.009999999999999787,-5.27605920614888,0.04999999906531993
Ecuador,ECU,2010,4.088,3.55437734567842,4.02913787986621,75.188,1.67708805313164,8.48147656332823,0,,,,
Ecuador,ECU,2011,3.458,4.4745326579584,8.48147656332823,75.179,1.6415369766541,5.783212336172,0,4.4523386834620196,-0.6299999999999999,0.9201553122799799,
Ecuador,ECU,2012,3.235,5.10172180958665,5.783212336172,75.486,1.59213440589397,7.21123653679159,0,-2.698264227156229,-0.2230000000000003,0.62718915162825,0.8770372281528953
Ecuador,ECU,2013,3.083,2.72177577710371,7.21123653679159,75.832,1.49740896116979,4.22606520388456,0,1.42802420061959,-0.1519999999999997,-2.37994603248294,-0.6351200132683195
Ecuador,ECU,2014,3.48,3.58922016616663,4.22606520388456,76.141,1.43205886583809,0.119692109287612,0,-2.98517133290703,0.3969999999999998,0.86744438906292,-0.7785735661437201
Ecuador,ECU,2015,3.616,3.96664623255357,0.119692109287612,76.222,1.43093059839379,-0.687954245877947,1,-4.106373094596948,0.13600000000000012,0.3774260663869402,-3.545772213751989
Ecuador,ECU,2016,4.597,1.72826463324532,-0.687954245877947,76.094,1.45809147770557,5.97039880954841,0,-0.8076463551655589,0.9810000000000003,-2.23838159930825,-2.457009724881254
Ecuador,ECU,2017,3.836,0.417335588666824,5.97039880954841,76.22,1.52946083980042,1.04429460679607,0,6.658353055426357,-0.7610000000000006,-1.310929044578496,2.9253533501303988
Ecuador,ECU,2018,3.53,-0.224103246005552,1.04429460679607,77.248,1.71572391035149,0.1654044646003,0,-4.92610420275234,-0.30600000000000005,-0.6414388346723761,0.8661244263370084
Ecuador,ECU,2019,3.812,0.266012515466155,0.1654044646003,77.286,1.68935479627168,-9.24509619165865,1,-0.8788901421957699,0.28200000000000003,0.490115761471707,-2.902497172474055
Ecuador,ECU,2020,6.116,-0.338872392562139,-9.24509619165865,72.004,1.18125258230486,9.42189269033631,0,-9.41050065625895,2.304,-0.6048849080282941,-5.14469539922736
Ecuador,ECU,2021,4.504,0.133251386096389,9.42189269033631,72.746,0.774314023514489,5.86842354862311,0,18.66698888199496,-1.612,0.47212377865852806,4.628244112868005
Ecuador,ECU,2022,3.713,3.46616972213076,5.86842354862311,76.577,0.796723652034201,1.98823813984235,0,-3.5534691417132,-0.7909999999999995,3.332918336034371,7.556759870140881
Ecuador,ECU,2023,3.51,2.21568764237058,1.98823813984235,77.392,0.872456027022398,-2.00125476341026,1,-3.8801854087807603,-0.2030000000000003,-1.25048207976018,-3.71682727524698
Ecuador,ECU,2024,3.453,1.54732515615369,-2.00125476341026,77.579,0.860548498593581,,,-3.9894929032526103,-0.05699999999999994,-0.6683624862168898,-3.9348391560166855
"Egypt, Arab Rep.",EGY,2010,8.757,11.2651882653185,5.1472348575531,69.078,1.91795124102801,1.7645719489982,0,,,,
"Egypt, Arab Rep.",EGY,2011,11.849,10.0649259874818,1.7645719489982,69.232,2.1044607622412,2.22619979863525,0,-3.3826629085548996,3.0920000000000005,-1.2002622778366998,
"Egypt, Arab Rep.",EGY,2012,12.597,7.11172943343082,2.22619979863525,69.464,2.24475795490011,2.18546605362143,0,0.4616278496370503,0.7479999999999993,-2.9531965540509804,-1.4605175294589248
"Egypt, Arab Rep.",EGY,2013,13.154,9.4697198106492,2.18546605362143,69.632,2.30526364315625,2.91591187985748,0,-0.04073374501382032,0.5570000000000004,2.357990377218381,0.21044705231161498
"Egypt, Arab Rep.",EGY,2014,13.105,10.0702154687481,2.91591187985748,69.911,2.27643956620182,4.37201907790141,0,0.7304458262360503,-0.04899999999999949,0.6004956580988985,0.34485604061111497
"Egypt, Arab Rep.",EGY,2015,13.052,10.370490343517,4.37201907790141,70.135,2.09892554805563,4.34664345555447,0,1.4561071980439295,-0.053000000000000824,0.3002748747689008,1.0932765121399899
"Egypt, Arab Rep.",EGY,2016,12.45,13.8136062148289,4.34664345555447,70.437,2.03468294927084,4.18122099994778,0,-0.025375622346939686,-0.6020000000000003,3.4431158713118997,0.7153657878484949
"Egypt, Arab Rep.",EGY,2017,11.767,29.5066083940038,4.18122099994778,70.709,1.99817843887244,5.3311086189448,0,-0.16542245560668967,-0.6829999999999998,15.693002179174899,-0.09539903897681468
"Egypt, Arab Rep.",EGY,2018,9.855,14.4014657807421,5.3311086189448,70.974,1.89713831833082,5.55209307156956,0,1.1498876189970195,-1.911999999999999,-15.105142613261698,0.49223258169516493
"Egypt, Arab Rep.",EGY,2019,7.851,9.15279959324803,5.55209307156956,71.213,1.75497438173801,3.55016483786838,0,0.2209844526247604,-2.0040000000000004,-5.24866618749407,0.68543603581089
"Egypt, Arab Rep.",EGY,2020,7.974,5.04493288977538,3.55016483786838,69.79,1.62495386951696,3.29064601202211,0,-2.00192823370118,0.12300000000000022,-4.10786670347265,-0.8904718905382099
"Egypt, Arab Rep.",EGY,2021,7.441,5.21404940513042,3.29064601202211,68.976,1.4908053906311,6.58784560886967,0,-0.25951882584626995,-0.5330000000000004,0.16911651535504024,-1.130723529773725
"Egypt, Arab Rep.",EGY,2022,6.546,13.8956609775177,6.58784560886967,71.01,1.48609697540294,3.76028052279247,0,3.29719959684756,-0.8949999999999996,8.681611572387279,1.518840385500645
"Egypt, Arab Rep.",EGY,2023,6.753,33.8847763115546,3.76028052279247,71.633,1.68834126904494,2.3991692678251,0,-2.8275650860772,0.20699999999999985,19.989115334036903,0.23481725538517995
"Egypt, Arab Rep.",EGY,2024,6.817,28.2705899322082,2.3991692678251,71.806,1.73324205302065,,,-1.36111125496737,0.06400000000000006,-5.614186379346403,-2.0943381705222848
Spain,ESP,2010,19.86,1.79986457728768,0.0941223116369514,81.6268292682927,0.460408305051304,-0.639920636520344,1,,,,
Spain,ESP,2011,21.39,3.1961018883379,-0.639920636520344,82.4756097560976,0.355338396471428,-2.86511368637748,1,-0.7340429481572954,1.5300000000000011,1.3962373110502202,
Spain,ESP,2012,24.789,2.44612782366808,-2.86511368637748,82.4268292682927,0.0649259625617232,-1.42732224757626,1,-2.225193049857136,3.399000000000001,-0.7499740646698201,-1.4796179990072158
Spain,ESP,2013,26.094,1.40858109183018,-1.42732224757626,83.0780487804878,-0.361668780017733,1.52048593647231,0,1.4377914388012203,1.3049999999999997,-1.0375467318379001,-0.39370080552795794
Spain,ESP,2014,24.441,-0.151114837527234,1.52048593647231,83.2292682926829,-0.308309722343882,4.06086672473866,0,2.94780818404857,-1.6530000000000022,-1.559695929357414,2.192799811424895
Spain,ESP,2015,22.057,-0.500365709903242,4.06086672473866,82.8317073170732,-0.0827492378541321,2.91515598595787,0,2.54038078826635,-2.3840000000000003,-0.34925087237600805,2.74409448615746
Spain,ESP,2016,19.635,-0.202598000426452,2.91515598595787,83.3292682926829,0.0771658726133905,2.89604207865007,0,-1.14571073878079,-2.421999999999997,0.29776770947679,0.69733502474278
Spain,ESP,2017,17.224,1.95607633363963,2.89604207865007,83.2829268292683,0.243134086570712,2.39541124478878,0,-0.019113907307799938,-2.4110000000000014,2.158674334066082,-0.582412323044295
Spain,ESP,2018,15.255,1.6749813686379,2.39541124478878,83.4317073170732,0.451573724507016,1.96117850841711,0,-0.5006308338612899,-1.9689999999999994,-0.28109496500173003,-0.25987237058454493
Spain,ESP,2019,14.104,0.699518994458738,1.96117850841711,83.8317073170732,0.716697775475724,-10.9400706350371,1,-0.43423273637167004,-1.1510000000000016,-0.975462374179162,-0.46743178511648
Spain,ESP,2020,15.532,-0.322753017299739,-10.9400706350371,82.2317073170732,0.510010189620998,6.68314420473001,0,-12.90124914345421,1.4280000000000008,-1.022272011758477,-6.667740939912941
Spain,ESP,2021,14.914,3.09313511976419,6.68314420473001,83.1780487804878,0.178046695121711,6.37031712129601,0,17.623214839767112,-0.6180000000000003,3.415888137063929,2.36098284815645
Spain,ESP,2022,13.033,8.39057634118626,6.37031712129601,83.1341463414634,0.718854879160094,2.46085796805582,0,-0.31282708343400056,-1.8810000000000002,5.297441221422071,8.655193878166555
Spain,ESP,2023,12.179,3.53236133492432,2.46085796805582,83.9341463414634,1.17836618688432,3.45525405630191,0,-3.90945915324019,-0.8539999999999992,-4.858215006261941,-2.111143118337095
Spain,ESP,2024,11.4,2.77417826534772,3.45525405630191,83.8878048780488,1.02121260938381,,,0.99439608824609,-0.7789999999999999,-0.7581830695766003,-1.45753153249705
Estonia,EST,2010,16.707,2.97204512015693,2.4497502063999,75.4292682926829,-0.22805796852935,7.60697458913162,0,,,,
Estonia,EST,2011,12.328,4.9819013145361,7.60697458913162,76.2292682926829,-0.303582823643979,3.67201872506541,0,5.1572243827317195,-4.379000000000001,2.00985619437917,
Estonia,EST,2012,10.021,3.93339987296985,3.67201872506541,76.3268292682927,-0.357944411443807,1.75649379621869,0,-3.93495586406621,-2.3069999999999986,-1.0485014415662501,0.6111342593327549
Estonia,EST,2013,8.631,2.78056658954987,1.75649379621869,77.1414634146341,-0.355891802625531,3.32278988182702,0,-1.91552492884672,-1.3900000000000006,-1.1528332834199797,-2.925240396456465
Estonia,EST,2014,7.352,-0.106175146521709,3.32278988182702,77.0341463414634,-0.262256175097854,1.83815262882932,0,1.5662960856083301,-1.279,-2.886741736071579,-0.17461442161919494
Estonia,EST,2015,6.412,-0.49232600654737,1.83815262882932,77.590243902439,0.0655525295417938,3.09301920751959,0,-1.4846372529977,-0.9400000000000004,-0.386150860025661,0.040829416305315
Estonia,EST,2016,6.882,0.148684907627372,3.09301920751959,77.6414634146342,0.0291122255540077,5.63467248963991,0,1.25486657869027,0.46999999999999975,0.641010914174742,-0.11488533715371507
Estonia,EST,2017,5.807,3.41723549488054,5.63467248963991,78.0926829268293,0.121070631466687,3.69969756161726,0,2.54165328212032,-1.0749999999999993,3.2685505872531677,1.898259930405295
Estonia,EST,2018,5.412,3.43632688420446,3.69969756161726,78.2439024390244,0.348039137980543,3.72664943466884,0,-1.9349749280226503,-0.39500000000000046,0.019091389323920183,0.30333917704883495
Estonia,EST,2019,4.514,2.27725931243522,3.72664943466884,78.6463414634147,0.371554389037477,-2.88380751483778,1,0.02695187305158031,-0.8979999999999997,-1.1590675717692402,-0.954011527485535
Estonia,EST,2020,6.956,-0.444531097679829,-2.88380751483778,78.5951219512195,0.197559185177642,8.25488044580031,0,-6.61045694950662,2.442,-2.721790410115049,-3.2917525382275197
Estonia,EST,2021,6.178,4.65316673847472,8.25488044580031,76.9439024390244,0.105996956310127,-1.22616966587796,1,11.13868796063809,-0.7780000000000005,5.097697836154549,2.264115505565735
Estonia,EST,2022,5.571,19.3982634080616,-1.22616966587796,77.8439024390244,1.33655151148286,-2.74421914571231,1,-9.48105011167827,-0.6070000000000002,14.745096669586879,0.8288189244799102
Estonia,EST,2023,6.378,9.15922507983982,-2.74421914571231,78.7926829268293,1.57745133607335,-0.0900428648493801,1,-1.51804947983435,0.8070000000000004,-10.23903832822178,-5.499549795756311
Estonia,EST,2024,7.6,3.5194118998392,-0.0900428648493801,79.2951219512195,0.149856351926424,,,2.65417628086293,1.2219999999999995,-5.639813180000619,0.5680634005142899
Ethiopia,ETH,2010,2.295,8.14926402965082,12.5505383347633,59.709,2.83517457968806,11.1782962297008,0,,,,
Ethiopia,ETH,2011,2.27,33.2499598823344,11.1782962297008,60.595,2.84354457485296,8.64781163513926,0,-1.372242105062499,-0.02499999999999991,25.100695852683582,
Ethiopia,ETH,2012,2.252,23.600417677317,8.64781163513926,61.443,2.80390393439601,10.5822700502552,0,-2.530484594561541,-0.018000000000000238,-9.6495422050174,-1.95136334981202
Ethiopia,ETH,2013,2.251,7.46402192944517,10.5822700502552,62.161,2.71847231803133,10.2574929627477,0,1.934458415115941,-0.0009999999999998899,-16.13639574787183,-0.29801308972279994
Ethiopia,ETH,2014,2.361,6.89001951597191,10.2574929627477,62.927,2.68299781796922,10.3924630141307,0,-0.3247770875075009,0.11000000000000032,-0.5740024134732602,0.80484066380422
Ethiopia,ETH,2015,2.442,9.56889955968623,10.3924630141307,63.592,2.68480186138776,9.43348265981905,0,0.1349700513830001,0.08099999999999996,2.6788800437143196,-0.09490351806225039
Ethiopia,ETH,2016,2.556,6.62813337230924,9.43348265981905,64.162,2.70788250761242,9.56418965754014,0,-0.9589803543116489,0.11399999999999988,-2.9407661873769895,-0.41200515146432437
Ethiopia,ETH,2017,2.665,10.6871150284238,9.56418965754014,64.766,2.72524097063889,6.81614778557282,0,0.13070699772108973,0.10899999999999999,4.05898165611456,-0.41413667829527956
Ethiopia,ETH,2018,2.811,13.8330356586661,6.81614778557282,65.257,2.69675179524869,8.36408573314054,0,-2.7480418719673203,0.1459999999999999,3.1459206302422995,-1.3086674371231153
Ethiopia,ETH,2019,2.928,15.8096321719344,8.36408573314054,65.741,2.69123978261516,6.05953089054807,0,1.5479379475677195,0.11699999999999999,1.9765965132682997,-0.6000519621998004
Ethiopia,ETH,2020,3.998,20.3563468559061,6.05953089054807,65.969,2.71077284780816,5.64153069257077,0,-2.30455484259247,1.0700000000000003,4.5467146839717,-0.37830844751237525
Ethiopia,ETH,2021,3.935,26.8395221557722,5.64153069257077,65.33,2.67249538803955,5.32175988403378,0,-0.4180001979772996,-0.06300000000000017,6.483175299866101,-1.3612775202848848
Ethiopia,ETH,2022,3.386,33.8898797100898,5.32175988403378,66.897,2.62269500936104,6.59424599357075,0,-0.31977080853699036,-0.5489999999999999,7.0503575543176,-0.368885503257145
Ethiopia,ETH,2023,3.375,30.2188278135278,6.59424599357075,67.315,2.6036241976442,7.61277447511073,0,1.2724861095369704,-0.01100000000000012,-3.671051896562002,0.47635765049999
Ethiopia,ETH,2024,3.357,21.037746057771,7.61277447511073,67.603,2.58350411214521,,,1.0185284815399802,-0.017999999999999794,-9.1810817557568,1.1455072955384753
Finland,FIN,2010,8.394,1.18413523154646,3.1682879121621,79.8707317073171,0.457494535465831,2.39039455396828,0,,,,
Finland,FIN,2011,7.781,3.41680754255211,2.39039455396828,80.4707317073171,0.463558707499131,-1.52284013040689,1,-0.7778933581938201,-0.6130000000000004,2.2326723110056497,
Finland,FIN,2012,7.689,2.80833622561573,-1.52284013040689,80.6268292682927,0.475809486683209,-0.979741024949618,1,-3.91323468437517,-0.09199999999999964,-0.60847131693638,-2.345564021284495
Finland,FIN,2013,8.193,1.47828615688809,-0.979741024949618,80.9756097560976,0.460723772785295,-0.4780684247837,1,0.5430991054572719,0.5039999999999996,-1.3300500687276398,-1.6850677894589488
Finland,FIN,2014,8.663,1.04119621178439,-0.4780684247837,81.1804878048781,0.413560207519414,0.466503766322674,0,0.501672600165918,0.47000000000000064,-0.43708994510370003,0.522385852811595
Finland,FIN,2015,9.376,-0.207928839905268,0.466503766322674,81.4804878048781,0.329383885818507,2.57193414898754,0,0.944572191106374,0.7129999999999992,-1.2491250516896582,0.723122395636146
Finland,FIN,2016,8.818,0.356684500891695,2.57193414898754,81.4292682926829,0.287421401687637,3.30337003591039,0,2.1054303826648657,-0.5579999999999998,0.564613340796963,1.5250012868856198
Finland,FIN,2017,8.64,0.754015047084346,3.30337003591039,81.6317073170732,0.234670531705453,1.19297759742292,0,0.7314358869228501,-0.17799999999999905,0.39733054619265096,1.418433134793858
Finland,FIN,2018,7.361,1.08382098409305,1.19297759742292,81.7341463414634,0.132641040791912,1.34973845741737,0,-2.11039243848747,-1.2790000000000008,0.329805937008704,-0.6894782757823099
Finland,FIN,2019,6.695,1.0240939296343,1.34973845741737,81.9829268292683,0.110191690491055,-2.49103605535707,1,0.1567608599944501,-0.6659999999999995,-0.05972705445875004,-0.9768157892465099
Finland,FIN,2020,7.759,0.290554555653239,-2.49103605535707,81.9317073170732,0.143641197212847,2.67634641498897,0,-3.84077451277444,1.064,-0.733539373981061,-1.842006826389995
Finland,FIN,2021,7.617,2.19457432340007,2.67634641498897,81.8853658536585,0.207288594407348,0.763041912763526,0,5.167382470346039,-0.14200000000000035,1.9040197677468311,0.6633039787857999
Finland,FIN,2022,6.719,7.12350773301402,0.763041912763526,81.1878048780488,0.271944526506117,-0.939093459613758,1,-1.913304502225444,-0.8979999999999997,4.9289334096139505,1.627038984060298
Finland,FIN,2023,7.149,6.25064322154762,-0.939093459613758,81.5853658536585,0.499192375381062,0.416171964862073,0,-1.7021353723772839,0.4299999999999997,-0.8728645114663998,-1.807719937301364
Finland,FIN,2024,8.4,1.56568906231615,0.416171964862073,82.3365853658537,0.642640054363343,,,1.355265424475831,1.2510000000000003,-4.68495415923147,-0.17343497395072652
Fiji,FJI,2010,4.345,3.6890122967076,2.9546724221223,66.778,0.34990116341096,2.70514302901054,0,,,,
Fiji,FJI,2011,4.406,7.278117827085,2.70514302901054,66.88,0.28188992280493,1.41131438177968,0,-0.24952939311176037,0.06099999999999994,3.5891055303774007,
Fiji,FJI,2012,4.375,3.42337523401979,1.41131438177968,65.812,0.211061144367838,4.73421948956533,0,-1.2938286472308598,-0.030999999999999694,-3.8547425930652106,-0.7716790201713101
Fiji,FJI,2013,4.356,2.91354193603992,4.73421948956533,66.545,0.156612656036956,5.60351440618301,0,3.32290510778565,-0.019000000000000128,-0.5098332979798696,1.014538230277395
Fiji,FJI,2014,4.323,0.519306474579106,5.60351440618301,66.581,0.134464835572885,4.50120041028725,0,0.8692949166176804,-0.032999999999999474,-2.394235461460814,2.0961000122016653
Fiji,FJI,2015,4.288,1.37488542621446,4.50120041028725,66.48,0.108160342715375,2.44565179664245,0,-1.1023139958957602,-0.03500000000000014,0.8555789516353541,-0.11650953963903987
Fiji,FJI,2016,4.319,3.86322538221277,2.44565179664245,66.657,0.0639915048086223,5.35336455965039,0,-2.0555486136448002,0.030999999999999694,2.4883399559983097,-1.5789313047702802
Fiji,FJI,2017,4.418,3.34757834757831,5.35336455965039,67.06,-0.0442890767199793,3.81235122208561,0,2.90771276300794,0.0990000000000002,-0.5156470346344597,0.4260820746815699
Fiji,FJI,2018,4.523,4.08147637644542,3.81235122208561,66.965,-0.172010114641272,-0.581946709343867,1,-1.54101333756478,0.10499999999999954,0.73389802886711,0.68334971272158
Fiji,FJI,2019,4.661,1.79388647514555,-0.581946709343867,67.009,-0.24900685817593,-17.1835352599354,1,-4.394297931429477,0.1379999999999999,-2.28758990129987,-2.9676556344971283
Fiji,FJI,2020,5.054,-1.70014167847317,-17.1835352599354,66.924,0.00699506301854314,-4.3459619989752,1,-16.601588550591533,0.3930000000000007,-3.49402815361872,-10.497943241010505
Fiji,FJI,2021,5.225,1.53454853751591,-4.3459619989752,64.904,0.190863715994045,17.7451269773594,0,12.8375732609602,0.17099999999999937,3.23469021598908,-1.8820076448156668
Fiji,FJI,2022,5.403,6.07882431529724,17.7451269773594,67.148,0.295294727557318,9.44245856738313,0,22.091088976334603,0.17799999999999994,4.54427577778133,17.4643311186474
Fiji,FJI,2023,5.316,2.97544080604538,9.44245856738313,67.316,0.51237740019889,3.53085896076352,0,-8.302668409976272,-0.08699999999999974,-3.10338350925186,6.894210283179165
Fiji,FJI,2024,5.361,3.89084237884105,3.53085896076352,67.463,0.500721796949901,,,-5.911599606619609,0.04499999999999993,0.9154015727956701,-7.10713400829794
France,FRA,2010,9.279,1.53112270420918,2.00032476039051,81.6634146341463,0.492976371032656,2.43757653729007,0,,,,
France,FRA,2011,9.228,2.11159795175,2.43757653729007,82.1146341463415,0.482667411007127,0.183835264973013,0,0.4372517768995601,-0.051000000000000156,0.5804752475408199,
France,FRA,2012,9.841,1.95419531613509,0.183835264973013,81.9682926829268,0.483714919435185,0.781756446231,0,-2.253741272317057,0.6129999999999995,-0.15740263561490986,-0.9082447477087485
France,FRA,2013,9.913,0.863715497861804,0.781756446231,82.219512195122,0.516915013016667,0.997832947295251,0,0.597921181257987,0.07200000000000095,-1.090479818273286,-0.8279100455295351
France,FRA,2014,10.273,0.507758822937989,0.997832947295251,82.719512195122,0.474847846171767,1.06675474783462,0,0.21607650106425091,0.35999999999999943,-0.355956674923815,0.40699884116111895
France,FRA,2015,10.354,0.0375143805125181,1.06675474783462,82.3219512195122,0.355569240058298,0.860031075424033,0,0.06892180053936903,0.08099999999999952,-0.4702444424254709,0.14249915080180997
France,FRA,2016,10.057,0.183334861123764,0.860031075424033,82.5731707317073,0.263868788565368,2.08361485997399,0,-0.20672367241058698,-0.2969999999999988,0.1458204806112459,-0.06890093593560898
France,FRA,2017,9.409,1.03228275064681,2.08361485997399,82.5756097560976,0.29020211635109,1.64590872395887,0,1.223583784549957,-0.6479999999999997,0.848947889523046,0.508430056069685
France,FRA,2018,9.018,1.85081508315492,1.64590872395887,82.6756097560976,0.358494581816163,2.02744646419237,0,-0.4377061360151202,-0.391,0.81853233250811,0.39293882426741844
France,FRA,2019,8.415,1.10825492288293,2.02744646419237,82.8268292682927,0.332559129027963,-7.44064589948231,1,0.3815377402335003,-0.6030000000000015,-0.74256016027199,-0.02808419789080996
France,FRA,2020,8.009,0.476498852725065,-7.44064589948231,82.1756097560976,0.324557781035362,6.88233783360239,0,-9.46809236367468,-0.4059999999999988,-0.631756070157865,-4.5432773117205905
France,FRA,2021,7.871,1.64233141038393,6.88233783360239,82.3243902439024,0.356902332389048,2.71676264185913,0,14.322983733084701,-0.1379999999999999,1.1658325576588648,2.42744568470501
France,FRA,2022,7.303,5.22236748369725,2.71676264185913,82.1292682926829,0.502320929337976,1.43921494437743,0,-4.16557519174326,-0.5680000000000005,3.5800360733133196,5.078704270670721
France,FRA,2023,7.335,4.8783572650844,1.43921494437743,82.8317073170732,0.275093143443794,1.19046798275883,0,-1.2775476974817,0.03200000000000003,-0.3440102186128495,-2.7215614446124805
France,FRA,2024,7.4,1.99904942291462,1.19046798275883,82.9804878048781,0.261995241898747,,,-0.2487469616186,0.06500000000000039,-2.87930784216978,-0.76314732955015
Gabon,GAB,2010,20.39,1.46154402720469,7.08988731455126,64.715,3.44994267851283,7.09175334258654,0,,,,
Gabon,GAB,2011,19.895,1.26331707837421,7.09175334258654,65.102,3.54739719912158,5.25107691750407,0,0.0018660280352804648,-0.495000000000001,-0.19822694883047998,
Gabon,GAB,2012,19.661,2.65241828695626,5.25107691750407,65.438,3.57746904510728,5.63869900338696,0,-1.8406764250824699,-0.2339999999999982,1.38910120858205,-0.9194051985235947
Gabon,GAB,2013,19.736,0.505441058915615,5.63869900338696,65.751,3.52009296367142,4.31496444107469,0,0.3876220858828896,0.07499999999999929,-2.146977228040645,-0.7265271695997901
Gabon,GAB,2014,19.873,4.69045751826284,4.31496444107469,66.07,3.35844001734251,3.8788993950789,0,-1.3237345623122696,0.13700000000000045,4.185016459347225,-0.46805623821469
Gabon,GAB,2015,19.943,-0.338795188753406,3.8788993950789,66.336,3.11465625322556,2.09144220829562,0,-0.43606504599579043,0.07000000000000028,-5.029252707016246,-0.87989980415403
Gabon,GAB,2016,20.117,2.10670712784054,2.09144220829562,66.583,2.86485541015556,0.472642030911146,0,-1.7874571867832798,0.1739999999999995,2.445502316593946,-1.1117611163895351
Gabon,GAB,2017,20.307,2.65192583143902,0.472642030911146,66.816,2.65889572463952,0.83791658082157,0,-1.618800177384474,0.18999999999999773,0.5452187035984801,-1.703128682083877
Gabon,GAB,2018,20.459,4.74906652083221,0.83791658082157,67.043,2.53688289832205,3.92080879452831,0,0.36527454991042396,0.15200000000000102,2.09714068939319,-0.6267628137370251
Gabon,GAB,2019,20.371,2.46456756151187,3.92080879452831,67.337,2.47279132038176,-1.83776106357656,1,3.08289221370674,-0.08800000000000097,-2.28449895932034,1.724083381808582
Gabon,GAB,2020,21.279,1.35276110675333,-1.83776106357656,67.073,2.38922359813697,1.46795731487489,0,-5.75856985810487,0.9080000000000013,-1.11180645475854,-1.337838822199065
Gabon,GAB,2021,21.223,1.0869074651941,1.46795731487489,67.072,2.30612435799096,3.03761449530657,0,3.30571837845145,-0.05600000000000094,-0.2658536415592301,-1.22642573982671
Gabon,GAB,2022,20.319,4.23124798274579,3.03761449530657,67.713,2.24763901253797,2.43893665064327,0,1.5696571804316801,-0.9039999999999999,3.14434051755169,2.437687779441565
Gabon,GAB,2023,20.161,3.62901534185376,2.43893665064327,68.337,2.19891289669511,3.39403899592401,0,-0.5986778446633001,-0.1579999999999977,-0.6022326408920304,0.48548966788419
Gabon,GAB,2024,20.091,1.17311998381218,3.39403899592401,68.511,2.15636509762581,,,0.9551023452807401,-0.07000000000000028,-2.45589535804158,0.17821225030872
United Kingdom,GBR,2010,7.973,2.49265472467065,2.26054460931586,80.4024390243902,0.783888646646516,0.851437739020326,0,,,,
United Kingdom,GBR,2011,8.195,3.8561124468282,0.851437739020326,80.9512195121951,0.781506562236639,1.52826034721852,0,-1.4091068702955338,0.22200000000000042,1.3634577221575501,
United Kingdom,GBR,2012,8.279,2.5732347965453,1.52826034721852,80.9048780487805,0.712282568284022,1.71846961308464,0,0.6768226081981941,0.08399999999999963,-1.2828776502829,-0.3661421310486699
United Kingdom,GBR,2013,7.752,2.29166666666659,1.71846961308464,81.0048780487805,0.669537112028056,3.16017351468152,0,0.19020926586611986,-0.5270000000000001,-0.28156812987871005,0.43351593703215696
United Kingdom,GBR,2014,6.398,1.45112016293279,3.16017351468152,81.3048780487805,0.747135714780007,2.14040560033371,0,1.44170390159688,-1.354,-0.8405465037338002,0.8159565837314999
United Kingdom,GBR,2015,5.552,0.36804684232536,2.14040560033371,80.9560975609756,0.721624002974263,2.20652020635357,0,-1.0197679143478098,-0.8460000000000001,-1.08307332060743,0.2109679936245351
United Kingdom,GBR,2016,4.909,1.0084173681141,2.20652020635357,81.1560975609756,0.79421971482011,3.02322219840339,0,0.06611460601985986,-0.6429999999999998,0.64037052578874,-0.47682665416397496
United Kingdom,GBR,2017,4.501,2.55775577557747,3.02322219840339,81.2560975609756,0.545706020084833,1.55133095078786,0,0.8167019920498197,-0.4079999999999995,1.54933840746337,0.4414082990348398
United Kingdom,GBR,2018,4.145,2.29283990345938,1.55133095078786,81.2560975609756,0.488451313281444,1.25629899760824,0,-1.4718912476155297,-0.35600000000000076,-0.26491587211809,-0.327594627782855
United Kingdom,GBR,2019,3.657,1.73810460086513,1.25629899760824,81.3691219512195,0.514596380840432,-10.047896637362,1,-0.29503195317962017,-0.48799999999999955,-0.5547353025942501,-0.8834616003975749
United Kingdom,GBR,2020,4.472,0.989486703772491,-10.047896637362,80.331756097561,0.169447088341033,8.5431118453255,0,-11.30419563497024,0.8150000000000004,-0.7486178970926389,-5.799613794074929
United Kingdom,GBR,2021,4.864,2.51837109614213,8.5431118453255,80.6473170731707,0.358937930235741,5.14970388522993,0,18.5910084826875,0.39199999999999946,1.528884392369639,3.6434064238586297
United Kingdom,GBR,2022,3.768,7.92204883147902,5.14970388522993,81.0112195121951,0.921336799385098,0.271650048355255,0,-3.39340796009557,-1.096,5.40367773533689,7.598800261295964
United Kingdom,GBR,2023,4.025,6.79396706793963,0.271650048355255,81.2380975609756,1.30497972307431,1.1264226705118,0,-4.878053836874675,0.25700000000000056,-1.1280817635393898,-4.135730898485122
United Kingdom,GBR,2024,4.361,3.2715729463592,1.1264226705118,81.3868536585366,1.0659564474212,,,0.8547726221565448,0.3359999999999994,-3.5223941215804304,-2.011640607359065
Georgia,GEO,2010,20.203,7.11017897486099,6.24640865303363,71.732,-0.729475256932528,7.9343365253078,0,,,,
Georgia,GEO,2011,19.632,8.5429333333333,7.9343365253078,72.485,-0.802164039694326,6.57883101954195,0,1.6879278722741704,-0.570999999999998,1.4327543584723106,
Georgia,GEO,2012,19.653,-0.943658853270964,6.57883101954195,72.672,-0.736565518814038,5.13288531209382,0,-1.3555055057658496,0.020999999999997243,-9.486592186604264,0.1662111832541604
Georgia,GEO,2013,19.416,-0.512058410947092,5.13288531209382,73.025,-0.300972141406188,4.09049059581743,0,-1.4459457074481303,-0.23699999999999832,0.43160044232387196,-1.40072560660699
Georgia,GEO,2014,17.439,3.06881210379543,4.09049059581743,73.105,0.0469539002549217,3.35102350265353,0,-1.04239471627639,-1.9770000000000003,3.580870514742522,-1.2441702118622602
Georgia,GEO,2015,16.506,4.00357820695097,3.35102350265353,73.241,0.157481405176007,3.45021517996871,0,-0.7394670931639,-0.9329999999999998,0.9347661031555403,-0.890930904720145
Georgia,GEO,2016,16.604,2.13492713939121,3.45021517996871,73.136,0.0598165991047394,5.15990261658827,0,0.0991916773151802,0.09799999999999898,-1.8686510675597603,-0.3201377079243599
Georgia,GEO,2017,13.939,6.03531725272117,5.15990261658827,73.435,0.0133860746662629,6.062036412677,0,1.7096874366195598,-2.664999999999999,3.9003901133299603,0.90443955696737
Georgia,GEO,2018,12.667,2.6152447139767,6.062036412677,73.985,-0.0390365463489613,5.38071926589951,0,0.9021337960887301,-1.2720000000000002,-3.42007253874447,1.305910616354145
Georgia,GEO,2019,11.565,4.85289821696723,5.38071926589951,74.165,-0.171565740223868,-6.2904717853839,1,-0.6813171467774897,-1.1020000000000003,2.2376535029905296,0.11040832465562023
Georgia,GEO,2020,11.734,5.2024648897534,-6.2904717853839,73.509,0.0686562494680967,10.6442336580969,0,-11.671191051283412,0.16900000000000048,0.34956667278617015,-6.17625409903045
Georgia,GEO,2021,11.785,9.56691433824769,10.6442336580969,71.635,-0.379636607027231,10.9585321385624,0,16.9347054434808,0.051000000000000156,4.36444944849429,2.631757196098694
Georgia,GEO,2022,11.621,11.8981654203198,10.9585321385624,74.141,0.104889950638883,7.83220126555726,0,0.31429848046550113,-0.1639999999999997,2.331251082072111,8.62450196197315
Georgia,GEO,2023,11.549,2.48776056578715,7.83220126555726,74.496,0.0802640328443946,9.67979387500691,0,-3.1263308730051405,-0.07200000000000095,-9.41040485453265,-1.4060161962698197
Georgia,GEO,2024,11.557,1.10971758022096,9.67979387500691,74.657,-0.429560042538271,,,1.8475926094496495,0.008000000000000895,-1.3780429855661902,-0.6393691317777455
Ghana,GHA,2010,5.384,10.7333898354915,7.89971194051621,61.297,2.43301424000427,14.0471235803149,0,,,,
Ghana,GHA,2011,4.213,8.7284593709302,14.0471235803149,61.617,2.40497145453178,9.2927894063005,0,6.1474116397986895,-1.1710000000000003,-2.0049304645613013,
Ghana,GHA,2012,3.126,11.1863409441067,9.2927894063005,61.995,2.4199090803465,7.31252501678145,0,-4.754334174014399,-1.0870000000000002,2.4578815731765005,0.6965387328921451
Ghana,GHA,2013,2.173,11.6661923071729,7.31252501678145,62.397,2.40927930949909,2.85624016330883,0,-1.98026438951905,-0.9529999999999998,0.47985136306619935,-3.3672992817667247
Ghana,GHA,2014,4.403,15.4896160333318,2.85624016330883,62.832,2.36498553072391,2.12075933817334,0,-4.45628485347262,2.2299999999999995,3.8234237261589,-3.218274621495835
Ghana,GHA,2015,6.806,17.1499695007878,2.12075933817334,63.175,2.30712733064921,3.37346574966936,0,-0.7354808251354901,2.4030000000000005,1.6603534674560017,-2.595882839304055
Ghana,GHA,2016,5.256,17.4546347070868,3.37346574966936,63.522,2.27621203911157,8.12889488100956,0,1.2527064114960198,-1.5499999999999998,0.3046652062989992,0.25861279318026487
Ghana,GHA,2017,3.369,12.3719215507048,8.12889488100956,63.829,2.19535792776401,6.20007768127284,0,4.7554291313401995,-1.887,-5.082713156382001,3.00406777141811
Ghana,GHA,2018,3.204,7.80876516610703,6.20007768127284,64.138,2.07517136640112,6.5077747939152,0,-1.9288171997367192,-0.16500000000000004,-4.56315638459777,1.4133059658017402
Ghana,GHA,2019,3.067,7.14364003330857,6.5077747939152,64.455,2.00780519953703,0.513941670628171,0,0.30769711264235955,-0.137,-0.66512513279846,-0.8105600435471798
Ghana,GHA,2020,3.178,9.88728956269944,0.513941670628171,64.309,1.99181985149439,5.07646643533542,0,-5.993833123287029,0.11099999999999977,2.7436495293908703,-2.8430680053223347
Ghana,GHA,2021,3.2,9.9710886750444,5.07646643533542,64.286,1.95904584379494,3.80484980952164,0,4.562524764707249,0.02200000000000024,0.08379911234496085,-0.7156541792898898
Ghana,GHA,2022,2.87,31.2558951049016,3.80484980952164,65.246,1.92029034344132,3.14009099763754,0,-1.2716166258137802,-0.33000000000000007,21.2848064298572,1.6454540694467343
Ghana,GHA,2023,2.829,38.1069656296501,3.14009099763754,65.498,1.90860289687983,5.59045469593266,0,-0.6647588118840999,-0.040999999999999925,6.851070524748497,-0.9681877188489401
Ghana,GHA,2024,2.82,22.8483281157842,5.59045469593266,65.695,1.87500010333119,,,2.4503636982951202,-0.009000000000000341,-15.2586375138659,0.8928024432055102
Guinea,GIN,2010,5.018,15.0502688559001,4.81336016967553,56.431,2.45929310036327,5.61211177430975,0,,,,
Guinea,GIN,2011,5.024,21.3169268542577,5.61211177430975,56.778,2.47697352651722,5.91528626133322,0,0.7987516046342202,0.006000000000000227,6.266657998357601,
Guinea,GIN,2012,4.874,15.2262941038638,5.91528626133322,57.117,2.45416156342286,3.94568708624053,0,0.30317448702346983,-0.15000000000000036,-6.090632750393901,0.550963045828845
Guinea,GIN,2013,4.944,11.8875884481828,3.94568708624053,57.459,2.44471498509098,3.69655311664086,0,-1.9695991750926898,0.07000000000000028,-3.338705655681,-0.83321234403461
Guinea,GIN,2014,5.044,6.1505055670642,3.69655311664086,57.581,2.48019346390261,3.82591056949435,0,-0.24913396959967038,0.09999999999999964,-5.7370828811186,-1.10936657234618
Guinea,GIN,2015,5.15,11.7800825029834,3.82591056949435,57.899,2.53151277572433,10.82062719659,0,0.12935745285348998,0.10600000000000076,5.629576935919201,-0.0598882583730902
Guinea,GIN,2016,4.997,8.17268112275132,10.82062719659,58.49,2.56690869267138,10.3000053427355,0,6.99471662709565,-0.15300000000000047,-3.6074013802320817,3.5620370399745696
Guinea,GIN,2017,4.86,8.91435947913097,10.3000053427355,58.715,2.55652318226129,6.35849192736715,0,-0.5206218538545002,-0.13699999999999957,0.7416783563796514,3.2370473866205747
Guinea,GIN,2018,4.835,9.82761701259191,6.35849192736715,59.043,2.54385572881799,5.61691446889876,0,-3.941513415368349,-0.025000000000000355,0.9132575334609392,-2.2310676346114247
Guinea,GIN,2019,5.018,9.47001039253012,5.61691446889876,59.379,2.56100451729991,4.70459096113575,0,-0.7415774584683898,0.18299999999999983,-0.3576066200617891,-2.3415454369183695
Guinea,GIN,2020,6.007,10.6016203387167,4.70459096113575,59.35,2.55139953603925,5.5823328114905,0,-0.9123235077630101,0.9889999999999999,1.131609946186579,-0.8269504831157
Guinea,GIN,2021,5.815,12.5972882566934,5.5823328114905,59.373,2.50610419423246,3.97240784200721,0,0.8777418503547496,-0.19199999999999928,1.9956679179767,-0.017290828704130234
Guinea,GIN,2022,5.174,10.4930409984424,3.97240784200721,60.432,2.48250409145397,5.54172668627702,0,-1.6099249694832896,-0.641,-2.104247258251,-0.36609155956427
Guinea,GIN,2023,5.141,7.80497591927973,5.54172668627702,60.74,2.46199049961035,5.35004659051708,0,1.5693188442698096,-0.03300000000000036,-2.6880650791626692,-0.020303062606739974
Guinea,GIN,2024,5.132,8.12313914948596,5.35004659051708,60.904,2.39595802290484,,,-0.19168009575993938,-0.009000000000000341,0.3181632302062294,0.6888193742549351
"Gambia, The",GMB,2010,9.673,5.04968075857402,5.90833580968288,61.167,2.90737929979677,-8.13044422315659,1,,,,
"Gambia, The",GMB,2011,10.276,4.7958826618311,-8.13044422315659,61.561,2.92337692748517,5.24156924630741,0,-14.03878003283947,0.6029999999999998,-0.2537980967429201,
"Gambia, The",GMB,2012,10.346,4.25432199813899,5.24156924630741,61.9,2.94591935774346,2.872768790327,0,13.372013469464001,0.07000000000000028,-0.5415606636921098,-0.3333832816877349
"Gambia, The",GMB,2013,9.454,5.69912989637382,2.872768790327,62.252,2.92894143394412,-1.40738249510954,1,-2.36880045598041,-0.8919999999999995,1.4448078982348296,5.501606506741795
"Gambia, The",GMB,2014,8.191,5.94799935696626,-1.40738249510954,62.576,2.84475839442236,4.0580738039996,0,-4.28015128543654,-1.263,0.24886946059244064,-3.3244758707084747
"Gambia, The",GMB,2015,7.226,6.8084549457961,4.0580738039996,62.971,2.73428839872651,1.94335965478776,0,5.46545629910914,-0.9650000000000007,0.86045558882984,0.5926525068362998
"Gambia, The",GMB,2016,6.244,7.22879272057922,1.94335965478776,63.386,2.62819405087404,4.8226112492757,0,-2.1147141492118395,-0.9820000000000002,0.4203377747831194,1.6753710749486501
"Gambia, The",GMB,2017,5.097,8.03418974545911,4.8226112492757,63.708,2.52588138504562,7.23489033258579,0,2.8792515944879398,-1.1469999999999994,0.8053970248798894,0.3822687226380501
"Gambia, The",GMB,2018,4.055,6.52096823946573,7.23489033258579,64.034,2.42294300881827,6.22205315994859,0,2.41227908331009,-1.0420000000000007,-1.5132215059933793,2.645765338899015
"Gambia, The",GMB,2019,4.481,7.11567625631192,6.22205315994859,64.427,2.35622071960344,0.591487287873974,0,-1.0128371726371999,0.42600000000000016,0.59470801684619,0.6997209553364452
"Gambia, The",GMB,2020,5.84,5.93127636562441,0.591487287873974,64.418,2.3686612920428,5.25596878816744,0,-5.630565872074616,1.359,-1.1843998906875095,-3.321701522355908
"Gambia, The",GMB,2021,6.213,7.37034758876618,5.25596878816744,63.847,2.36774778418782,5.49299823010114,0,4.664481500293466,0.3730000000000002,1.4390712231417693,-0.4830421858905751
"Gambia, The",GMB,2022,6.067,11.5131198380505,5.49299823010114,64.859,2.31992109797091,5.9167957146697,0,0.2370294419337,-0.1459999999999999,4.14277224928432,2.450755471113583
"Gambia, The",GMB,2023,6.479,16.9742129632327,5.9167957146697,65.86,2.30124049704572,5.55126069510321,0,0.4237974845685599,0.4119999999999999,5.461093125182199,0.33041346325112997
"Gambia, The",GMB,2024,6.48,11.5610532897511,5.55126069510321,66.057,2.27730257212036,,,-0.36553501956649015,0.001000000000000334,-5.413159673481598,0.029131232501034887
Guinea-Bissau,GNB,2010,3.121,2.51785140171701,5.60536311358261,56.999,2.58492032110101,8.08504167173554,0,,,,
Guinea-Bissau,GNB,2011,3.072,5.046102263202,8.08504167173554,57.663,2.62922766462762,-1.71286958446419,1,2.479678558152931,-0.04899999999999993,2.52825086148499,
Guinea-Bissau,GNB,2012,3.135,2.13054580274503,-1.71286958446419,58.27,2.65952739224803,3.25607190852087,0,-9.79791125619973,0.06299999999999972,-2.91555646045697,-3.6591163490233996
Guinea-Bissau,GNB,2013,3.173,1.20712555668405,3.25607190852087,58.879,2.66229101877146,0.964525745841428,0,4.96894149298506,0.038000000000000256,-0.9234202460609802,-2.414484881607335
Guinea-Bissau,GNB,2014,3.285,-1.50924460570494,0.964525745841428,59.476,2.62731155689981,6.1340893623123,0,-2.291546162679442,0.1120000000000001,-2.7163701623889898,1.3386976651528089
Guinea-Bissau,GNB,2015,3.168,1.47672048910485,6.1340893623123,60.071,2.57045957815277,5.4326782650304,0,5.169563616470872,-0.11699999999999999,2.98596509480979,1.4390087268957148
Guinea-Bissau,GNB,2016,3.139,1.50312055861088,5.4326782650304,60.619,2.51155296505032,4.66367943913264,0,-0.7014110972818992,-0.02900000000000036,0.02640006950603002,2.2340762595944863
Guinea-Bissau,GNB,2017,3.089,1.69111461822298,4.66367943913264,61.148,2.4363257519627,3.76145359637003,0,-0.7689988258977607,-0.04999999999999982,0.18799405961209992,-0.73520496158983
Guinea-Bissau,GNB,2018,3.127,0.381324702790992,3.76145359637003,61.652,2.37405997248475,5.32749571119344,0,-0.9022258427626095,0.03799999999999981,-1.3097899154319879,-0.8356123343301851
Guinea-Bissau,GNB,2019,2.413,0.24660026814783,5.32749571119344,62.161,2.34095994762157,2.89139814952995,0,1.5660421148234098,-0.714,-0.134724434643162,0.33190813603040015
Guinea-Bissau,GNB,2020,2.887,1.14000939393222,2.89139814952995,61.343,2.28895000835492,5.05055831244401,0,-2.43609756166349,0.4740000000000002,0.89340912578439,-0.43502772342004015
Guinea-Bissau,GNB,2021,3.016,2.24248879577658,5.05055831244401,61.653,2.23903878745423,5.52987253058352,0,2.15916016291406,0.129,1.10247940184436,-0.13846869937471507
Guinea-Bissau,GNB,2022,2.666,9.39075933985203,5.52987253058352,63.605,2.24235388639993,5.82749502627256,0,0.4793142181395105,-0.3500000000000001,7.14827054407545,1.3192371905267852
Guinea-Bissau,GNB,2023,2.632,7.10220928557059,5.82749502627256,64.085,2.24529187264064,4.14631137217332,0,0.29762249568903965,-0.03399999999999981,-2.2885500542814405,0.38846835691427506
Guinea-Bissau,GNB,2024,2.647,3.76555825770114,4.14631137217332,64.254,2.20520563612008,,,-1.6811836540992404,0.01499999999999968,-3.3366510278694497,-0.6917805792051004
Equatorial Guinea,GNQ,2010,7.847,7.78916547991184,-8.92417588851806,58.344,4.59586770504622,6.52392362989873,0,,,,
Equatorial Guinea,GNQ,2011,7.837,4.805389221557,6.52392362989873,58.827,4.34060206449919,8.31287184445641,0,15.448099518416791,-0.010000000000000675,-2.9837762583548395,
Equatorial Guinea,GNQ,2012,7.761,3.65662048278806,8.31287184445641,59.301,4.07484554769573,-4.13319850131583,1,1.7889482145576796,-0.07599999999999962,-1.1487687387689403,8.618523866487235
Equatorial Guinea,GNQ,2013,7.675,2.94887694639662,-4.13319850131583,59.784,3.99605995538999,0.415066301596866,0,-12.44607034577224,-0.0860000000000003,-0.7077435363914399,-5.32856106560728
Equatorial Guinea,GNQ,2014,7.669,4.30999866149107,0.415066301596866,60.228,3.90501924555756,-9.11004114881537,1,4.548264802912696,-0.006000000000000227,1.3611217150944501,-3.948902771429772
Equatorial Guinea,GNQ,2015,7.778,1.67663085315988,-9.11004114881537,60.635,3.79160484192286,-8.81641723219757,1,-9.525107450412236,0.10899999999999999,-2.63336780833119,-2.48842132374977
Equatorial Guinea,GNQ,2016,7.798,1.41193915479015,-8.81641723219757,61.081,3.66421838047825,-5.66750850486686,1,0.2936239166178005,0.020000000000000462,-0.26469169836972983,-4.615741766897218
Equatorial Guinea,GNQ,2017,7.843,0.74435474661241,-5.66750850486686,61.481,3.53129362583944,-6.23654406734575,1,3.148908727330709,0.04499999999999993,-0.6675844081777401,1.7212663219742548
Equatorial Guinea,GNQ,2018,7.818,1.06007410662171,-6.23654406734575,61.915,3.39945242088076,-5.48182537893445,1,-0.5690355624788896,-0.025000000000000355,0.3157193600093001,1.2899365824259097
Equatorial Guinea,GNQ,2019,7.917,1.53027528964189,-5.48182537893445,62.297,3.271454421427,-4.79108083383294,1,0.7547186884113,0.0990000000000002,0.47020118302018,0.09284156296620516
Equatorial Guinea,GNQ,2020,8.625,4.76669523944228,-4.79108083383294,62.141,2.73390823188935,0.860269956382069,0,0.6907445451015102,0.7080000000000002,3.2364199498003896,0.7227316167564051
Equatorial Guinea,GNQ,2021,8.821,-0.0971007664640198,0.860269956382069,62.447,2.43551071649529,3.22350831658598,0,5.651350790215009,0.19599999999999973,-4.863796005906299,3.1710476676582595
Equatorial Guinea,GNQ,2022,8.334,4.78671704710803,3.22350831658598,63.355,2.5130374213272,-5.08930872071532,1,2.363238360203911,-0.4870000000000001,4.883817813572049,4.0072945752094595
Equatorial Guinea,GNQ,2023,8.218,2.85949506037322,-5.08930872071532,63.707,2.41057232825781,0.907248245986736,0,-8.3128170373013,-0.11599999999999966,-1.9272219867348097,-2.9747893385486948
Equatorial Guinea,GNQ,2024,8.293,2.92140227309103,0.907248245986736,63.906,2.40472649031131,,,5.996556966702056,0.07499999999999929,0.061907212717809745,-1.1581300352996218
Greece,GRC,2010,12.719,4.71298907760395,-5.6937412158003,80.3878048780488,0.128880432668041,-9.87677875300243,1,,,,
Greece,GRC,2011,17.973,3.3298532335065,-9.87677875300243,80.7317073170732,-0.147951277402184,-8.33113421099992,1,-4.1830375372021305,5.254,-1.3831358440974504,
Greece,GRC,2012,24.731,1.50152696177758,-8.33113421099992,80.6341463414634,-0.540752950543684,-2.27211699888024,1,1.5456445420025098,6.758000000000003,-1.82832627172892,-1.3186964975998103
Greece,GRC,2013,27.686,-0.921269454256899,-2.27211699888024,81.2853658536585,-0.725120806658085,0.792225060962835,0,6.059017212119681,2.9549999999999983,-2.422796416034479,3.8023308770610953
Greece,GRC,2014,26.708,-1.31226096405525,0.792225060962835,81.3853658536585,-0.666113290031891,-0.228301892172851,1,3.064342059843075,-0.9780000000000015,-0.39099150979835107,4.561679635981378
Greece,GRC,2015,24.981,-1.73588804765275,-0.228301892172851,81.0365853658537,-0.658861360878339,-0.0317947678412054,1,-1.020526953135686,-1.7269999999999968,-0.4236270835975,1.0219075533536945
Greece,GRC,2016,23.514,-0.825653978391033,-0.0317947678412054,81.3878048780488,-0.415913028277122,1.47312472702352,0,0.19650712433164558,-1.4670000000000023,0.910234069261717,-0.41200991440202017
Greece,GRC,2017,21.413,1.12125452031425,1.47312472702352,81.2878048780488,-0.197783224759792,2.06467207892409,0,1.5049194948647253,-2.100999999999999,1.9469084987052832,0.8507133095981855
Greece,GRC,2018,19.179,0.62562141345364,2.06467207892409,81.7878048780488,-0.202880238259165,2.27718065334808,0,0.5915473519005703,-2.2340000000000018,-0.49563310686061013,1.0482334233826478
Greece,GRC,2019,17.045,0.253007522038059,2.27718065334808,81.6390243902439,-0.105339392724138,-9.19623149726978,1,0.21250857442398985,-2.133999999999997,-0.372613891415581,0.40202796316228007
Greece,GRC,2020,15.899,-1.24798355581405,-9.19623149726978,81.2878048780488,-0.214592106571664,8.65449786002131,0,-11.473412150617861,-1.1460000000000026,-1.500991077852109,-5.630451788096935
Greece,GRC,2021,14.656,1.22382501019854,8.65449786002131,80.0829268292683,-1.21680248998544,5.52198580589408,0,17.85072935729109,-1.2429999999999986,2.47180856601259,3.1886586033366155
Greece,GRC,2022,12.426,9.64525981280642,5.52198580589408,80.7878048780488,-1.25988945727074,2.13591131996631,0,-3.13251205412723,-2.2300000000000004,8.42143480260788,7.35910865158193
Greece,GRC,2023,11.023,3.46480128513405,2.13591131996631,81.7365853658537,-0.283349545727581,2.0865743380603,0,-3.3860744859277703,-1.4030000000000005,-6.1804585276723705,-3.2592932700275004
Greece,GRC,2024,10.02,2.74101875679477,2.0865743380603,81.8390243902439,-0.0213045199396999,,,-0.0493369819060101,-1.0030000000000001,-0.7237825283392803,-1.7177057339168902
Guatemala,GTM,2010,3.497,3.8595090983316,2.88417542800377,69.885,1.9815646590713,4.16390688293349,0,,,,
Guatemala,GTM,2011,3.169,6.214123930671,4.16390688293349,70.321,1.99386386318175,2.97470856847661,0,1.2797314549297196,-0.32799999999999985,2.3546148323394,
Guatemala,GTM,2012,2.765,3.78180754679678,2.97470856847661,70.722,1.99138673642109,3.69481894978053,0,-1.1891983144568798,-0.4039999999999999,-2.4323163838742197,0.04526657023641989
Guatemala,GTM,2013,3.017,4.34337131279521,3.69481894978053,70.878,1.95360189099984,4.44397783368888,0,0.72011038130392,0.2519999999999998,0.5615637659984296,-0.2345439665764799
Guatemala,GTM,2014,2.717,3.4183616966296,4.44397783368888,70.942,1.89511231857489,4.09217081621244,0,0.7491588839083501,-0.2999999999999998,-0.9250096161656094,0.734634632606135
Guatemala,GTM,2015,2.506,2.3887203283955,4.09217081621244,70.915,1.83250767864618,2.67780277623314,0,-0.35180701747643983,-0.2110000000000003,-1.0296413682341004,0.19867593321595511
Guatemala,GTM,2016,2.583,4.44844199942827,2.67780277623314,71.215,1.84256060230578,3.07985126948702,0,-1.4143680399793004,0.0770000000000004,2.05972167103277,-0.8830875287278701
Guatemala,GTM,2017,2.462,4.42453655182546,3.07985126948702,71.583,1.81876091504989,3.40687348346576,0,0.40204849325388015,-0.121,-0.023905447602809993,-0.5061597733627101
Guatemala,GTM,2018,2.283,3.75186186704508,3.40687348346576,71.496,1.66602273310221,4.01789785040324,0,0.32702221397874,-0.17900000000000027,-0.6726746847803797,0.36453535361631006
Guatemala,GTM,2019,2.193,3.69998398008605,4.01789785040324,71.639,1.52062955252943,-1.78555175063326,1,0.61102436693748,-0.08999999999999986,-0.05187788695902995,0.46902329045811
Guatemala,GTM,2020,2.965,3.21444062197345,-1.78555175063326,69.971,1.47137710546514,8.04170378184928,0,-5.8034496010365,0.7719999999999998,-0.4855433581126003,-2.59621261704951
Guatemala,GTM,2021,2.174,4.26105127422813,8.04170378184928,67.858,1.3807587059317,4.18451817243695,0,9.82725553248254,-0.7909999999999999,1.0466106522546803,2.0119029657230207
Guatemala,GTM,2022,3.051,6.88512823344287,4.18451817243695,71.206,1.40623710213146,3.5331575177533,0,-3.8571856094123307,0.8770000000000002,2.62407695921474,2.985034961535105
Guatemala,GTM,2023,2.344,6.20657592272126,3.5331575177533,72.602,1.53986971917384,3.65186382894819,0,-0.6513606546836499,-0.7070000000000003,-0.67855231072161,-2.2542731320479903
Guatemala,GTM,2024,2.613,2.86992752918294,3.65186382894819,72.746,1.54129399660934,,,0.11870631119489028,0.26900000000000013,-3.3366483935383204,-0.2663271717443798
Guyana,GUY,2010,11.632,3.73337757704246,4.13844160137342,66.204,-0.378060196527414,5.19625156051602,0,,,,
Guyana,GUY,2011,11.811,4.9777356370697,5.19625156051602,66.469,-0.41500411640408,5.27633062046809,0,1.0578099591426007,0.17900000000000027,1.2443580600272401,
Guyana,GUY,2012,12.029,2.39193521312334,5.27633062046809,66.443,0.0180911674723709,3.65338433338232,0,0.08007905995206954,0.21799999999999997,-2.58580042394636,0.5689445095473351
Guyana,GUY,2013,12.296,1.90125181860582,3.65338433338232,66.71,0.498962145496388,1.68649445019584,0,-1.62294628708577,0.26699999999999946,-0.49068339451751997,-0.7714336135668503
Guyana,GUY,2014,12.637,0.852630497539914,1.68649445019584,67.334,0.559482928582681,0.687404590619494,0,-1.9668898831864798,0.3410000000000011,-1.048621321065906,-1.7949180851361248
Guyana,GUY,2015,13.009,-1.00173432776374,0.687404590619494,67.719,0.601716278706478,3.80745626378814,0,-0.9990898595763461,0.3719999999999999,-1.8543648253036542,-1.482989871381413
Guyana,GUY,2016,13.263,0.836008061506207,3.80745626378814,68.069,0.626279284065059,3.73449154571284,0,3.120051673168646,0.25399999999999956,1.837742389269947,1.0604809067961498
Guyana,GUY,2017,13.466,1.90465615515584,3.73449154571284,68.543,0.643724559372237,4.44091288475967,0,-0.07296471807529992,0.2029999999999994,1.068648093649633,1.523543477546673
Guyana,GUY,2018,13.627,1.28284288443528,4.44091288475967,68.829,2.95873919098606,5.35284003535665,0,0.7064213390468299,0.16100000000000136,-0.6218132707205601,0.316728310485765
Guyana,GUY,2019,13.172,2.08723089162013,5.35284003535665,69.067,2.0146740033225,43.479651716849,0,0.9119271505969797,-0.45500000000000007,0.8043880071848502,0.8091742448219048
Guyana,GUY,2020,15.308,0.99333702283873,43.479651716849,67.751,-0.0227843180487706,20.0599975568418,0,38.12681168149235,2.1359999999999992,-1.0938938687814002,19.519369416044665
Guyana,GUY,2021,14.576,5.03285574626702,20.0599975568418,64.323,0.985982406099209,63.3346343654855,0,-23.419654160007198,-0.7319999999999993,4.03951872342829,7.353578760742575
Guyana,GUY,2022,11.907,6.11505550109935,63.3346343654855,69.888,0.751934221097092,33.795011115873,0,43.2746368086437,-2.6690000000000005,1.08219975483233,9.92749132431825
Guyana,GUY,2023,11.917,2.82110335099641,33.795011115873,70.18,0.57233513230005,43.8193108024355,0,-29.539623249612497,0.009999999999999787,-3.2939521501029403,6.867506779515601
Guyana,GUY,2024,11.874,2.90395226446373,43.8193108024355,70.319,0.571243951310838,,,10.0242996865625,-0.04299999999999926,0.08284891346731982,-9.757661781524998
"Hong Kong SAR, China",HKG,2010,4.329,2.29289088604673,6.76768834119794,82.9575609756098,0.734446396338105,4.81470669259771,0,,,,
"Hong Kong SAR, China",HKG,2011,3.422,5.3052489299392,4.81470669259771,83.4119512195122,0.672543291818633,1.70030613669923,0,-1.9529816486002298,-0.9069999999999996,3.01235804389247,
"Hong Kong SAR, China",HKG,2012,3.285,4.05390950903844,1.70030613669923,83.450243902439,1.1039579972368,3.10152391561608,0,-3.11440055589848,-0.137,-1.2513394209007602,-2.533691102249355
"Hong Kong SAR, China",HKG,2013,3.4,4.33799342105267,3.10152391561608,83.8312195121951,0.401982535858444,2.76242639191302,0,1.40121777891685,0.11499999999999977,0.2840839120142302,-0.856591388490815
"Hong Kong SAR, China",HKG,2014,3.296,4.42364532019699,2.76242639191302,83.9356097560976,0.702370950536049,2.38777942738729,0,-0.33909752370306023,-0.10400000000000009,0.08565189914432025,0.5310601276068949
"Hong Kong SAR, China",HKG,2015,3.314,2.99084819322581,2.38777942738729,84.2526829268293,0.851197911086988,2.17542886502997,0,-0.37464696452572976,0.018000000000000238,-1.4327971269711801,-0.356872244114395
"Hong Kong SAR, China",HKG,2016,3.392,2.40930743862224,2.17542886502997,84.2114634146342,0.619366345332479,3.79611114629799,0,-0.21235056235732008,0.07799999999999985,-0.5815407546035702,-0.2934987634415249
"Hong Kong SAR, China",HKG,2017,3.124,1.49387243939522,3.79611114629799,84.6956097560976,0.768513877614955,2.84695146463069,0,1.62068228126802,-0.2679999999999998,-0.9154349992270199,0.7041658594553499
"Hong Kong SAR, China",HKG,2018,2.805,2.40613432046534,2.84695146463069,84.869756097561,0.800230596967774,-1.6724459934221,1,-0.9491596816672998,-0.31899999999999995,0.9122618810701197,0.33576129980036007
"Hong Kong SAR, China",HKG,2019,2.917,2.88320853773996,-1.6724459934221,85.1558536585366,0.739283471323064,-6.54480412699255,1,-4.51939745805279,0.11199999999999966,0.47707421727462007,-2.734278569860045
"Hong Kong SAR, China",HKG,2020,5.808,0.2509620210808,-6.54480412699255,85.4963414634146,-0.358932661902885,6.45444409087024,0,-4.87235813357045,2.891,-2.6322465166591598,-4.6958777958116205
"Hong Kong SAR, China",HKG,2021,5.174,1.56875834445922,6.45444409087024,85.5326829268293,-0.91177674914823,-3.68378414495199,1,12.999248217862789,-0.6339999999999995,1.31779632337842,4.06344504214617
"Hong Kong SAR, China",HKG,2022,4.318,1.88136707196853,-3.68378414495199,83.6609756097561,-0.907914524343304,3.2238599613664,0,-10.138228235822229,-0.8560000000000008,0.3126087275093101,1.4305099910202799
"Hong Kong SAR, China",HKG,2023,2.949,2.09660511249089,3.2238599613664,85.2473170731707,2.55352466697343,2.50498758466826,0,6.90764410631839,-1.3689999999999998,0.21523804052236017,-1.61529206475192
"Hong Kong SAR, China",HKG,2024,2.988,1.72972119105914,2.50498758466826,85.3926829268293,-0.159360467186035,,,-0.71887237669814,0.039000000000000146,-0.3668839214317503,3.094385864810125
Honduras,HND,2010,4.119,4.69889064976226,3.73114034433009,69.77,2.12597244017857,3.83569066207505,0,,,,
Honduras,HND,2011,4.474,6.7622795731476,3.83569066207505,70.116,2.06679823709264,4.12868774866939,0,0.10455031774495982,0.3550000000000004,2.0633889233853404,
Honduras,HND,2012,3.755,5.19618615531848,4.12868774866939,70.46,2.02251270813154,2.79155975746801,0,0.2929970865943399,-0.7190000000000003,-1.5660934178291201,0.19877370216964985
Honduras,HND,2013,5.646,5.16189898581494,2.79155975746801,70.765,1.97914318489325,3.0580805621437,0,-1.3371279912013798,1.891,-0.03428716950354005,-0.52206545230352
Honduras,HND,2014,7.078,6.12924930313022,3.0580805621437,71.032,1.93678209287486,3.84007997093951,0,0.26652080467568995,1.4320000000000004,0.9673503173152804,-0.5353035932628449
Honduras,HND,2015,6.147,3.15783117980923,3.84007997093951,71.323,1.90365241356179,3.89297219726413,0,0.78199940879581,-0.931,-2.97141812332099,0.52426010673575
Honduras,HND,2016,6.727,2.72461223295289,3.89297219726413,71.615,1.87756675968273,4.84291391050387,0,0.05289222632461987,0.5800000000000001,-0.4332189468563401,0.4174458175602149
Honduras,HND,2017,5.528,3.93436084442044,4.84291391050387,71.805,1.85007611234979,3.84499476966735,0,0.9499417132397401,-1.1990000000000007,1.2097486114675502,0.50141696978218
Honduras,HND,2018,5.648,4.34734937777528,3.84499476966735,72.001,1.82994643094924,2.55963434592314,0,-0.9979191408365198,0.1200000000000001,0.41298853335483976,-0.02398871379838985
Honduras,HND,2019,5.698,4.36587159819267,2.55963434592314,72.124,1.81063773761993,-8.96508223267296,1,-1.2853604237442102,0.05000000000000071,0.018522220417390045,-1.141639782290365
Honduras,HND,2020,10.982,3.46841177951184,-8.96508223267296,70.864,1.75456432541029,12.5652843771279,0,-11.5247165785961,5.283999999999999,-0.8974598186808298,-6.405038501170155
Honduras,HND,2021,8.506,4.48087963413445,12.5652843771279,69.492,1.66825063176954,4.14356194013767,0,21.53036660980086,-2.475999999999999,1.0124678546226096,5.00282501560238
Honduras,HND,2022,8.774,9.08963911525025,4.14356194013767,72.715,1.67679658023776,3.57584760454412,0,-8.42172243699023,0.2679999999999989,4.608759481115801,6.554322086405315
Honduras,HND,2023,6.07,6.66325180347457,3.57584760454412,72.884,1.71477388415816,3.55397003296669,0,-0.5677143355935499,-2.703999999999999,-2.42638731177568,-4.49471838629189
Honduras,HND,2024,4.91,4.60621098127107,3.55397003296669,73.044,1.68469129774697,,,-0.0218775715774302,-1.1600000000000001,-2.0570408222035006,-0.29479595358549004
Croatia,HRV,2010,11.62,1.03055505333574,-1.33604672354973,76.4756097560976,-0.226821270818422,-0.110906722446629,1,,,,
Croatia,HRV,2011,13.678,2.2727272727273,-0.110906722446629,76.7756097560976,-0.345264228485821,-2.23743360119771,1,1.225140001103101,2.0580000000000016,1.24217221939156,
Croatia,HRV,2012,16.046,3.41207349081358,-2.23743360119771,77.1682926829268,-0.474278461071106,-0.13364573653061,1,-2.126526878751081,2.3679999999999986,1.13934621808628,-0.45069343882399004
Croatia,HRV,2013,17.231,2.21658206429779,-0.13364573653061,77.5707317073171,-0.622679127955842,-0.557692913614588,1,2.1037878646671,1.1850000000000023,-1.1954914265157899,-0.011369507041990468
Croatia,HRV,2014,17.209,-0.215196159576268,-0.557692913614588,77.7243902439024,-0.766382113019195,2.31998692708386,0,-0.424047177083978,-0.022000000000002018,-2.431778223874058,0.8398703437915611
Croatia,HRV,2015,16.15,-0.464499004644911,2.31998692708386,77.2756097560976,-1.19410185876662,3.46646114288178,0,2.877679840698448,-1.059000000000001,-0.249302845068643,1.226816331807235
Croatia,HRV,2016,13.015,-1.12500000000002,3.46646114288178,77.9219512195122,-1.08634598144505,3.28396321643012,0,1.14647421579792,-3.134999999999998,-0.660500995355109,2.012077028248184
Croatia,HRV,2017,11.078,1.12937210282347,3.28396321643012,77.7268292682927,-1.60675520461679,2.91107593407843,0,-0.18249792645165996,-1.9370000000000012,2.25437210282349,0.48198814467313
Croatia,HRV,2018,8.322,1.50012501041756,2.91107593407843,77.919512195122,-1.31087324504252,3.10152683894853,0,-0.37288728235169,-2.7560000000000002,0.3707529075940901,-0.277692604401675
Croatia,HRV,2019,6.551,0.771820346498019,3.10152683894853,78.2243902439024,-0.992302961069294,-8.31086401501189,1,0.19045090487009997,-1.770999999999999,-0.7283046639195411,-0.09121818874079501
Croatia,HRV,2020,7.389,0.154811374562106,-8.31086401501189,77.5243902439024,-0.894863743984583,12.6322190351024,0,-11.41239085396042,0.8380000000000001,-0.617008971935913,-5.610969974545161
Croatia,HRV,2021,7.483,2.55450699642041,12.6322190351024,76.4243902439025,-0.904000889163613,7.29445343642668,0,20.94308305011429,0.09399999999999942,2.3996956218583043,4.765346098076935
Croatia,HRV,2022,6.811,10.7805806758686,7.29445343642668,77.5756097560976,-0.603521952188318,3.76164540703459,0,-5.33776559867572,-0.6719999999999997,8.226073679448191,7.802658725719286
Croatia,HRV,2023,6.121,7.9412817758683,3.76164540703459,78.4731707317073,0.104856226330186,3.82688702890739,0,-3.5328080293920903,-0.6899999999999995,-2.8392989000003004,-4.435286814033905
Croatia,HRV,2024,5.0,2.97200477643618,3.82688702890739,78.9292682926829,0.168627948783285,,,0.0652416218727998,-1.1210000000000004,-4.96927699943212,-1.7337832037596452
Haiti,HTI,2010,15.244,4.82734190074673,-5.65151153448299,45.577,1.16672671353074,5.09821354410036,0,,,,
Haiti,HTI,2011,14.506,6.33279483849042,5.09821354410036,61.581,1.13206279763289,0.502424403581585,0,10.74972507858335,-0.7379999999999995,1.5054529377436898,
Haiti,HTI,2012,14.1,5.01804155429246,0.502424403581585,62.273,1.54988860322553,4.32478411472874,0,-4.595789140518775,-0.4060000000000006,-1.31475328419796,3.0769679690322875
Haiti,HTI,2013,13.704,4.76502404779142,4.32478411472874,62.624,1.50397078747826,2.88877250863379,0,3.8223597111471546,-0.395999999999999,-0.25301750650104005,-0.3867147146858101
Haiti,HTI,2014,13.808,3.43816659958601,2.88877250863379,62.969,1.46512576303264,1.40000000859727,0,-1.4360116060949495,0.1039999999999992,-1.32685744820541,1.1931740525261025
Haiti,HTI,2015,13.785,6.73184069658997,1.40000000859727,63.224,1.43574035756707,1.81246807847532,0,-1.4887725000365202,-0.022999999999999687,3.2936740970039597,-1.4623920530657348
Haiti,HTI,2016,13.902,11.5029073942666,1.81246807847532,63.325,1.39862723308259,2.51027134544685,0,0.41246806987805007,0.1169999999999991,4.7710666976766305,-0.538152215079235
Haiti,HTI,2017,13.932,10.6800887242584,2.51027134544685,63.832,1.36160662434986,1.66781095484656,0,0.6978032669715302,0.030000000000001137,-0.8228186700081999,0.5551356684247901
Haiti,HTI,2018,13.934,12.4814111170435,1.66781095484656,64.077,1.32790959369268,-1.72309699839232,1,-0.8424603906002901,0.0019999999999988916,1.8013223927850994,-0.07232856181437997
Haiti,HTI,2019,14.095,18.7037825672506,-1.72309699839232,64.328,1.29423660619831,-3.30550546965893,1,-3.39090795323888,0.16100000000000136,6.222371450207099,-2.116684171919585
Haiti,HTI,2020,15.573,22.7963113642528,-3.30550546965893,63.773,1.24109993204209,-1.79823988931486,1,-1.5824084712666102,1.4779999999999998,4.092528797002203,-2.4866582122527454
Haiti,HTI,2021,15.296,16.8415240198785,-1.79823988931486,62.613,1.15604339382525,-1.68198396897978,1,1.5072655803440702,-0.277000000000001,-5.954787344374303,-0.03757144546127
Haiti,HTI,2022,14.54,33.98393194707,-1.68198396897978,63.948,1.12789828650149,-1.86388420254838,1,0.11625592033507992,-0.7560000000000002,17.1424079271915,0.8117607503395751
Haiti,HTI,2023,14.459,36.8135162780854,-1.86388420254838,64.936,1.15633263604117,-4.16963395808132,1,-0.18190023356859997,-0.08099999999999952,2.829584331015404,-0.03282215661676002
Haiti,HTI,2024,14.609,26.9490564091987,-4.16963395808132,65.119,1.15472671204546,,,-2.3057497555329403,0.15000000000000036,-9.864459868886701,-1.2438249945507702
Hungary,HUN,2010,11.172,4.85555795691956,1.06795068152046,74.2073170731707,-0.226013875689698,1.91670916599742,0,,,,
Hungary,HUN,2011,11.029,3.9299209893507,1.91670916599742,74.8585365853659,-0.283360435946948,-1.33948446518181,1,0.84875848447696,-0.14300000000000068,-0.9256369675688596,
Hungary,HUN,2012,11.003,5.65214517088646,-1.33948446518181,75.0634146341463,-0.516437606548041,2.03216990678146,0,-3.2561936311792303,-0.0259999999999998,1.7222241815357595,-1.2037175733511352
Hungary,HUN,2013,10.177,1.73319984983101,2.03216990678146,75.5658536585366,-0.481259646558662,4.33435364113967,0,3.37165437196327,-0.8260000000000005,-3.9189453210554497,0.05773037039201989
Hungary,HUN,2014,7.725,-0.227566270988219,4.33435364113967,75.7634146341463,-0.402887577253118,3.65981615406955,0,2.3021837343582106,-2.452,-1.9607661208192289,2.8369190531607402
Hungary,HUN,2015,6.813,-0.0616446800641672,3.65981615406955,75.5682926829269,-0.35946625276649,2.43864141309342,0,-0.6745374870701202,-0.9119999999999999,0.1659215909240518,0.8138231236440452
Hungary,HUN,2016,5.115,0.394769306686392,2.43864141309342,76.0634146341464,-0.388598014975531,4.12418389451805,0,-1.2211747409761302,-1.6979999999999995,0.45641398675055916,-0.9478561140231252
Hungary,HUN,2017,4.156,2.34824281150154,4.12418389451805,75.8170731707317,-0.338685889370073,5.60613813768876,0,1.6855424814246303,-0.9590000000000005,1.9534735048151481,0.23218387022425002
Hungary,HUN,2018,3.667,2.85024792594646,5.60613813768876,76.0658536585366,-0.203687269785053,5.07718495088933,0,1.4819542431707093,-0.4889999999999999,0.5020051144449198,1.5837483622976698
Hungary,HUN,2019,3.411,3.33858635382008,5.07718495088933,76.3195121951219,-0.125143121699401,-4.33872540024058,1,-0.5289531867994297,-0.2559999999999998,0.48833842787362025,0.4765005281856398
Hungary,HUN,2020,4.248,3.32674385766738,-4.33872540024058,75.419512195122,-0.252049642963059,7.22291580811137,0,-9.41591035112991,0.8370000000000002,-0.011842496152700388,-4.97243176896467
Hungary,HUN,2021,4.021,5.11096534382855,7.22291580811137,74.0658536585366,-0.409163639262836,4.15238057779229,0,11.56164120835195,-0.2270000000000003,1.78422148616117,1.07286542861102
Hungary,HUN,2022,3.583,14.6081439492433,4.15238057779229,75.8682926829268,-0.268850150860009,-0.817107370513455,1,-3.07053523031908,-0.4379999999999997,9.49717860541475,4.245552989016435
Hungary,HUN,2023,4.096,17.1249659678737,-0.817107370513455,76.5707317073171,-0.134269181500181,0.560117843140432,0,-4.969487948305745,0.5129999999999999,2.5168220186304,-4.020011589312412
Hungary,HUN,2024,4.5,3.70370370370369,0.560117843140432,76.7243902439025,-0.314510077464087,,,1.377225213653887,0.4039999999999999,-13.421262264170009,-1.7961313673259292
Indonesia,IDN,2010,5.614,5.13420639015885,6.22385418062366,68.364,1.26054140134601,6.16978420771008,0,,,,
Indonesia,IDN,2011,5.153,5.35604849112582,6.16978420771008,68.629,1.27668830646548,6.03005065305615,0,-0.05406997291358007,-0.4610000000000003,0.22184210096697043,
Indonesia,IDN,2012,4.468,4.2795142691943,6.03005065305615,68.862,1.28583816632167,5.5572636889101,0,-0.13973355465393045,-0.6849999999999996,-1.0765342219315208,-0.09690176378375526
Indonesia,IDN,2013,4.336,6.41249457900391,5.5572636889101,69.064,1.24038001568984,5.006668425755,0,-0.47278696414604937,-0.13199999999999967,2.1329803098096107,-0.3062602593999899
Indonesia,IDN,2014,4.049,6.39492882396559,5.006668425755,69.292,1.17536091203837,4.87632230022123,0,-0.5505952631551008,-0.2869999999999999,-0.01756575503832014,-0.5116911136505751
Indonesia,IDN,2015,4.514,6.36312061196646,4.87632230022123,69.52,1.12233981761262,5.03306918280177,0,-0.13034612553376945,0.46499999999999986,-0.03180821199913009,-0.3404706943444351
Indonesia,IDN,2016,4.301,3.52580452815451,5.03306918280177,69.733,1.0744882002252,5.06978590134916,0,0.15674688258054026,-0.21300000000000008,-2.83731608381195,0.013200378523385403
Indonesia,IDN,2017,3.783,3.80879857691949,5.06978590134916,69.953,1.02232939771064,5.17429153955024,0,0.03671671854738978,-0.5180000000000002,0.28299404876498,0.09673180056396502
Indonesia,IDN,2018,4.387,3.19834755924996,5.17429153955024,70.08,0.969743409524713,5.01928768046282,0,0.10450563820108005,0.6039999999999996,-0.6104510176695297,0.07061117837423492
Indonesia,IDN,2019,3.59,3.03058460941661,5.01928768046282,70.349,0.935604959235128,-2.06551182934165,1,-0.15500385908742054,-0.7969999999999997,-0.16776294983335038,-0.025249110443170242
Indonesia,IDN,2020,4.255,1.91983527270793,-2.06551182934165,68.817,0.849801187379341,3.70288562827751,0,-7.084799509804469,0.665,-1.1107493367086798,-3.619901684445945
Indonesia,IDN,2021,3.827,1.56007882983334,3.70288562827751,67.452,0.704601321926319,5.30719722664799,0,5.768397457619161,-0.42799999999999994,-0.3597564428745901,-0.6582010260926547
Indonesia,IDN,2022,3.462,4.20946463714784,5.30719722664799,70.925,0.746050469653246,5.04902331835997,0,1.6043115983704794,-0.36499999999999977,2.6493858073145002,3.68635452799482
Indonesia,IDN,2023,3.308,3.66938654859761,5.04902331835997,71.146,0.842666137328498,5.03034469419038,0,-0.2581739082880192,-0.15400000000000036,-0.5400780885502301,0.6730688450412301
Indonesia,IDN,2024,3.301,2.18151273615189,5.03034469419038,71.288,0.813871513351669,,,-0.018678624169590208,-0.006999999999999673,-1.48787381244572,-0.13842626622880472
India,IND,2010,7.631,11.9893899204244,8.49758470221235,67.162,1.45460361883041,5.24131619937695,0,,,,
India,IND,2011,7.609,8.91179336483371,5.24131619937695,67.623,1.41682761544376,5.45638755166587,0,-3.2562685028354004,-0.02200000000000024,-3.0775965555906915,
India,IND,2012,7.645,9.47899691419801,5.45638755166587,68.076,1.37405616603306,6.38610640094825,0,0.21507135228891983,0.03599999999999959,0.5672035493643008,-1.5205985752732403
India,IND,2013,7.678,10.0178784746102,6.38610640094825,68.499,1.33270430507476,7.41022760508854,0,0.9297188492823807,0.03300000000000036,0.5388815604121895,0.5723951007856503
India,IND,2014,7.656,6.66565671867899,7.41022760508854,68.932,1.26129027125347,7.99625378571471,0,1.0241212041402896,-0.02200000000000024,-3.3522217559312093,0.9769200267113352
India,IND,2015,7.629,4.90697344127256,7.99625378571471,69.326,1.19285563384335,8.25630550179086,0,0.5860261806261695,-0.027000000000000135,-1.7586832774064307,0.8050736923832296
India,IND,2016,7.611,4.94821634062141,8.25630550179086,69.709,1.19162966402099,6.79538341897911,0,0.2600517160761511,-0.017999999999999794,0.04124289934885006,0.4230389483511603
India,IND,2017,7.626,3.32817337461298,6.79538341897911,70.068,1.1623961434697,6.45385134497769,0,-1.4609220828117504,0.015000000000000568,-1.62004296600843,-0.6004351833677997
India,IND,2018,7.652,3.9388264669163,6.45385134497769,70.415,1.09729906702925,3.87143694070356,0,-0.34153207400142005,0.0259999999999998,0.6106530923033202,-0.9012270784065852
India,IND,2019,6.51,3.72950573539129,3.87143694070356,70.746,1.04001395098104,-5.77772470686801,1,-2.58241440427413,-1.1420000000000003,-0.20932073152500985,-1.461973239137775
India,IND,2020,7.859,6.62343677628535,-5.77772470686801,70.156,0.973438646910149,9.68959249192875,0,-9.649161647571571,1.3490000000000002,2.8939310408940595,-6.11578802592285
India,IND,2021,6.38,5.13140747176369,9.68959249192875,67.282,0.822648220128724,7.60936497768895,0,15.46731719879676,-1.479,-1.49202930452166,2.9090777756125945
India,IND,2022,4.822,6.69903414079852,7.60936497768895,71.698,0.790200540609834,9.19075493028345,0,-2.0802275142398,-1.5579999999999998,1.56762666903483,6.69354484227848
India,IND,2023,4.172,5.64914318907925,9.19075493028345,72.003,0.883289539766135,6.49476552383821,0,1.5813899525945008,-0.6500000000000004,-1.04989095171927,-0.24941878082264957
India,IND,2024,4.173,4.95303550973656,6.49476552383821,72.235,0.890706546985984,,,-2.69598940644524,0.001000000000000334,-0.6961076793426892,-0.5572997269253697
Ireland,IRL,2010,14.534,-0.918388645376774,1.68297175486512,80.7439024390244,0.544884384079014,1.60886648916944,0,,,,
Ireland,IRL,2011,15.354,2.5489783020855,1.60886648916944,80.7463414634146,0.436072439258428,-0.40502941658977,1,-0.07410526569567999,0.8199999999999985,3.467366947462274,
Ireland,IRL,2012,15.451,1.69474116680366,-0.40502941658977,80.8463414634146,0.4237438032978,2.1929375750029,0,-2.01389590575921,0.09700000000000131,-0.8542371352818401,-1.044000585727445
Ireland,IRL,2013,13.735,0.515099484900573,2.1929375750029,80.9487804878049,0.526556158855653,9.38579335130922,0,2.59796699159267,-1.716000000000001,-1.179641681903087,0.29203554291673006
Ireland,IRL,2014,11.858,0.190916398713745,9.38579335130922,81.3487804878049,0.731001376585771,24.6239856364006,0,7.1928557763063194,-1.876999999999999,-0.324183086186828,4.895411383949495
Ireland,IRL,2015,9.908,-0.330959783371788,24.6239856364006,81.4536585365854,0.944845307474728,1.22271661130947,0,15.238192285091381,-1.950000000000001,-0.521876182085533,11.215524030698852
Ireland,IRL,2016,8.374,0.0201247735963237,1.22271661130947,81.6536585365854,1.28405485082411,10.1088576065965,0,-23.401269025091132,-1.533999999999999,0.3510845569681117,-4.081538369999874
Ireland,IRL,2017,6.713,0.362173038229378,10.1088576065965,82.1560975609756,1.34979886553997,7.68865937437435,0,8.886140995287029,-1.6610000000000005,0.3420482646330543,-7.257564014902051
Ireland,IRL,2018,5.741,0.471130713712916,7.68865937437435,82.2048780487805,1.45141079540844,4.97288003766816,0,-2.42019823222215,-0.9720000000000004,0.10895767548353796,3.23297138153244
Ireland,IRL,2019,4.95,0.937842961189274,4.97288003766816,82.7024390243903,1.58865409604595,7.15369505735335,0,-2.7157793367061895,-0.7909999999999995,0.46671224747635803,-2.56798878446417
Ireland,IRL,2020,5.623,-0.326183651280033,7.15369505735335,82.4560975609756,1.26378913010119,16.2581881158197,0,2.1808150196851903,0.673,-1.2640266124693071,-0.2674821585104996
Ireland,IRL,2021,6.357,2.34034113447044,16.2581881158197,82.2536585365854,1.39579966615221,7.51113888415304,0,9.10449305846635,0.734,2.666524785750473,5.64265403907577
Ireland,IRL,2022,4.465,7.82945736434105,7.51113888415304,82.509756097561,1.98101664069715,-2.53637409313261,1,-8.747049231666658,-1.8920000000000003,5.489116229870611,0.178721913399845
Ireland,IRL,2023,4.243,6.29942487419125,-2.53637409313261,82.8073170731707,1.87573900211149,2.59946721553708,0,-10.04751297728565,-0.22199999999999953,-1.5300324901498001,-9.397281104476154
Ireland,IRL,2024,4.3,2.11344999577317,2.59946721553708,83.009756097561,1.57375843711631,,,5.13584130866969,0.056999999999999496,-4.18597487841808,-2.4558358343079805
"Iran, Islamic Rep.",IRN,2010,13.679,10.0893629287979,5.79793830169604,74.39,1.25167392158024,2.6457179180628,0,,,,
"Iran, Islamic Rep.",IRN,2011,12.491,26.2933856738608,2.6457179180628,74.721,1.2358675452331,-3.74717139864109,1,-3.15222038363324,-1.1880000000000006,16.2040227450629,
"Iran, Islamic Rep.",IRN,2012,12.275,27.2568127242908,-3.74717139864109,75.039,1.25130743376216,-1.52197920494184,1,-6.39288931670389,-0.2159999999999993,0.9634270504299991,-4.772554850168564
"Iran, Islamic Rep.",IRN,2013,10.595,36.6030355191029,-1.52197920494184,75.349,1.30690505728311,4.98477506709476,0,2.2251921936992503,-1.6799999999999997,9.346222794812103,-2.08384856150232
"Iran, Islamic Rep.",IRN,2014,10.68,16.6065532357449,4.98477506709476,75.635,1.343129076071,-1.42488493937503,1,6.5067542720366,0.08499999999999908,-19.996482283358002,4.365973232867925
"Iran, Islamic Rep.",IRN,2015,11.166,12.4846815611533,-1.42488493937503,75.907,1.36159478810594,8.8150866425182,0,-6.40966000646979,0.48600000000000065,-4.121871674591601,0.048547132783405056
"Iran, Islamic Rep.",IRN,2016,12.618,7.24542548952979,8.8150866425182,76.155,1.43348558597155,3.02685468694025,0,10.23997158189323,1.452,-5.23925607162351,1.9151557877117198
"Iran, Islamic Rep.",IRN,2017,12.232,8.04492437660278,3.02685468694025,76.396,1.43870442098455,-3.74796015711334,1,-5.788231955577949,-0.386000000000001,0.7994988870729891,2.22586981315764
"Iran, Islamic Rep.",IRN,2018,12.195,18.0141183371874,-3.74796015711334,76.621,1.27524656861717,-2.36143538770575,1,-6.774814844053591,-0.036999999999999034,9.969193960584622,-6.28152339981577
"Iran, Islamic Rep.",IRN,2019,10.74,39.9073455697784,-2.36143538770575,76.855,1.07831720901251,4.44180865358672,0,1.3865247694075902,-1.455,21.893227232591,-2.6941450373230005
"Iran, Islamic Rep.",IRN,2020,9.687,30.5941390387295,4.44180865358672,74.141,0.768757498195729,4.13089685034471,0,6.803244041292469,-1.0530000000000008,-9.313206531048898,4.09488440535003
"Iran, Islamic Rep.",IRN,2021,9.282,43.3890162681514,4.13089685034471,73.752,0.831029236943935,4.35281087521344,0,-0.31091180324200973,-0.40499999999999936,12.7948772294219,3.2461661190252302
"Iran, Islamic Rep.",IRN,2022,9.085,43.4884641742179,4.35281087521344,76.799,1.20100285857304,5.33235117216407,0,0.22191402486873013,-0.19699999999999918,0.09944790606650145,-0.0444988891866398
"Iran, Islamic Rep.",IRN,2023,8.129,44.5791857572797,5.33235117216407,77.654,1.20408185634218,3.66312056830718,0,0.9795402969506295,-0.9560000000000013,1.0907215830618,0.6007271609096798
"Iran, Islamic Rep.",IRN,2024,8.146,32.455871402917,3.66312056830718,77.854,1.05286922170537,,,-1.6692306038568896,0.017000000000001236,-12.123314354362705,-0.34484515345313005
Iraq,IRQ,2010,8.267,2.8777472527476,6.40256484471193,68.092,3.23138521802744,7.546471200426,0,,,,
Iraq,IRQ,2011,8.193,5.801455370853,7.546471200426,68.435,3.53181678520421,13.9364301737537,0,1.14390635571407,-0.07399999999999984,2.9237081181053997,
Iraq,IRQ,2012,7.965,6.08909641595043,13.9364301737537,68.827,4.53892168180122,7.62828592298754,0,6.389958973327701,-0.22799999999999976,0.2876410450974305,3.7669326645208856
Iraq,IRQ,2013,9.222,1.87949800749469,7.62828592298754,69.047,4.7215668344982,2.26368817563613,0,-6.308144250766161,1.2569999999999997,-4.20959840845574,0.040907361280769994
Iraq,IRQ,2014,10.59,2.23597407904679,2.26368817563613,69.679,3.53101933211143,2.60676642939541,0,-5.36459774735141,1.3680000000000003,0.35647607155210004,-5.8363709990587855
Iraq,IRQ,2015,10.865,1.39333028780309,2.60676642939541,69.977,2.72710976935126,13.7873730187089,0,0.34307825375928,0.27500000000000036,-0.8426437912437001,-2.510759746796065
Iraq,IRQ,2016,10.82,0.556521397155511,13.7873730187089,68.683,2.39151227352058,-1.81975035118309,1,11.18060658931349,-0.04499999999999993,-0.836808890647579,5.761842421536385
Iraq,IRQ,2017,13.02,0.18405889884769,-1.81975035118309,69.788,2.23055046409754,2.63385099105624,0,-15.60712336989199,2.1999999999999993,-0.37246249830782097,-2.2132583902892495
Iraq,IRQ,2018,13.458,0.367441488936849,2.63385099105624,71.116,2.33235769663486,5.51379057542323,0,4.45360134223933,0.4380000000000006,0.18338259008915903,-5.57676101382633
Iraq,IRQ,2019,14.096,-0.198965380023928,5.51379057542323,71.245,2.27501115691232,-12.0367930931152,1,2.87993958436699,0.6379999999999999,-0.5664068689607771,3.66677046330316
Iraq,IRQ,2020,15.766,0.574162679425795,-12.0367930931152,69.651,2.21938669515023,1.50218070952037,0,-17.55058366853843,1.67,0.773128059449723,-7.33532204208572
Iraq,IRQ,2021,16.173,6.04186489058044,1.50218070952037,70.704,2.24127347113109,7.95904804992662,0,13.53897380263557,0.40699999999999825,5.467702211154645,-2.0058049329514303
Iraq,IRQ,2022,15.41,4.99476596381044,7.95904804992662,72.037,2.29369659225826,0.517705525131191,0,6.45686734040625,-0.7629999999999981,-1.0470989267700004,9.997920571520911
Iraq,IRQ,2023,15.239,4.35835351089586,0.517705525131191,72.324,2.25148890849618,-1.54525198318304,1,-7.441342524795429,-0.17099999999999937,-0.6364124529145796,-0.4922375921945896
Iraq,IRQ,2024,15.293,-12.2969837587007,-1.54525198318304,72.424,2.12476784890538,,,-2.062957508314231,0.053999999999998494,-16.655337269596558,-4.752150016554831
Iceland,ISL,2010,7.564,5.39673113167477,-2.22181847599202,81.8975609756097,-0.143903000294037,1.37999669140882,0,,,,
Iceland,ISL,2011,7.028,4.0010266434312,1.37999669140882,82.3585365853659,0.305468368224399,1.16931174886884,0,3.60181516740084,-0.5360000000000005,-1.3957044882435694,
Iceland,ISL,2012,6.0,5.18589988750698,1.16931174886884,82.9170731707317,0.532100734916982,3.59695700972851,0,-0.21068494253997994,-1.0279999999999996,1.1848732440757797,1.6955651124304298
Iceland,ISL,2013,5.376,3.87227923748249,3.59695700972851,82.0609756097561,0.945885900369151,1.91381609098249,0,2.42764526085967,-0.6239999999999997,-1.31362065002449,1.108480159159845
Iceland,ISL,2014,4.897,2.04461481539333,1.91381609098249,82.8609756097561,1.11250475522796,3.76859023848581,0,-1.6831409187460202,-0.4790000000000001,-1.82766442208916,0.37225217105682495
Iceland,ISL,2015,3.979,1.63305558181326,3.76859023848581,82.4682926829268,1.04194038662969,6.21808764217616,0,1.85477414750332,-0.9180000000000001,-0.41155923358006996,0.08581661437864985
Iceland,ISL,2016,2.978,1.69692761997751,6.21808764217616,82.2048780487805,1.38808149583838,3.48506703916689,0,2.44949740369035,-1.001,0.06387203816425013,2.152135775596835
Iceland,ISL,2017,2.742,1.76041559180596,3.48506703916689,82.6609756097561,2.34558267643862,4.66077032612084,0,-2.73302060300927,-0.2360000000000002,0.06348797182845001,-0.1417615996594599
Iceland,ISL,2018,2.704,2.68291768267392,4.66077032612084,82.8609756097561,2.67814276922904,1.13821230465001,0,1.1757032869539499,-0.03799999999999981,0.9225020908679598,-0.77865865802766
Iceland,ISL,2019,3.507,3.01397179156053,1.13821230465001,83.1634146341463,2.19893225826166,-6.64587816297836,1,-3.5225580214708296,0.8029999999999999,0.33105410888661035,-1.1734273672584399
Iceland,ISL,2020,5.478,2.84792401518665,-6.64587816297836,83.0634146341463,1.6230862512591,5.1805719742238,0,-7.784090467628371,1.9709999999999996,-0.16604777637388013,-5.6533242445496
Iceland,ISL,2021,6.029,4.44423970189739,5.1805719742238,83.1658536585366,1.6393166402584,8.82069395623492,0,11.82645013720216,0.5510000000000002,1.5963156867107395,2.021179834786895
Iceland,ISL,2022,3.789,8.3087551155892,8.82069395623492,82.119512195122,2.51377343254216,5.18615760140189,0,3.6401219820111193,-2.2399999999999998,3.8645154136918105,7.733286059606639
Iceland,ISL,2023,3.518,8.73630299937298,5.18615760140189,82.4560975609756,0.953546915490719,-0.970676468918384,1,-3.6345363548330294,-0.27100000000000035,0.42754788378377917,0.002792813589044929
Iceland,ISL,2024,3.6,5.85683849970066,-0.970676468918384,82.809756097561,0.218346070592545,,,-6.156834070320274,0.0820000000000003,-2.879464499672319,-4.895685212576652
Israel,ISR,2010,8.48,2.70270270270273,5.53434033902194,81.6024390243903,1.82675240987847,5.51879621371651,0,,,,
Israel,ISR,2011,7.139,3.48837209302323,5.51879621371651,81.6560975609756,1.84807786159597,2.44716836741318,0,-0.015544125305429368,-1.3410000000000002,0.7856693903204999,
Israel,ISR,2012,6.762,1.67553715750052,2.44716836741318,81.7048780487805,1.84615132126711,4.08570918638205,0,-3.0716278463033304,-0.37700000000000067,-1.81283493552271,-1.54358598580438
Israel,ISR,2013,6.137,1.58976347421476,4.08570918638205,82.0560975609756,1.86605289478673,3.77582843213109,0,1.63854081896887,-0.625,-0.08577368328576007,-0.7165435136672302
Israel,ISR,2014,5.789,0.467557251908503,3.77582843213109,82.1536585365854,1.91954379859591,2.23760317482488,0,-0.3098807542509596,-0.34799999999999986,-1.122206222306257,0.6643300323589552
Israel,ISR,2015,5.176,-0.617342577642765,2.23760317482488,82.0512195121951,1.98128897562083,4.45978271860821,0,-1.5382252573062103,-0.6129999999999995,-1.084899829551268,-0.924053005778585
Israel,ISR,2016,4.723,-0.535168195718695,4.45978271860821,82.4073170731707,1.9603489624817,4.3469311670646,0,2.22217954378333,-0.4530000000000003,0.08217438192407,0.3419771432385599
Israel,ISR,2017,4.14,0.249807840123008,4.3469311670646,82.5512195121951,1.93872567441099,4.00389862187025,0,-0.11285155154360993,-0.5830000000000002,0.7849760358417031,1.05466399611986
Israel,ISR,2018,3.917,0.805060379528526,4.00389862187025,82.8024390243903,1.92662286520241,3.71049632750405,0,-0.3430325451943501,-0.22299999999999986,0.5552525394055181,-0.22794204836898002
Israel,ISR,2019,3.731,0.817645940292794,3.71049632750405,82.8048780487805,1.90898263957994,-2.02161548237589,1,-0.2934022943661998,-0.18599999999999994,0.012585560764267978,-0.31821741978027496
Israel,ISR,2020,4.169,-0.575254620897756,-2.02161548237589,82.6487804878049,1.76367939210866,9.38837403354628,0,-5.732111809879941,0.4379999999999997,-1.39290056119055,-3.01275705212307
Israel,ISR,2021,4.812,1.47965474722561,9.38837403354628,82.5,1.68190551747412,6.26326343841286,0,11.40998951592217,0.6430000000000007,2.054909368123366,2.838938853021115
Israel,ISR,2022,3.695,4.41162725488371,6.26326343841286,82.7,1.96636884788361,1.82652049482384,0,-3.1251105951334193,-1.1170000000000004,2.9319725076580996,4.142439460394375
Israel,ISR,2023,3.371,4.22522603168918,1.82652049482384,83.1951219512195,3.00437405991345,0.871968424377442,0,-4.43674294358902,-0.32399999999999984,-0.18640122319452956,-3.7809267693612196
Israel,ISR,2024,3.595,3.07480889805025,0.871968424377442,83.1975609756098,1.26518834033156,,,-0.954552070446398,0.2240000000000002,-1.1504171336389302,-2.695647507017709
Italy,ITA,2010,8.363,1.52551602118248,1.52910573247101,82.0365853658537,0.442226157086815,0.695463154440176,0,,,,
Italy,ITA,2011,8.359,2.78063272879323,0.695463154440176,82.1878048780488,0.346167211080488,-3.12523877282996,1,-0.833642578030834,-0.0039999999999995595,1.25511670761075,
Italy,ITA,2012,10.655,3.04136333226775,-3.12523877282996,82.2390243902439,0.273513088134657,-1.81802510749792,1,-3.820701927270136,2.2959999999999994,0.2607306034745198,-2.327172252650485
Italy,ITA,2013,12.149,1.21999342274306,-1.81802510749792,82.690243902439,0.199772918304074,-0.00138761730454462,1,1.30721366533204,1.4939999999999998,-1.8213699095246898,-1.256744130969048
Italy,ITA,2014,12.683,0.241047429826756,-0.00138761730454462,83.090243902439,0.0150772197985246,0.885667635240807,0,1.8166374901933753,0.5340000000000007,-0.978945992916304,1.5619255777627077
Italy,ITA,2015,11.896,0.0387903996579733,0.885667635240807,82.5439024390244,-0.151143561276007,1.23622108511661,0,0.8870552525453517,-0.786999999999999,-0.20225703016878271,1.3518463713693634
Italy,ITA,2016,11.688,-0.09401665691575,1.23622108511661,83.2439024390244,-0.190090486385849,1.60369995294101,0,0.35055344987580295,-0.20800000000000018,-0.1328070565737233,0.6188043512105773
Italy,ITA,2017,11.211,1.22653316645812,1.60369995294101,82.9463414634147,-0.188100912559894,0.826646712344115,0,0.3674788678244001,-0.4770000000000003,1.32054982337387,0.3590161588501015
Italy,ITA,2018,10.538,1.13748763600391,0.826646712344115,83.3463414634146,0.243703643127712,0.429162533780342,0,-0.7770532405968951,-0.673,-0.08904553045421015,-0.2047871863862475
Italy,ITA,2019,9.884,0.611246943765304,0.429162533780342,83.4975609756098,-0.700011055973408,-8.86822122185345,1,-0.397484178563773,-0.6539999999999999,-0.5262406922386059,-0.5872687095803341
Italy,ITA,2020,9.192,-0.13770757391651,-8.86822122185345,82.1951219512195,-0.487095091717782,8.93106210800055,0,-9.297383755633792,-0.6920000000000002,-0.748954517681814,-4.847433967098782
Italy,ITA,2021,9.497,1.87378325762481,8.93106210800055,82.6463414634146,-0.515599998844444,4.82117669913565,0,17.799283329854,0.3049999999999997,2.01149083154132,4.250949787110104
Italy,ITA,2022,8.069,8.20128991161718,4.82117669913565,82.7,-0.20230086688254,0.975694840127005,0,-4.1098854088648995,-1.427999999999999,6.327506653992369,6.84469896049455
Italy,ITA,2023,7.627,5.62219442195901,0.975694840127005,83.3512195121951,-0.0499178457490556,0.692676948440536,0,-3.845481859008645,-0.44200000000000106,-2.579095489658169,-3.9776836339367723
Italy,ITA,2024,6.5,0.982373023061417,0.692676948440536,83.9512195121951,-0.0534387378437725,,,-0.28301789168646907,-1.1269999999999998,-4.639821398897594,-2.0642498753475573
Jamaica,JAM,2010,7.63,12.6105519975603,-1.45714720850386,71.979,0.421944554103184,1.73037627006349,0,,,,
Jamaica,JAM,2011,8.034,7.555856465809,1.73037627006349,72.245,0.432960044008846,-0.613636042132399,1,3.18752347856735,0.4040000000000008,-5.0546955317513005,
Jamaica,JAM,2012,8.695,6.87397708674309,-0.613636042132399,72.405,0.431454273219438,0.517686011311724,0,-2.344012312195889,0.6609999999999996,-0.6818793790659097,0.4217555831857305
Jamaica,JAM,2013,9.698,9.34150076569673,0.517686011311724,72.435,0.405211603822983,0.689822359762587,0,1.1313220534441228,1.0030000000000001,2.4675236789536408,-0.606345129375883
Jamaica,JAM,2014,9.046,8.27407886231419,0.689822359762587,72.357,0.360811344710918,0.92148712399856,0,0.172136348450863,-0.652000000000001,-1.0674219033825416,0.651729200947493
Jamaica,JAM,2015,8.825,3.69154228855725,0.92148712399856,72.214,0.313958647771979,2.76043761369557,0,0.23166476423597304,-0.22100000000000009,-4.582536573756939,0.20190055634341803
Jamaica,JAM,2016,8.634,2.35102197485846,2.76043761369557,72.052,0.263022586225724,2.29303371291363,0,1.83895048969701,-0.19099999999999895,-1.3405203136987902,1.0353076269664916
Jamaica,JAM,2017,7.399,4.37839864991561,2.29303371291363,71.879,0.207939418780596,2.51584458612513,0,-0.46740390078194016,-1.2350000000000003,2.02737667505715,0.6857732944575349
Jamaica,JAM,2018,5.47,3.73663882152163,2.51584458612513,71.606,0.153765355594745,1.80943147301357,0,0.2228108732115004,-1.9290000000000003,-0.64175982839398,-0.12229651378521988
Jamaica,JAM,2019,4.987,3.90510000865872,1.80943147301357,71.532,0.112486030848061,-8.30441923583135,1,-0.7064131131115601,-0.48299999999999965,0.16846118713709002,-0.24180111995002984
Jamaica,JAM,2020,6.501,5.2267777929352,-8.30441923583135,71.452,0.264166647844328,5.70467978309095,0,-10.11385070884492,1.5140000000000002,1.3216777842764804,-5.41013191097824
Jamaica,JAM,2021,5.188,5.86278242801063,5.70467978309095,69.085,0.244971341124232,6.43930323656186,0,14.0090990189223,-1.3130000000000006,0.6360046350754294,1.9476241550386901
Jamaica,JAM,2022,4.083,10.3495688391272,6.43930323656186,71.481,0.0515076570013975,2.74634433906714,0,0.7346234534709097,-1.1049999999999995,4.48678641111657,7.3718612361966045
Jamaica,JAM,2023,3.022,6.47413734662063,2.74634433906714,71.479,0.0226098931571573,-0.535039063867487,1,-3.69295889749472,-1.0610000000000004,-3.8754314925065696,-1.479167722011905
Jamaica,JAM,2024,3.151,5.41194447981659,-0.535039063867487,71.606,-0.0215180207209529,,,-3.281383402934627,0.129,-1.0621928668040397,-3.4871711502146736
Jordan,JOR,2010,12.5,4.84551875852116,2.31483422063046,73.797,2.15109331746781,2.73717988632104,0,,,,
Jordan,JOR,2011,12.9,4.1624416292779,2.73717988632104,73.929,2.48202772730679,2.42935800100238,0,0.42234566569057996,0.40000000000000036,-0.6830771292432596,
Jordan,JOR,2012,12.2,4.5152295667099,2.42935800100238,74.087,1.41635205030682,2.60994737548631,0,-0.30782188531865984,-0.7000000000000011,0.35278793743199977,0.05726189018596006
Jordan,JOR,2013,12.6,4.82462314269537,2.60994737548631,74.282,5.19641467868427,3.38407809933472,0,0.18058937448392998,0.40000000000000036,0.30939357598547,-0.06361625541736493
Jordan,JOR,2014,11.9,2.89947905006057,3.38407809933472,74.606,9.53920898641561,2.49652879315188,0,0.7741307238484101,-0.6999999999999993,-1.9251440926348002,0.47736004916617003
Jordan,JOR,2015,13.075,-0.876851359704049,2.49652879315188,75.06,8.21798329205466,1.9941808493012,0,-0.8875493061828403,1.174999999999999,-3.776330409764619,-0.056709291167215126
Jordan,JOR,2016,15.275,-0.778430463054142,1.9941808493012,75.55,4.72325254401232,2.47359815449045,0,-0.5023479438506797,2.200000000000001,0.09842089664990705,-0.69494862501676
Jordan,JOR,2017,18.12,3.32389447576097,2.47359815449045,76.071,2.25160030043779,1.91907091341564,0,0.4794173051892501,2.8450000000000006,4.102324938815112,-0.011465319330714818
Jordan,JOR,2018,18.257,4.46231108475481,1.91907091341564,76.491,2.20412998393259,1.75124077866225,0,-0.5545272410748101,0.13700000000000045,1.1384166089938401,-0.037554967942780015
Jordan,JOR,2019,16.801,0.761514047265601,1.75124077866225,76.865,1.98343822476301,-1.10275188309046,1,-0.16783013475339015,-1.456000000000003,-3.7007970374892087,-0.3611786879141001
Jordan,JOR,2020,19.213,0.333294350628378,-1.10275188309046,75.583,1.79543228239066,3.65564358999147,0,-2.85399266175271,2.4120000000000026,-0.42821969663722304,-1.51091139825305
Jordan,JOR,2021,19.837,1.34609377243118,3.65564358999147,74.204,1.83419162693059,2.64743514912058,0,4.758395473081929,0.6239999999999988,1.0127994218028018,0.9522014056646099
Jordan,JOR,2022,18.2,4.22915568897117,2.64743514912058,77.088,1.70151702842564,2.88408339281683,0,-1.0082084408708898,-1.6370000000000005,2.88306191653999,1.87509351610552
Jordan,JOR,2023,16.62,2.08486986327134,2.88408339281683,77.814,1.61225050235636,2.48889409603647,0,0.23664824369625004,-1.5799999999999983,-2.1442858256998303,-0.3857800985873199
Jordan,JOR,2024,16.693,1.55659611283953,2.48889409603647,77.981,0.988722042141178,,,-0.3951892967803601,0.0730000000000004,-0.52827375043181,-0.07927052654205502
Japan,JPN,2010,5.102,-0.728243207517779,4.09791791943181,82.8426829268293,0.0179605415195644,0.0238095237995424,0,,,,
Japan,JPN,2011,4.55,-0.27245561610124,0.0238095237995424,82.5912195121951,-0.185226486410846,1.37475099905274,0,-4.074108395632267,-0.5520000000000005,0.4557875914165391,
Japan,JPN,2012,4.358,-0.0440645104432602,1.37475099905274,83.0960975609756,-0.159710675844347,2.00510017681211,0,1.3509414752531976,-0.19200000000000017,0.22839110565797976,-1.361583460189535
Japan,JPN,2013,4.038,0.335037912184741,2.00510017681211,83.3319512195122,-0.144271883387076,0.296205514141889,0,0.6303491777593699,-0.3199999999999994,0.3791024226280012,0.9906453265062838
Japan,JPN,2014,3.589,2.75922671353253,0.296205514141889,83.5878048780488,-0.132694222147042,1.56062669680782,0,-1.7088946626702208,-0.4490000000000003,2.424188801347789,-0.5392727424554256
Japan,JPN,2015,3.385,0.795279630579839,1.56062669680782,83.7939024390244,-0.106124993746747,0.753826745789127,0,1.2644211826659308,-0.20400000000000018,-1.963947082952691,-0.222236740002145
Japan,JPN,2016,3.132,-0.127258844489754,0.753826745789127,83.9848780487805,-0.0511374152133631,1.67533175173359,0,-0.806799951018693,-0.25299999999999967,-0.922538475069593,0.228810615823619
Japan,JPN,2017,2.822,0.484199796126385,1.67533175173359,84.099756097561,-0.081874296046114,0.643391023533141,0,0.9215050059444629,-0.31000000000000005,0.611458640616139,0.057352527462884995
Japan,JPN,2018,2.467,0.989094598021848,0.643391023533141,84.2109756097561,-0.126880068088791,-0.402169200894946,1,-1.031940728200449,-0.355,0.504894801895463,-0.055217861127992984
Japan,JPN,2019,2.351,0.46877615938395,-0.402169200894946,84.3563414634146,-0.140464977878172,-4.16876457146743,1,-1.045560224428087,-0.1160000000000001,-0.520318438637898,-1.0387504763142679
Japan,JPN,2020,2.809,-0.024995834027731,-4.16876457146743,84.56,-0.294194617750067,2.69657404187188,0,-3.7665953705724844,0.4580000000000002,-0.493771993411681,-2.4060777975002856
Japan,JPN,2021,2.808,-0.233352779398264,2.69657404187188,84.4456097560976,-0.459952415807642,0.941998775483285,0,6.86533861333931,-0.001000000000000334,-0.20835694537053298,1.549371621383413
Japan,JPN,2022,2.614,2.49770278172255,0.941998775483285,83.9963414634146,-0.443851919148528,1.47503481053384,0,-1.7545752663885952,-0.19399999999999995,2.7310555611208143,2.555381673475358
Japan,JPN,2023,2.6,3.26813365933163,1.47503481053384,84.0412195121951,-0.487370782049143,0.104309021773304,0,0.533036035050555,-0.01399999999999979,0.7704308776090798,-0.6107696156690201
Japan,JPN,2024,2.5,2.73853681635241,0.104309021773304,84.0363414634146,-0.435651699326323,,,-1.370725788760536,-0.10000000000000009,-0.5295968429792199,-0.4188448768549905
Kazakhstan,KAZ,2010,5.77,7.40046356341396,7.30000000329814,68.257,1.29700375015965,7.40000000144188,0,,,,
Kazakhstan,KAZ,2011,5.39,8.4529046617679,7.40000000144188,69.108,1.35207363651395,4.79999999528297,0,0.09999999814373961,-0.3799999999999999,1.0524410983539392,
Kazakhstan,KAZ,2012,5.29,5.19568369035073,4.79999999528297,69.939,1.39710899026626,5.99999999671084,0,-2.6000000061589095,-0.09999999999999964,-3.257220971417169,-1.250000004007585
Kazakhstan,KAZ,2013,5.2,5.94283871648418,5.99999999671084,70.719,1.4364978420859,4.20000000566705,0,1.2000000014278696,-0.08999999999999986,0.7471550261334494,-0.70000000236552
Kazakhstan,KAZ,2014,5.06,6.84944977003358,4.20000000566705,71.415,1.46885610538904,1.20000000053288,0,-1.7999999910437898,-0.14000000000000057,0.9066110535494003,-0.29999999480796014
Kazakhstan,KAZ,2015,4.93,6.67828585615236,1.20000000053288,72.024,1.49239879824091,1.09999999910173,0,-3.0000000051341704,-0.1299999999999999,-0.17116391388121954,-2.3999999980889797
Kazakhstan,KAZ,2016,4.96,14.3610942386248,1.09999999910173,72.549,1.53335297365685,4.10000000257358,0,-0.10000000143114995,0.03000000000000025,7.682808382472439,-1.5500000032826602
Kazakhstan,KAZ,2017,4.9,7.44266321306792,4.10000000257358,72.996,1.5579235201186,4.09999999309841,0,3.0000000034718504,-0.05999999999999961,-6.918431025556879,1.4500000010203502
Kazakhstan,KAZ,2018,4.85,6.16366247577762,4.09999999309841,73.369,1.49423322942686,4.50000000091883,0,-9.475169981953968e-9,-0.05000000000000071,-1.2790007372902998,1.4999999969983402
Kazakhstan,KAZ,2019,4.8,5.33356098916669,4.50000000091883,73.658,1.45157995956237,-2.49999999628,1,0.4000000078204202,-0.04999999999999982,-0.8301014866109302,0.19999999917262512
Kazakhstan,KAZ,2020,4.89,6.71815454861458,-2.49999999628,71.195,1.4089156380377,4.29999999729456,0,-6.999999997198831,0.08999999999999986,1.3845935594478895,-3.2999999946892054
Kazakhstan,KAZ,2021,5.568,8.04147134028401,4.29999999729456,70.131,1.33325722721198,3.19999999970734,0,6.799999993574561,0.6779999999999999,1.3233167916694306,-0.10000000181213498
Kazakhstan,KAZ,2022,4.86,15.0278644440851,3.19999999970734,73.503,1.46316879039749,5.09999999973641,0,-1.0999999975872203,-0.7079999999999993,6.98639310380109,2.84999999799367
Kazakhstan,KAZ,2023,4.835,14.5275597825952,5.09999999973641,74.402,1.46415151694869,4.99999999996936,0,1.9000000000290695,-0.025000000000000355,-0.5003046614899009,0.4000000012209246
Kazakhstan,KAZ,2024,4.833,8.69082156104494,4.99999999996936,74.531,1.28276364646616,,,-0.09999999976704999,-0.0019999999999997797,-5.8367382215502595,0.9000000001310098
Kenya,KEN,2010,2.793,3.96138889115385,8.05847360290906,60.915,2.90158845467743,5.1211061197056,0,,,,
Kenya,KEN,2011,2.699,14.0224913014704,5.1211061197056,61.283,2.75013743696978,4.56867961444982,0,-2.9373674832034604,-0.0940000000000003,10.061102410316549,
Kenya,KEN,2012,2.678,9.37777003547598,4.56867961444982,61.537,2.6080744180495,3.7978483925754,0,-0.55242650525578,-0.020999999999999908,-4.64472126599442,-1.7448969942296202
Kenya,KEN,2013,2.762,5.71749357037733,3.7978483925754,61.729,2.47210752389349,5.02011100232484,0,-0.7708312218744204,0.08400000000000007,-3.660276465098649,-0.6616288635651002
Kenya,KEN,2014,2.767,6.87815499275949,5.02011100232484,61.99,2.33901192230694,4.96772112759767,0,1.22226260974944,0.004999999999999893,1.1606614223821596,0.2257156939375098
Kenya,KEN,2015,2.762,6.58215429284779,4.96772112759767,62.279,2.2270329432256,4.21351706814744,0,-0.052389874727169605,-0.004999999999999893,-0.2960006999117004,0.5849363675111352
Kenya,KEN,2016,2.757,6.29724953814625,4.21351706814744,62.526,2.20775684612709,3.83795817364721,0,-0.7542040594502302,-0.004999999999999893,-0.28490475470153953,-0.4032969670886999
Kenya,KEN,2017,3.542,8.00564967709945,3.83795817364721,62.725,2.17412854990493,5.64794640709219,0,-0.37555889450023017,0.7849999999999997,1.7084001389532002,-0.5648814769752302
Kenya,KEN,2018,4.284,4.6898064677633,5.64794640709219,62.825,2.03083744189606,5.11415885767801,0,1.8099882334449804,0.742,-3.3158432093361503,0.7172146694723751
Kenya,KEN,2019,5.014,5.23963795764792,5.11415885767801,62.939,1.96381549826771,-0.272766327438816,1,-0.5337875494141802,0.7300000000000004,0.5498314898846202,0.6381003420154001
Kenya,KEN,2020,5.613,5.40516207933392,-0.272766327438816,61.596,1.96197633664853,7.59048947333467,0,-5.3869251851168265,0.5990000000000002,0.1655241216859995,-2.9603563672655033
Kenya,KEN,2021,5.693,6.10793603659176,7.59048947333467,61.225,1.90040858948898,4.85998104287999,0,7.863255800773486,0.07999999999999918,0.7027739572578406,1.23816530782833
Kenya,KEN,2022,5.565,7.65986268272224,4.85998104287999,63.549,1.92297608206469,5.71999241214208,0,-2.7305084304546803,-0.12799999999999923,1.5519266461304797,2.566373685159403
Kenya,KEN,2023,5.409,7.67139634029402,5.71999241214208,63.646,1.98296028478422,4.72473994710138,0,0.8600113692620903,-0.15600000000000058,0.011533657571780154,-0.935248530596295
Kenya,KEN,2024,5.487,4.48978854243448,4.72473994710138,63.834,1.95751431565234,,,-0.9952524650407,0.07800000000000029,-3.18160779785954,-0.06762054788930483
Kyrgyz Republic,KGZ,2010,3.503,7.96772225579684,-0.471566596791618,69.3,1.4261662918386,5.95627429693504,0,,,,
Kyrgyz Republic,KGZ,2011,3.644,16.6363262731495,5.95627429693504,69.6024390243903,1.44419717615299,-0.0881501998439376,1,6.427840893726658,0.14100000000000001,8.66860401735266,
Kyrgyz Republic,KGZ,2012,3.786,2.76844236540957,-0.0881501998439376,70.0024390243902,1.88401276584283,10.9154694528045,0,-6.044424496778977,0.1419999999999999,-13.86788390773993,0.19170819847384013
Kyrgyz Republic,KGZ,2013,3.881,6.61375202358082,10.9154694528045,70.2024390243902,2.18875701963339,4.02403863083252,0,11.003619652648437,0.09499999999999975,3.84530965817125,2.47959757793473
Kyrgyz Republic,KGZ,2014,4.02,7.5342472977589,4.02403863083252,70.4024390243902,2.20325649556304,3.87582544512439,0,-6.89143082197198,0.1389999999999998,0.9204952741780801,2.0560944153382286
Kyrgyz Republic,KGZ,2015,4.138,6.50331838993384,3.87582544512439,70.6512195121951,2.24669257424341,4.33585592190116,0,-0.14821318570812947,0.11800000000000033,-1.0309289078250599,-3.519822003840055
Kyrgyz Republic,KGZ,2016,4.294,0.388838296895799,4.33585592190116,70.9512195121951,2.21536456642779,4.73993722377884,0,0.4600304767767702,0.1559999999999997,-6.114480093038041,0.15590864553432038
Kyrgyz Republic,KGZ,2017,4.425,3.1753098637994,4.73993722377884,71.2,2.10483082494568,3.75791013557165,0,0.4040813018776799,0.13100000000000023,2.786471566903601,0.43205588932722505
Kyrgyz Republic,KGZ,2018,4.559,1.54266145238436,3.75791013557165,71.4,2.15497985981547,4.60062565707598,0,-0.98202708820719,0.13400000000000034,-1.63264841141504,-0.28897289316475505
Kyrgyz Republic,KGZ,2019,5.45,1.13362257718804,4.60062565707598,71.6,2.24236415055009,-7.14897757727955,1,0.84271552150433,0.891,-0.4090388751963201,-0.06965578335142997
Kyrgyz Republic,KGZ,2020,5.945,6.32542296338078,-7.14897757727955,71.8,2.04838545399769,5.50700762671923,0,-11.74960323435553,0.4950000000000001,5.191800386192741,-5.4534438564256
Kyrgyz Republic,KGZ,2021,5.149,11.9050398185147,5.50700762671923,71.9,1.83581016918265,8.96750520041391,0,12.65598520399878,-0.7960000000000003,5.57961685513392,0.4531909848216251
Kyrgyz Republic,KGZ,2022,4.767,13.9229093174176,8.96750520041391,72.0487804878049,1.7936545985598,9.0132928339342,0,3.4604975736946804,-0.3819999999999997,2.0178694989029005,8.05824138884673
Kyrgyz Republic,KGZ,2023,3.498,10.7532770416742,9.0132928339342,72.2487804878049,1.76957037310792,9.04013556120012,0,0.04578763352028936,-1.2690000000000001,-3.1696322757433997,1.7531426036074849
Kyrgyz Republic,KGZ,2024,3.491,4.99760701207323,9.04013556120012,72.4,1.70540730430368,,,0.02684272726592063,-0.007000000000000117,-5.755670029600971,0.036315180393104995
Cambodia,KHM,2010,0.771,3.99639528107218,5.07691843229247,67.311,1.55621745380597,7.28665813879552,0,,,,
Cambodia,KHM,2011,0.577,5.4784474961745,7.28665813879552,67.869,1.51839242344005,7.65025657870362,0,2.2097397065030497,-0.19400000000000006,1.4820522151023199,
Cambodia,KHM,2012,0.505,2.93431609293951,7.65025657870362,68.371,1.49998418675996,7.8574997554252,0,0.3635984399080998,-0.07199999999999995,-2.54413140323499,1.2866690732055748
Cambodia,KHM,2013,0.438,2.94162509547349,7.8574997554252,68.755,1.49510212980529,8.00032074618566,0,0.20724317672158055,-0.067,0.007309002533980369,0.2854208083148402
Cambodia,KHM,2014,0.692,3.85568861424207,8.00032074618566,69.117,1.4824372519955,7.20703472529512,0,0.14282099076045895,0.25399999999999995,0.9140635187685797,0.17503208374101975
Cambodia,KHM,2015,0.393,1.22393195511119,7.20703472529512,69.398,1.46023762985186,7.90550116130704,0,-0.7932860208905392,-0.29899999999999993,-2.63175665913088,-0.32523251506504014
Cambodia,KHM,2016,0.716,3.01913975139128,7.90550116130704,69.635,1.45860767566845,8.07503915535979,0,0.6984664360119197,0.32299999999999995,1.7952077962800899,-0.04740979243930976
Cambodia,KHM,2017,0.141,2.91263557371478,8.07503915535979,69.842,1.38176596089867,8.77622376224463,0,0.1695379940527495,-0.575,-0.10650417767649989,0.4340022150323346
Cambodia,KHM,2018,0.129,2.45908515380146,8.77622376224463,69.993,1.24368277407927,7.93695013588524,0,0.7011846068848406,-0.011999999999999983,-0.45355041991332,0.43536130046879506
Cambodia,KHM,2019,0.119,1.94257500833107,7.93695013588524,70.127,1.26258301009769,-3.55572193406549,1,-0.8392736263593896,-0.010000000000000009,-0.51651014547039,-0.0690445097372745
Cambodia,KHM,2020,0.172,2.9402951426397,-3.55572193406549,70.059,1.47062988552696,3.08984284148661,0,-11.49267206995073,0.05299999999999999,0.9977201343086299,-6.16597284815506
Cambodia,KHM,2021,0.396,2.92073477592949,3.08984284148661,69.301,1.47677836241244,5.12990110773977,0,6.6455647755521,0.22400000000000003,-0.019560366710209998,-2.4235536471993155
Cambodia,KHM,2022,0.245,5.34370264895437,5.12990110773977,70.528,1.33088813106016,5.00733043811898,0,2.04005826625316,-0.15100000000000002,2.42296787302488,4.342811520902631
Cambodia,KHM,2023,0.256,2.12746796594194,5.00733043811898,70.668,1.28320677599476,5.97510939607335,0,-0.12257066962079044,0.01100000000000001,-3.2162346830124298,0.9587437983161848
Cambodia,KHM,2024,0.254,0.808042016536654,5.97510939607335,70.817,1.22593986324555,,,0.9677789579543701,-0.0020000000000000018,-1.319425949405286,0.4226041441667898
"Korea, Rep.",KOR,2010,3.324,2.93928652655686,6.98166138853071,80.1170731707317,0.49822508440111,3.6880320602952,0,,,,
"Korea, Rep.",KOR,2011,2.992,4.0259650043609,3.6880320602952,80.5682926829269,0.768971758582589,2.54766550568242,0,-3.2936293282355096,-0.33199999999999985,1.0866784778040404,
"Korea, Rep.",KOR,2012,2.812,2.18707104433314,2.54766550568242,80.819512195122,0.525713660600414,3.2913959543442,0,-1.1403665546127804,-0.18000000000000016,-1.8388939600277605,-2.216997941424145
"Korea, Rep.",KOR,2013,3.067,1.30134754547413,3.2913959543442,81.2707317073171,0.455218622164662,3.21468019683108,0,0.7437304486617804,0.25500000000000034,-0.8857234988590099,-0.19831805297549998
"Korea, Rep.",KOR,2014,3.082,1.27477446401322,3.21468019683108,81.7219512195122,0.628149861433639,2.92029267301234,0,-0.07671575751312032,0.01499999999999968,-0.026573081460909975,0.33350734557433004
"Korea, Rep.",KOR,2015,3.546,0.70633177245575,2.92029267301234,82.0243902439024,0.527288497407793,3.17152748983935,0,-0.2943875238187399,0.46399999999999997,-0.56844269155747,-0.1855516406659301
"Korea, Rep.",KOR,2016,3.65,0.971685739912168,3.17152748983935,82.2756097560976,0.396851823381145,3.433191763972,0,0.2512348168270102,0.10400000000000009,0.26535396745641804,-0.021576353495864842
"Korea, Rep.",KOR,2017,3.653,1.94433230786366,3.433191763972,82.6268292682927,0.280968018301691,3.17611568177327,0,0.26166427413265003,0.0030000000000001137,0.9726465679514921,0.2564495454798301
"Korea, Rep.",KOR,2018,3.824,1.47583935002645,3.17611568177327,82.6268292682927,0.433519027613049,2.31380210595475,0,-0.2570760821987301,0.17099999999999982,-0.4684929578372101,0.0022940959669599525
"Korea, Rep.",KOR,2019,3.746,0.383000303608136,2.31380210595475,83.2268292682927,0.347874968577526,-0.700242317542106,1,-0.8623135758185199,-0.07799999999999985,-1.092839046418314,-0.559694829008625
"Korea, Rep.",KOR,2020,3.931,0.537288023411737,-0.700242317542106,83.4268292682927,0.137869266247028,4.61296795454287,0,-3.0140444234968564,0.18500000000000005,0.154287719803601,-1.938178999657688
"Korea, Rep.",KOR,2021,3.639,2.49833333333339,4.61296795454287,83.5268292682927,-0.128757315474928,2.72756456708991,0,5.313210272084976,-0.29200000000000026,1.961045309921653,1.1495829242940598
"Korea, Rep.",KOR,2022,2.857,5.08951365062842,2.72756456708991,82.6804878048781,-0.187486566698935,1.58301467403629,0,-1.88540338745296,-0.7819999999999996,2.59118031729503,1.713903442316008
"Korea, Rep.",KOR,2023,2.675,3.5974562502901,1.58301467403629,83.4292682926829,0.077477253324535,2.00361101838986,0,-1.1445498930536198,-0.18200000000000038,-1.4920574003383198,-1.5149766402532898
"Korea, Rep.",KOR,2024,2.784,2.32174328643542,2.00361101838986,83.6292682926829,0.0743178674548815,,,0.4205963443535701,0.10899999999999999,-1.27571296385468,-0.36197677435002484
Kuwait,KWT,2010,1.82,4.49640287769787,-2.37054804425912,77.7262195121951,5.15506049102987,9.62863419534361,0,,,,
Kuwait,KWT,2011,2.051,4.8394034987095,9.62863419534361,78.052243902439,6.23757792955185,6.62587485078971,0,11.99918223960273,0.2310000000000001,0.34300062101163054,
Kuwait,KWT,2012,2.227,3.25514600287211,6.62587485078971,78.3950243902439,6.31732211154715,1.14946552780648,0,-3.0027593445538994,0.1759999999999997,-1.5842574958373903,4.498211447524415
Kuwait,KWT,2013,2.465,2.68229684085039,1.14946552780648,78.7418048780488,4.98967404324728,0.500914669444924,0,-5.47640932298323,0.238,-0.5728491620217198,-4.2395843337685655
Kuwait,KWT,2014,2.9,2.90892672858625,0.500914669444924,79.0803414634146,4.40657207759868,0.592770817217982,0,-0.648550858361556,0.43500000000000005,0.2266298877358599,-3.062480090672393
Kuwait,KWT,2015,2.2,3.27170166092133,0.592770817217982,79.3765609756098,4.49910219971801,2.92607584256388,0,0.09185614777305795,-0.6999999999999997,0.36277493233507974,-0.27834735529424903
Kuwait,KWT,2016,2.16,3.19839776658374,2.92607584256388,79.6775853658537,4.32594906785888,-4.71222270495362,1,2.333305025345898,-0.040000000000000036,-0.07330389433758988,1.2125805865594779
Kuwait,KWT,2017,2.23,2.17183298510006,-4.71222270495362,79.9160731707317,3.69493434034851,2.74333045031415,0,-7.6382985475175,0.06999999999999984,-1.02656478148368,-2.652496761085801
Kuwait,KWT,2018,2.202,0.543133148199567,2.74333045031415,80.1063658536585,3.9801548230671,2.26381706595791,0,7.455553155267769,-0.028000000000000025,-1.628699836900493,-0.0913726961248651
Kuwait,KWT,2019,2.213,1.09184802655856,2.26381706595791,81.969756097561,2.71071332448015,-4.81731593381585,1,-0.4795133843562396,0.01100000000000012,0.5487148783589929,3.488019885455765
Kuwait,KWT,2020,3.489,2.101729548274,-4.81731593381585,78.7609756097561,-0.951064116715736,1.67213054307859,0,-7.081132999773761,1.2759999999999998,1.0098815217154402,-3.780323192065
Kuwait,KWT,2021,2.97,3.42362947609188,1.67213054307859,78.7365853658537,-0.899478872255975,6.75866711966617,0,6.48944647689444,-0.5189999999999997,1.32189992781788,-0.2958432614396601
Kuwait,KWT,2022,2.133,3.98064961990313,6.75866711966617,80.5878048780488,5.11318110910574,-1.6672059801285,1,5.08653657658758,-0.8370000000000002,0.5570201438112496,5.78799152674101
Kuwait,KWT,2023,2.08,3.64216403030709,-1.6672059801285,83.1878048780488,5.58813678140227,-2.56011099967517,1,-8.42587309979467,-0.052999999999999936,-0.3384855895960399,-1.6696682616035448
Kuwait,KWT,2024,2.151,2.89855072463762,-2.56011099967517,84.580487804878,0.899286654502241,,,-0.8929050195466701,0.07099999999999973,-0.74361330566947,-4.65938905967067
Lao PDR,LAO,2010,0.708,5.98254521550082,8.52690551739717,63.69,1.47192872108695,8.03865268023725,0,,,,
Lao PDR,LAO,2011,0.96,7.5689885610998,8.03865268023725,64.505,1.44814949802327,8.02609843461283,0,-0.4882528371599193,0.252,1.5864433455989797,
Lao PDR,LAO,2012,1.208,4.2551267783209,8.02609843461283,65.126,1.42735442034268,8.02630022699017,0,-0.01255424562442009,0.248,-3.3138617827788996,-0.2504035413921697
Lao PDR,LAO,2013,1.469,6.37142717782947,8.02630022699017,65.723,1.40755477426746,7.61196343979319,0,0.0002017923773394159,0.2610000000000001,2.11630039950857,-0.006176226623540337
Lao PDR,LAO,2014,1.733,4.12924306873771,7.61196343979319,66.35,1.37876842701215,7.27006584373785,0,-0.4143367871969801,0.264,-2.2421841090917596,-0.20706749740982033
Lao PDR,LAO,2015,2.006,1.27735427102992,7.27006584373785,66.688,1.45836474920589,7.02283625501138,0,-0.34189759605533965,0.2729999999999997,-2.8518887977077902,-0.37811719162615987
Lao PDR,LAO,2016,2.634,1.59691227583204,7.02283625501138,67.014,1.56317561333482,6.8925308726989,0,-0.24722958872647016,0.6280000000000001,0.31955800480212004,-0.2945635923909049
Lao PDR,LAO,2017,3.268,0.825478607568026,6.8925308726989,67.345,1.57029722559747,6.24796000755872,0,-0.13030538231248023,0.6339999999999999,-0.7714336682640139,-0.1887674855194752
Lao PDR,LAO,2018,2.897,2.04039266890201,6.24796000755872,67.594,1.55377801997365,5.4577350924848,0,-0.6445708651401798,-0.371,1.214914061333984,-0.38743812372633
Lao PDR,LAO,2019,2.531,3.32255881256925,5.4577350924848,67.911,1.52576304616693,0.503031829018681,0,-0.79022491507392,-0.36599999999999966,1.28216614366724,-0.7173978901070499
Lao PDR,LAO,2020,2.349,5.10407262959919,0.503031829018681,68.339,1.49338675171473,2.52835100486102,0,-4.954703263466119,-0.18199999999999994,1.78151381702994,-2.8724640892700193
Lao PDR,LAO,2021,2.08,3.75562036658877,2.52835100486102,67.807,1.44141640887407,2.70742652643155,0,2.0253191758423386,-0.26900000000000013,-1.34845226301042,-1.46469204381189
Lao PDR,LAO,2022,1.209,22.9562225132056,2.70742652643155,68.715,1.40971670105791,3.74568140158232,0,0.17907552157052997,-0.871,19.20060214661683,1.1021973487064343
Lao PDR,LAO,2023,1.186,31.2301341732646,3.74568140158232,68.964,1.39237667233214,4.13019264436937,0,1.0382548751507703,-0.02300000000000013,8.273911660059,0.6086651983606501
Lao PDR,LAO,2024,1.174,23.1305695942588,4.13019264436937,69.225,1.35832703035837,,,0.3845112427870503,-0.01200000000000001,-8.099564579005797,0.7113830589689103
Lebanon,LBN,2010,6.768,3.98347941855833,7.97513555844932,77.529,0.976748358836896,0.86733987855277,0,,,,
Lebanon,LBN,2011,7.352,4.97148571692384,0.86733987855277,77.768,1.07982379188685,2.56479133680038,0,-7.107795679896551,0.5840000000000005,0.9880062983655096,
Lebanon,LBN,2012,7.952,6.58147447683677,2.56479133680038,77.941,2.70487296695382,3.8278734986016,0,1.6974514582476101,0.5999999999999996,1.6099887599129303,-2.7051721108244706
Lebanon,LBN,2013,8.477,4.82101956297399,3.8278734986016,78.037,9.25490649315042,2.48406010500743,0,1.2630821618012198,0.5250000000000004,-1.7604549138627803,1.480266810024415
Lebanon,LBN,2014,8.84,1.8546042134091,2.48406010500743,78.148,9.99230472656041,0.462320792597581,0,-1.34381339359417,0.36299999999999955,-2.9664153495648895,-0.04036561589647514
Lebanon,LBN,2015,9.312,-3.74914524799629,0.462320792597581,78.275,1.95769583624838,1.55454940856943,0,-2.021739312409849,0.47199999999999953,-5.60374946140539,-1.6827763530020095
Lebanon,LBN,2016,9.794,-0.783359624361508,1.55454940856943,78.306,-2.33543749400836,0.903028464073813,0,1.092228615971849,0.4820000000000011,2.9657856236347824,-0.4647553482189999
Lebanon,LBN,2017,10.258,4.32135218303191,0.903028464073813,78.192,-2.61057116476665,-1.88470575631651,1,-0.651520944495617,0.46399999999999864,5.104711807393418,0.22035383573811596
Lebanon,LBN,2018,10.755,6.07698907889607,-1.88470575631651,78.263,-2.89884297122412,-6.91492472851026,1,-2.787734220390323,0.49700000000000166,1.7556368958641606,-1.7196275824429699
Lebanon,LBN,2019,11.301,3.00538949390383,-6.91492472851026,78.208,-3.21837128976045,-21.3998996914321,1,-5.03021897219375,0.5459999999999994,-3.0715995849922404,-3.9089765962920366
Lebanon,LBN,2020,13.252,84.8643330472041,-21.3998996914321,76.299,-1.60386258157574,-7.00123862514116,1,-14.48497496292184,1.9510000000000005,81.85894355330026,-9.757596967557795
Lebanon,LBN,2021,12.715,154.756096023393,-7.00123862514116,73.65,0.275364167930295,-0.621678970663112,1,14.398661066290941,-0.5370000000000008,69.89176297618891,-0.04315694831544992
Lebanon,LBN,2022,11.105,171.205491336641,-0.621678970663112,78.003,0.460053063032864,-0.760584470257314,1,6.379559654478048,-1.6099999999999994,16.449395313247976,10.389110360384494
Lebanon,LBN,2023,10.985,221.341644023365,-0.760584470257314,77.817,0.503630953855672,-0.760584470257314,1,-0.13890549959420206,-0.120000000000001,50.13615268672402,3.1203270774419227
Lebanon,LBN,2024,10.985,45.2430422716718,-0.760584470257314,77.945,0.560805065461567,,,0.0,0.0,-176.0986017516932,-0.06945274979710103
Liberia,LBR,2010,2.266,7.28992796890218,6.09982524004147,59.358,2.89605811562763,8.20076822497064,0,,,,
Liberia,LBR,2011,2.211,8.488167518494,8.20076822497064,59.486,3.92046987945605,7.99381444555367,0,2.100942984929169,-0.05500000000000016,1.19823954959182,
Liberia,LBR,2012,2.146,6.83178703418548,7.99381444555367,59.785,3.53448694358844,8.68728781639683,0,-0.20695377941696957,-0.06499999999999995,-1.6563804843085208,0.9469946027560998
Liberia,LBR,2013,2.08,7.577306817414,8.68728781639683,59.992,2.19827693086756,0.701393100287518,0,0.6934733708431606,-0.06599999999999984,0.7455197832285201,0.24325979571309553
Liberia,LBR,2014,2.079,9.86111285574904,0.701393100287518,59.21,2.08217532534285,-0.0185649695590939,1,-7.985894716109312,-0.0009999999999998899,2.2838060383350403,-3.646210672633076
Liberia,LBR,2015,2.557,7.74869687621322,-0.0185649695590939,59.248,2.06297096669961,-1.5549586174878,1,-0.7199580698466119,0.47799999999999976,-2.11241597953582,-4.352926392977962
Liberia,LBR,2016,3.081,8.83424868336488,-1.5549586174878,60.483,2.04312155500225,2.45515592012239,0,-1.5363936479287061,0.524,1.0855518071516599,-1.128175858887659
Liberia,LBR,2017,3.067,12.4196323907138,2.45515592012239,60.777,1.94324776688719,1.15757512207355,0,4.01011453761019,-0.01399999999999979,3.585383707348921,1.2368604448407419
Liberia,LBR,2018,3.058,23.5635148953742,1.15757512207355,60.999,1.95645231379837,-2.46729763532686,1,-1.2975807980488399,-0.009000000000000341,11.1438825046604,1.356266869780675
Liberia,LBR,2019,3.071,26.9662760197878,-2.46729763532686,61.232,1.98225492944197,-2.98249127649473,1,-3.62487275740041,0.013000000000000345,3.4027611244135976,-2.461226777724625
Liberia,LBR,2020,4.102,16.9557241496255,-2.98249127649473,61.267,2.07483340649162,4.98671283481617,0,-0.5151936411678699,1.0310000000000001,-10.010551870162299,-2.07003319928414
Liberia,LBR,2021,3.844,7.81559385858648,4.98671283481617,61.166,2.11098738475006,4.80810517290655,0,7.9692041113109,-0.25800000000000045,-9.14013029103902,3.7270052350715144
Liberia,LBR,2022,2.956,7.59298486560313,4.80810517290655,61.934,2.14388170425267,4.68375688761311,0,-0.17860766190961996,-0.8879999999999999,-0.2226089929833499,3.89529822470064
Liberia,LBR,2023,2.905,10.0944535665552,4.68375688761311,62.163,2.20390696065654,4.02185464964835,0,-0.12434828529343989,-0.051000000000000156,2.5014687009520706,-0.15147797360152992
Liberia,LBR,2024,2.914,8.21497439118964,4.02185464964835,62.324,2.15725346515291,,,-0.6619022379647603,0.009000000000000341,-1.8794791753655602,-0.3931252616291001
Libya,LBY,2010,19.321,2.79989500109268,5.0272476723775,72.196,2.0390577056462,-50.3385151384986,1,,,,
Libya,LBY,2011,19.504,15.5184815317561,-50.3385151384986,69.95,-2.4085814162192,86.8267484395784,0,-55.3657628108761,0.18299999999999983,12.71858653066342,
Libya,LBY,2012,19.03,6.05980392156864,86.8267484395784,72.188,-2.61743182302169,-17.9979615745681,1,137.165263578077,-0.4740000000000002,-9.458677610187461,40.89975038360045
Libya,LBY,2013,19.311,2.60581802719517,-17.9979615745681,72.339,2.00744391901146,-23.0428058282215,1,-104.82471001414649,0.2809999999999988,-3.45398589437347,16.17027678196525
Libya,LBY,2014,19.295,2.43294141599225,-23.0428058282215,71.3,1.92631083217923,-0.842656252118843,1,-5.044844253653398,-0.015999999999998238,-0.17287661120291986,-54.93477713389995
Libya,LBY,2015,19.69,10.4022933588151,-0.842656252118843,71.644,1.61383897825773,-1.4909411172622,1,22.200149576102657,0.3949999999999996,7.9693519428228505,8.57765266122463
Libya,LBY,2016,19.559,25.8538742124461,-1.4909411172622,71.799,1.52399514586306,32.4918021862688,0,-0.648284865143357,-0.13100000000000023,15.451580853631,10.77593235547965
Libya,LBY,2017,19.053,25.8036184788338,32.4918021862688,72.721,1.59519992425695,7.9413678529104,0,33.982743303531,-0.5060000000000002,-0.050255733612299736,16.66722921919382
Libya,LBY,2018,18.865,13.1702038536721,7.9413678529104,73.151,1.62332708641058,-11.1960828853386,1,-24.5504343333584,-0.1880000000000024,-12.633414625161702,4.7161544850862995
Libya,LBY,2019,19.087,-2.16217883470595,-11.1960828853386,72.941,1.47795950725002,-29.4552967282824,1,-19.137450738249,0.2220000000000013,-15.332382688378049,-21.8439425358037
Libya,LBY,2020,19.651,1.44703656998741,-29.4552967282824,72.388,1.3484498033463,28.2996823429147,0,-18.2592138429438,0.5640000000000001,3.60921540469336,-18.698332290596397
Libya,LBY,2021,19.779,2.86833027751019,28.2996823429147,72.062,1.26619979488109,-8.29981811198795,1,57.7549790711971,0.1280000000000001,1.4212937075227803,19.74788261412665
Libya,LBY,2022,19.238,4.51030149235703,-8.29981811198795,74.462,1.23450447871795,10.2000497852517,0,-36.59950045490265,-0.5410000000000004,1.6419712148468397,10.577739308147224
Libya,LBY,2023,18.713,2.37317531435169,10.2000497852517,69.339,1.12674309223491,1.89995052025442,0,18.49986789723965,-0.5249999999999986,-2.13712617800534,-9.0498162788315
Libya,LBY,2024,19.085,2.12615766885025,1.89995052025442,71.121,1.02629935747641,,,-8.30009926499728,0.3719999999999999,-0.2470176455014399,5.099884316121185
St. Lucia,LCA,2010,17.118,3.25034409180129,0.330018546071486,72.768,0.608614599646534,4.32694280532142,0,,,,
St. Lucia,LCA,2011,18.86,2.76940794144093,4.32694280532142,72.962,0.52231324992803,-0.108756148262358,1,3.996924259249934,1.7420000000000009,-0.48093615036035997,
St. Lucia,LCA,2012,19.06,4.17763587102515,-0.108756148262358,72.86,0.456462690189925,-1.81877603735991,1,-4.435698953583778,0.1999999999999993,1.4082279295842204,-0.219387347166922
St. Lucia,LCA,2013,22.21,1.46856511035428,-1.81877603735991,72.687,0.452081381366467,1.32809022110105,0,-1.710019889097552,3.150000000000002,-2.70907076067087,-3.072859421340665
St. Lucia,LCA,2014,21.583,3.51695551369241,1.32809022110105,72.676,0.442581735190879,0.101917836412952,0,3.14686625846096,-0.6270000000000024,2.0483904033381304,0.718423184681704
St. Lucia,LCA,2015,20.84,-0.983600952696996,0.101917836412952,72.932,0.439488105791393,3.42787214525211,0,-1.2261723846880979,-0.7429999999999986,-4.500556466389407,0.960346936886431
St. Lucia,LCA,2016,19.932,-3.07821765676927,3.42787214525211,72.552,0.422763651310013,3.37982617272246,0,3.325954308839158,-0.9080000000000013,-2.094616704072274,1.0498909620755301
St. Lucia,LCA,2017,19.136,0.104262078958441,3.37982617272246,72.522,0.395468542730377,2.88677902171601,0,-0.04804597252965026,-0.7959999999999994,3.182479735727711,1.638954168154754
St. Lucia,LCA,2018,19.329,1.93561893150602,2.88677902171601,72.655,0.382048183874964,-0.700322396299441,1,-0.4930471510064498,0.1930000000000014,1.831356852547579,-0.27054656176805003
St. Lucia,LCA,2019,15.613,0.539087559191757,-0.700322396299441,72.249,0.3631466895222,-24.3614732129122,1,-3.5871014180154512,-3.716000000000001,-1.396531372314263,-2.0400742845109505
St. Lucia,LCA,2020,25.224,-1.75580833517594,-24.3614732129122,72.308,0.330981923965865,11.598783583643,0,-23.661150816612757,9.611,-2.2948958943676967,-13.624126117314104
St. Lucia,LCA,2021,20.514,2.41070312174393,11.598783583643,69.119,0.152478363043745,20.3884431828414,0,35.9602567965552,-4.710000000000001,4.16651145691987,6.1495529899712205
St. Lucia,LCA,2022,15.934,6.37814695133351,20.3884431828414,72.67,0.144975018605125,2.20988276526516,0,8.7896595991984,-4.58,3.96744382958958,22.3749581978768
St. Lucia,LCA,2023,12.094,4.07060821926204,2.20988276526516,72.697,0.281512532799571,3.89175024218898,0,-18.17856041757624,-3.84,-2.30753873207147,-4.69445040918892
St. Lucia,LCA,2024,10.199,-0.110283575834694,3.89175024218898,72.846,0.255689791113258,,,1.68186747692382,-1.8949999999999996,-4.180891795096733,-8.24834647032621
Sri Lanka,LKA,2010,4.784,6.2176488930462,8.01596737055139,74.463,0.589181271319281,8.6694830119314,0,,,,
Sri Lanka,LKA,2011,4.118,6.7167684358854,8.6694830119314,74.74,0.620507027958285,8.63218137662685,0,0.6535156413800092,-0.6659999999999995,0.4991195428391997,
Sri Lanka,LKA,2012,3.88,7.54291373239437,8.63218137662685,75.187,0.760628047767682,4.05174633027869,0,-0.03730163530454966,-0.23800000000000043,0.8261452965089697,0.30810700303772975
Sri Lanka,LKA,2013,4.186,6.90845034828452,4.05174633027869,75.546,-2.79968273298027,6.3779788972687,0,-4.58043504634816,0.30600000000000005,-0.6344633841098499,-2.3088683408263546
Sri Lanka,LKA,2014,4.157,3.1790022823606,6.3779788972687,75.757,0.933207942647201,4.20595547449241,0,2.3262325669900097,-0.028999999999999915,-3.7294480659239198,-1.127101239679075
Sri Lanka,LKA,2015,4.519,3.76836783062096,4.20595547449241,75.99,0.91981102654886,5.05362488994436,0,-2.17202342277629,0.3620000000000001,0.5893655482603601,0.07710457210685995
Sri Lanka,LKA,2016,4.242,3.9588884659307,5.05362488994436,76.136,1.13327749793807,6.46068127065753,0,0.84766941545195,-0.27700000000000014,0.19052063530974017,-0.6621770036621699
Sri Lanka,LKA,2017,4.046,7.70413767850602,6.46068127065753,76.239,1.14388758411593,2.31008425545845,0,1.4070563807131702,-0.19599999999999973,3.7452492125753194,1.12736289808256
Sri Lanka,LKA,2018,4.318,2.135037737132,2.31008425545845,76.485,1.0064319813899,-0.220483886831275,1,-4.1505970151990805,0.27199999999999935,-5.56909994137402,-1.371770317242955
Sri Lanka,LKA,2019,4.67,3.52839358231811,-0.220483886831275,76.698,0.611875945764341,-4.62451503749502,1,-2.530568142289725,0.3520000000000003,1.39335584518611,-3.3405825787444026
Sri Lanka,LKA,2020,5.364,6.15394508391738,-4.62451503749502,76.928,0.530626559530355,4.2074764951157,0,-4.404031150663745,0.694,2.62555150159927,-3.467299646476735
Sri Lanka,LKA,2021,4.981,7.01478071238195,4.2074764951157,76.278,1.07544995696428,-7.34919301306745,1,8.83199153261072,-0.383,0.86083562846457,2.2139801909734875
Sri Lanka,LKA,2022,4.528,49.7211021114327,-7.34919301306745,77.3,0.112772639779474,-2.3298481898334,1,-11.55666950818315,-0.4530000000000003,42.70632139905075,-1.3623389877862147
Sri Lanka,LKA,2023,4.528,16.5411742279832,-2.3298481898334,77.483,-0.651320770103285,5.00871930957159,0,5.01934482323405,0.0,-33.1799278834495,-3.26866234247455
Sri Lanka,LKA,2024,4.239,-0.42936004906973,5.00871930957159,77.672,-0.550589519145017,,,7.33856749940499,-0.2889999999999997,-16.970534277052927,6.17895616131952
Lesotho,LSO,2010,16.068,-2.40524254598706,5.26967078056286,46.045,0.772821659424366,4.61641394528752,0,,,,
Lesotho,LSO,2011,16.115,5.0366305210156,4.61641394528752,46.93,0.885634151913232,6.33408374679448,0,-0.6532568352753403,0.046999999999997044,7.4418730670026605,
Lesotho,LSO,2012,15.761,6.05143662139967,6.33408374679448,48.235,1.00510607755205,1.79252555575545,0,1.7176698015069602,-0.3539999999999992,1.01480610038407,0.53220648311581
Lesotho,LSO,2013,15.926,4.86511899496385,1.79252555575545,49.547,1.08291299578498,1.71054990545476,0,-4.54155819103903,0.16500000000000092,-1.1863176264358204,-1.411944194766035
Lesotho,LSO,2014,16.066,5.37028961008587,1.71054990545476,50.786,1.14032275206417,3.12406678044546,0,-0.0819756503006901,0.1399999999999988,0.5051706151220205,-2.31176692066986
Lesotho,LSO,2015,16.223,3.21844513655931,3.12406678044546,51.83,1.17199706979444,3.60890731687714,0,1.4135168749907,0.15700000000000003,-2.1518444735265603,0.6657706123450049
Lesotho,LSO,2016,16.138,6.59650490696543,3.60890731687714,52.908,1.21894302061673,-3.13817493733471,1,0.4848405364316801,-0.0849999999999973,3.37805977040612,0.94917870571119
Lesotho,LSO,2017,16.379,4.447699373763,-3.13817493733471,53.874,1.24492806980041,-1.48063315848241,1,-6.7470822542118505,0.24099999999999966,-2.14880553320243,-3.131120858890085
Lesotho,LSO,2018,16.614,4.7518030162474,-1.48063315848241,54.638,1.22069019410404,-1.41799383085205,1,1.6575417788523001,0.23499999999999943,0.3041036424843995,-2.544770237679775
Lesotho,LSO,2019,16.876,5.18708359197982,-1.41799383085205,55.249,1.17469837087993,-8.15595785459911,1,0.06263932763035984,0.26200000000000045,0.4352805757324205,0.86009055324133
Lesotho,LSO,2020,18.385,4.97809676252309,-8.15595785459911,55.133,1.18432063043163,2.26670961833291,0,-6.73796402374706,1.5090000000000003,-0.2089868294567303,-3.33766234805835
Lesotho,LSO,2021,18.214,6.04774591950676,2.26670961833291,54.209,1.14804266920884,2.38778020186284,0,10.42266747293202,-0.17100000000000293,1.0696491569836706,1.84235172459248
Lesotho,LSO,2022,16.623,8.27180389943028,2.38778020186284,56.812,1.08048016923391,1.82662476743647,0,0.12107058352993016,-1.5909999999999975,2.2240579799235194,5.2718690282309755
Lesotho,LSO,2023,16.348,6.34221743124953,1.82662476743647,57.375,1.10328678263994,2.85452253179545,0,-0.5611554344263701,-0.27500000000000213,-1.9295864681807497,-0.22004242544821995
Lesotho,LSO,2024,16.34,6.10544624245032,2.85452253179545,57.798,1.11644894351979,,,1.0278977643589802,-0.007999999999999119,-0.2367711887992101,0.23337116496630506
Lithuania,LTU,2010,17.814,1.31921362055463,0.427199566550769,73.2682926829268,-2.09694341985475,6.32363664821298,0,,,,
Lithuania,LTU,2011,15.39,4.13027562645085,6.32363664821298,73.5634146341464,-2.25846389882827,4.38290584355157,0,5.896437081662211,-2.4239999999999995,2.8110620058962192,
Lithuania,LTU,2012,13.365,3.08998277055417,4.38290584355157,73.8634146341464,-1.2954927649989,4.04691318575325,0,-1.9407308046614098,-2.0250000000000004,-1.0402928558966797,1.9778531385004006
Lithuania,LTU,2013,11.77,1.04747937065344,4.04691318575325,73.9146341463415,-0.937390957711289,3.7725437958099,0,-0.3359926577983199,-1.5950000000000006,-2.04250339990073,-1.1383617312298648
Lithuania,LTU,2014,10.698,0.103758009433708,3.7725437958099,74.5170731707317,-0.813668566231451,2.83280643343234,0,-0.27436938994335014,-1.0719999999999992,-0.9437213612197319,-0.305181023870835
Lithuania,LTU,2015,9.12,-0.884097405500596,2.83280643343234,74.3219512195122,-0.89406825888146,2.67192215053329,0,-0.93973736237756,-1.5780000000000012,-0.987855414934304,-0.6070533761604551
Lithuania,LTU,2016,7.862,0.905525075460342,2.67192215053329,74.6707317073171,-1.16730651563847,4.61224310312809,0,-0.16088428289904977,-1.2579999999999991,1.789622480960938,-0.5503108226383049
Lithuania,LTU,2017,7.073,3.72288862303707,4.61224310312809,75.4804878048781,-1.21281970207312,4.91836780106811,0,1.9403209525948002,-0.7889999999999997,2.8173635475767282,0.8897183348478752
Lithuania,LTU,2018,6.147,2.69792779208394,4.91836780106811,75.6804878048781,-0.82796893028899,4.67735183530451,0,0.3061246979400192,-0.9260000000000002,-1.02496083095313,1.1232228252674097
Lithuania,LTU,2019,6.255,2.33450937988027,4.67735183530451,76.2829268292683,-0.288120400605037,0.0428158336981426,0,-0.24101596576359974,0.10799999999999965,-0.3634184122036701,0.03255436608820972
Lithuania,LTU,2020,8.487,1.19989444983569,0.0428158336981426,75.0292682926829,-0.0256161303326233,6.38001606179873,0,-4.634536001606367,2.232,-1.13461493004458,-2.4377759836849835
Lithuania,LTU,2021,7.112,4.68354420903453,6.38001606179873,74.0365853658537,-0.070798680741267,2.53752574011534,0,6.3372002281005875,-1.375,3.4836497591988396,0.8513321132471101
Lithuania,LTU,2022,5.955,19.7050461518394,2.53752574011534,75.6439024390244,0.824789131191284,0.342262716277261,0,-3.84249032168339,-1.157,15.021501942804871,1.2473549532085988
Lithuania,LTU,2023,6.841,9.11731962390475,0.342262716277261,77.290243902439,1.40084461829591,2.77263124530285,0,-2.1952630238380793,0.8860000000000001,-10.58772652793465,-3.018876672760735
Lithuania,LTU,2024,6.851,0.715735835228723,2.77263124530285,77.1951219512195,0.579633464785161,,,2.430368529025589,0.009999999999999787,-8.401583788676028,0.11755275259375497
Luxembourg,LUX,2010,4.423,2.2736791162154,3.76041454320028,80.6317073170732,1.8254058035237,1.04429855323325,0,,,,
Luxembourg,LUX,2011,5.122,3.41068341068342,1.04429855323325,80.9878048780488,2.22266050326725,1.64990212764553,0,-2.7161159899670295,0.6989999999999998,1.1370042944680199,
Luxembourg,LUX,2012,5.03,2.66284165508021,1.64990212764553,81.3926829268293,2.40154189982875,3.17178989968683,0,0.6056035744122799,-0.09199999999999964,-0.74784175560321,-1.0552562077773748
Luxembourg,LUX,2013,6.045,1.73403963519162,3.17178989968683,81.8,2.31117625275217,2.62308679154881,0,1.5218877720413,1.0149999999999997,-0.9288020198885898,1.0637456732267898
Luxembourg,LUX,2014,6.044,0.628543985440717,2.62308679154881,82.2292682926829,2.35697870484045,2.26978423302835,0,-0.54870310813802,-0.001000000000000334,-1.1054956497509032,0.48659233195164
Luxembourg,LUX,2015,6.796,0.474743161437779,2.26978423302835,82.2926829268293,2.35995118136865,4.97819011520116,0,-0.3533025585204599,0.7520000000000007,-0.15380082400293799,-0.45100283332923996
Luxembourg,LUX,2016,6.669,0.290833333333317,4.97819011520116,82.6853658536585,2.15531198799205,1.31718713754285,0,2.7084058821728103,-0.12700000000000067,-0.183909828104462,1.1775516618261752
Luxembourg,LUX,2017,5.523,1.73079959118887,1.31718713754285,82.0951219512195,2.43097641776115,1.61129561338169,0,-3.66100297765831,-1.146,1.439966257855553,-0.47629854774274993
Luxembourg,LUX,2018,5.589,1.5281952430738,1.61129561338169,82.2951219512195,1.92883751398765,2.74931929072659,0,0.2941084758388399,0.06600000000000072,-0.2026043481150701,-1.6834472509097351
Luxembourg,LUX,2019,5.592,1.74332075653848,2.74931929072659,82.6390243902439,1.9628449198635,-0.510051634039826,1,1.1380236773449002,0.0029999999999992255,0.21512551346468012,0.71606607659187
Luxembourg,LUX,2020,6.766,0.819957302127036,-0.510051634039826,82.1439024390244,1.66635867423273,6.9297342584233,0,-3.259370924766416,1.1740000000000004,-0.9233634544114441,-1.0606736237107581
Luxembourg,LUX,2021,5.571,2.52692009066166,6.9297342584233,82.5975609756098,1.51834936706612,-1.0974168968152,1,7.439785892463126,-1.1950000000000003,1.7069627885346241,2.090207483848355
Luxembourg,LUX,2022,4.588,6.33600807777919,-1.0974168968152,82.9463414634147,2.01666790212729,0.0994399943552651,0,-8.027151155238501,-0.9829999999999997,3.80908798711753,-0.293682631387687
Luxembourg,LUX,2023,5.184,3.74140361983136,0.0994399943552651,83.309756097561,2.02002574712319,0.35861253942069,0,1.1968568911704651,0.5960000000000001,-2.59460445794783,-3.4151471320340177
Luxembourg,LUX,2024,6.4,2.05113269954859,0.35861253942069,83.1951219512195,1.57538901671221,,,0.25917254506542486,1.2160000000000002,-1.69027092028277,0.728014718117945
Latvia,LVA,2010,19.482,-1.08463595015155,-3.66125859554762,73.4829268292683,-2.08130508988111,3.03634482668815,0,,,,
Latvia,LVA,2011,16.206,4.37073559939223,3.03634482668815,73.5756097560976,-1.82076700208005,7.30524057200897,0,6.69760342223577,-3.276,5.45537154954378,
Latvia,LVA,2012,15.047,2.25778924374585,7.30524057200897,73.7780487804878,-1.24035915329271,2.09609028156248,0,4.268895745320821,-1.158999999999999,-2.11294635564638,5.483249583778296
Latvia,LVA,2013,11.867,-0.029454778257828,2.09609028156248,73.9829268292683,-1.07103480329077,2.0949597710559,0,-5.209150290446491,-3.1799999999999997,-2.287244022003678,-0.47012727256283515
Latvia,LVA,2014,10.846,0.620490636732421,2.0949597710559,74.1243902439024,-0.941743354234222,3.78336712084972,0,-0.0011305105065799737,-1.0210000000000008,0.649945414990249,-2.605140400476535
Latvia,LVA,2015,9.873,0.174242243625186,3.78336712084972,74.4804878048781,-0.818626340945853,2.55168601974034,0,1.6884073497938203,-0.9730000000000008,-0.44624839310723496,0.8436384196436202
Latvia,LVA,2016,9.643,0.140633334505327,2.55168601974034,74.580487804878,-0.913885332226604,3.39894872623931,0,-1.23168110110938,-0.22999999999999865,-0.033608909119859004,0.22836312434222017
Latvia,LVA,2017,8.715,2.93036312374665,3.39894872623931,74.6292682926829,-0.886215573292392,4.30971286294503,0,0.8472627064989697,-0.9280000000000008,2.7897297892413233,-0.19220919730520514
Latvia,LVA,2018,7.412,2.53445424186598,4.30971286294503,74.7829268292683,-0.779138396192231,0.675372771884227,0,0.9107641367057204,-1.303,-0.3959088818806702,0.8790134216023451
Latvia,LVA,2019,6.312,2.81140920075624,0.675372771884227,75.3878048780488,-0.695239140136066,-3.46922750780554,1,-3.6343400910608032,-1.0999999999999996,0.27695495889026,-1.3617879771775414
Latvia,LVA,2020,8.098,0.219064904841985,-3.46922750780554,75.1853658536585,-0.701211570733301,6.94254173062592,0,-4.144600279689767,1.7860000000000005,-2.592344295914255,-3.889470185375285
Latvia,LVA,2021,7.513,3.27582937431165,6.94254173062592,72.9804878048781,-0.843294678005026,1.90853419029801,0,10.41176923843146,-0.5850000000000009,3.056764469469665,3.1335844793708465
Latvia,LVA,2022,6.815,17.3102830198815,1.90853419029801,74.2780487804878,-0.271369577775699,-0.941606068823631,1,-5.03400754032791,-0.6979999999999995,14.03445364556985,2.688880849051775
Latvia,LVA,2023,6.465,8.9380462331663,-0.941606068823631,75.4268292682927,0.22997050070229,-0.0461080109713521,1,-2.850140259121641,-0.35000000000000053,-8.372236786715199,-3.9420738997247753
Latvia,LVA,2024,6.9,1.26579885828729,-0.0461080109713521,76.4292682926829,-0.93796839712162,,,0.8954980578522789,0.4350000000000005,-7.67224737487901,-0.977321100634681
"Macao SAR, China",MAC,2010,2.84,2.80947242060843,25.1031075246958,82.2731707317073,0.373134761285818,21.6223064381087,0,,,,
"Macao SAR, China",MAC,2011,2.56,5.80624616691043,21.6223064381087,82.4707317073171,2.31926463992749,9.21747479596735,0,-3.4808010865870997,-0.2799999999999998,2.9967737463020003,
"Macao SAR, China",MAC,2012,1.97,6.10738928336549,9.21747479596735,82.4707317073171,3.27546059752472,10.7816711590297,0,-12.404831642141351,-0.5900000000000001,0.30114311645505953,-7.942816364364226
"Macao SAR, China",MAC,2013,1.82,5.50057779178484,10.7816711590297,82.7219512195122,4.13923548132925,-2.03874227961819,1,1.5641963630623508,-0.1499999999999999,-0.6068114915806495,-5.4203176395395
"Macao SAR, China",MAC,2014,1.67,6.04823452094076,-2.03874227961819,83.0219512195122,4.91199595786127,-21.7540078753246,1,-12.82041343864789,-0.15000000000000013,0.5476567291559196,-5.6281085377927695
"Macao SAR, China",MAC,2015,1.81,4.56056338028173,-21.7540078753246,83.2243902439024,3.3531529872349,-0.701510212552961,1,-19.71526559570641,0.14000000000000012,-1.48767114065903,-16.26783951717715
"Macao SAR, China",MAC,2016,1.939,2.36895749705898,-0.701510212552961,83.2756097560976,1.48219480492074,9.91855844513513,0,21.05249766277164,0.129,-2.1916058832227496,0.6686160335326146
"Macao SAR, China",MAC,2017,1.981,1.22812404052809,9.91855844513513,83.5268292682927,-0.630334933532746,6.35917030567686,0,10.62006865768809,0.04200000000000004,-1.1408334565308902,15.836283160229865
"Macao SAR, China",MAC,2018,1.803,3.00446293166953,6.35917030567686,83.6780487804878,1.60639880582531,-2.4609094006739,1,-3.55938813945827,-0.17800000000000016,1.7763388911414402,3.5303402591149102
"Macao SAR, China",MAC,2019,1.73,2.75193081051975,-2.4609094006739,83.9292682926829,1.96865626033754,-54.4020925789353,1,-8.820079706350759,-0.07299999999999995,-0.25253212114977996,-6.189733922904514
"Macao SAR, China",MAC,2020,2.542,0.811410511491512,-54.4020925789353,84.1292682926829,1.9744268917359,22.4622020023362,0,-51.941183178261404,0.8119999999999998,-1.9405202990282382,-30.380631442306083
"Macao SAR, China",MAC,2021,2.221,0.0264543647055504,22.4622020023362,83.7292682926829,-0.424008238139362,-18.956941494497,1,76.86429458127151,-0.32099999999999973,-0.7849561467859616,12.461555701505048
"Macao SAR, China",MAC,2022,2.446,1.04502802369954,-18.956941494497,83.0804878048781,-0.764822083825685,75.3084184293413,0,-41.4191434968332,0.2250000000000001,1.0185736589939896,17.722575542219154
"Macao SAR, China",MAC,2023,2.206,0.476384495788075,75.3084184293413,83.1804878048781,0.221222713921319,7.84960207010525,0,94.2653599238383,-0.2400000000000002,-0.568643527911465,26.42310821350255
"Macao SAR, China",MAC,2024,2.262,0.672498598854365,7.84960207010525,83.3317073170732,1.20077588622782,,,-67.45881635923605,0.05600000000000005,0.19611410306629,13.403271782301124
Morocco,MAR,2010,9.09,0.993557401226392,3.49955709403216,70.821,1.35274286216317,5.52464523319847,0,,,,
Morocco,MAR,2011,8.91,0.9069249096918,5.52464523319847,71.263,1.36305168989377,3.06234368502997,0,2.02508813916631,-0.17999999999999972,-0.08663249153459207,
Morocco,MAR,2012,8.99,1.28712240079219,3.06234368502997,71.674,1.3359712863904,4.12221286860944,0,-2.4623015481685,0.08000000000000007,0.38019749110039003,-0.2186067045010951
Morocco,MAR,2013,9.23,1.88065466724086,4.12221286860944,72.117,1.28781015302784,2.7192440802029,0,1.0598691835794698,0.2400000000000002,0.59353226644867,-0.7012161822945151
Morocco,MAR,2014,9.7,0.442310053557048,2.7192440802029,72.522,1.22723874148544,4.34458297635238,0,-1.4029687884065396,0.46999999999999886,-1.438344613683812,-0.1715498024135349
Morocco,MAR,2015,9.46,1.5579071134626,4.34458297635238,72.894,1.17075639938741,0.52118550608968,0,1.6253388961494801,-0.23999999999999844,1.1155970599055518,0.11118505387147026
Morocco,MAR,2016,9.3,1.63531114327064,0.52118550608968,73.228,1.19450726277516,5.05789816173446,0,-3.8233974702627003,-0.16000000000000014,0.07740402980804006,-1.09902928705661
Morocco,MAR,2017,9.22,0.754663249323619,5.05789816173446,73.608,1.20034336418867,3.06564133025955,0,4.536712655644781,-0.08000000000000007,-0.880647893947021,0.35665759269104
Morocco,MAR,2018,9.272,1.80391671141896,3.06564133025955,73.946,1.1036421008163,2.89097476137077,0,-1.99225683147491,0.0519999999999996,1.049253462095341,1.2722279120849351
Morocco,MAR,2019,9.191,0.303386036590383,2.89097476137077,74.245,1.03022315933698,-7.17820744246774,1,-0.1746665688887803,-0.08099999999999952,-1.500530674828577,-1.0834617001818452
Morocco,MAR,2020,11.189,0.705968661338261,-7.17820744246774,73.133,1.02565486360782,8.15473889823681,0,-10.06918220383851,1.9979999999999993,0.402582624747878,-5.121924386363645
Morocco,MAR,2021,10.551,1.40195883962006,8.15473889823681,73.385,1.00691847923959,1.81269242194809,0,15.332946340704549,-0.6379999999999999,0.695990178281799,2.6318820684330198
Morocco,MAR,2022,9.413,6.65704202759067,1.81269242194809,75.161,1.00863622672701,3.65564411017931,0,-6.342046476288719,-1.138,5.25508318797061,4.495449932207915
Morocco,MAR,2023,8.896,6.09114152504141,3.65564411017931,75.313,1.02195181223548,3.79336515978963,0,1.8429516882312198,-0.5169999999999995,-0.56590050254926,-2.24954739402875
Morocco,MAR,2024,9.103,0.985256592004507,3.79336515978963,75.493,0.972827595296714,,,0.13772104961032028,0.20699999999999896,-5.1058849330369025,0.99033636892077
Moldova,MDA,2010,2.972,7.48385086350851,7.10000010705836,69.876,-0.0998329740168972,5.81816614684824,0,,,,
Moldova,MDA,2011,2.677,7.6872510335619,5.81816614684824,70.173,-0.0578362648793712,-0.589733954762579,1,-1.28183396021012,-0.29499999999999993,0.2034001700533894,
Moldova,MDA,2012,2.189,4.54633427355302,-0.589733954762579,70.344,-0.0131095435392298,9.0438656074181,0,-6.407900101610819,-0.488,-3.1409167600088796,-3.8448670309104696
Moldova,MDA,2013,1.894,4.59787897363127,9.0438656074181,70.291,-0.0267837694756349,4.99962585407656,0,9.63359956218068,-0.29500000000000015,0.051544700078250294,1.61284973028493
Moldova,MDA,2014,1.45,5.08878554625869,4.99962585407656,70.241,-0.0609720602101012,-0.338235622387202,1,-4.04423975334154,-0.44399999999999995,0.49090657262742,2.7946799044195694
Moldova,MDA,2015,1.781,9.67624033101859,-0.338235622387202,70.118,-0.767049559673864,4.64601436259409,0,-5.337861476463762,0.33099999999999996,4.5874547847599,-4.691050614902651
Moldova,MDA,2016,1.591,6.35930898037931,4.64601436259409,70.179,-1.16302237797705,4.17561205106279,0,4.984249984981292,-0.18999999999999995,-3.3169313506392806,-0.17680574574123487
Moldova,MDA,2017,1.622,6.57022997455611,4.17561205106279,70.375,-1.72705846625605,4.07559546585034,0,-0.4704023115313003,0.03100000000000014,0.21092099417680021,2.2569238367249955
Moldova,MDA,2018,1.239,3.04505397337071,4.07559546585034,70.236,-1.75700442074845,3.5523140853476,0,-0.10001658521244927,-0.383,-3.5251760011854,-0.2852094483718748
Moldova,MDA,2019,1.502,4.83778351428728,3.5523140853476,70.181,-1.60031653578231,-8.27597831976949,1,-0.5232813805027403,0.2629999999999999,1.7927295409165702,-0.3116489828575948
Moldova,MDA,2020,1.206,3.76597122245351,-8.27597831976949,69.914,-1.09803165876287,13.9299997889786,0,-11.82829240511709,-0.29600000000000004,-1.0718122918337705,-6.175786892809915
Moldova,MDA,2021,0.794,5.10641129002835,13.9299997889786,68.991,-1.50342952349937,-4.6000000255323,1,22.20597810874809,-0.4119999999999999,1.3404400675748405,5.1888428518155
Moldova,MDA,2022,0.909,28.7372976766235,-4.6000000255323,71.546,-2.62110760462091,1.2000000493378,0,-18.5299998145109,0.11499999999999999,23.630886386595147,1.8379891471185945
Moldova,MDA,2023,1.57,13.4170104381299,1.2000000493378,71.198,-2.84274212689094,0.103059364371205,0,5.8000000748701,0.661,-15.320287238493599,-6.3649998698204
Moldova,MDA,2024,1.427,4.67773516007052,0.103059364371205,71.332,-2.28306147072637,,,-1.096940684966595,-0.14300000000000002,-8.739275278059381,2.3515296949517523
Madagascar,MDG,2010,4.28,9.24732173644116,0.619239744622121,62.597,2.90919662127516,1.57842705366555,0,,,,
Madagascar,MDG,2011,2.516,9.48254048582992,1.57842705366555,62.86,2.83965714379658,3.01114811621208,0,0.9591873090434291,-1.7640000000000002,0.23521874938876053,
Madagascar,MDG,2012,0.599,5.71384434191053,3.01114811621208,63.007,2.76626312576328,2.30037622800727,0,1.4327210625465299,-1.917,-3.7686961439193905,1.1959541857949794
Madagascar,MDG,2013,0.995,5.8264294445198,2.30037622800727,63.161,2.71964840033078,3.33920311195367,0,-0.71077188820481,0.396,0.11258510260926968,0.36097458717085995
Madagascar,MDG,2014,1.385,6.08040811088302,3.33920311195367,63.261,2.68077948175383,3.13229807490305,0,1.0388268839463999,0.39,0.25397866636322064,0.16402749787079496
Madagascar,MDG,2015,1.785,7.40419174202129,3.13229807490305,63.362,2.63948434650119,3.99314606199499,0,-0.2069050370506198,0.3999999999999999,1.3237836311382694,0.41596092344789004
Madagascar,MDG,2016,1.949,6.03575858154679,3.99314606199499,63.431,2.61335935661539,3.93330759462793,0,0.8608479870919399,0.16400000000000015,-1.3684331604745,0.32697147502066004
Madagascar,MDG,2017,2.123,8.60905075422949,3.93330759462793,63.433,2.60345495087599,3.19435651744398,0,-0.05983846736705978,0.17400000000000015,2.5732921726826996,0.40050475986244005
Madagascar,MDG,2018,2.303,8.59422958870476,3.19435651744398,63.491,2.60334538024635,4.41123212909589,0,-0.73895107718395,0.17999999999999972,-0.014821165524729452,-0.3993947722755049
Madagascar,MDG,2019,2.479,5.61051441492365,4.41123212909589,63.504,2.60136633480103,-7.13767162064489,1,1.2168756116519095,0.17600000000000016,-2.9837151737811096,0.23896226723397973
Madagascar,MDG,2020,3.292,4.20179312190557,-7.13767162064489,62.706,2.56778870397591,4.65068343174309,0,-11.54890374974078,0.8129999999999997,-1.40872129301808,-5.166014069044436
Madagascar,MDG,2021,3.498,5.81225118787715,4.65068343174309,62.516,2.51537360931706,4.15609778386296,0,11.788355052387981,0.2060000000000004,1.6104580659715797,0.11972565132360047
Madagascar,MDG,2022,3.186,8.16059031991844,4.15609778386296,63.068,2.48207836172625,4.20304615840668,0,-0.4945856478801298,-0.3120000000000003,2.348339132041289,5.646884702253925
Madagascar,MDG,2023,3.044,9.87432675044888,4.20304615840668,63.632,2.46201530433165,4.19999999988647,0,0.04694837454372003,-0.1419999999999999,1.7137364305304406,-0.2238186366682049
Madagascar,MDG,2024,3.051,7.61335784313723,4.19999999988647,63.835,2.43524760129506,,,-0.003046158520210618,0.007000000000000117,-2.26096890731165,0.021951108011754705
Maldives,MDV,2010,10.875,6.14988536750173,6.7854678229144,76.756,3.53092174013543,8.84342600490342,0,,,,
Maldives,MDV,2011,10.043,11.2734146055937,8.84342600490342,77.141,3.50821445523557,2.38928797963442,0,2.0579581819890205,-0.8320000000000007,5.123529238091971,
Maldives,MDV,2012,9.134,10.884695658563,2.38928797963442,77.512,3.45705386277423,6.97496226412528,0,-6.454138025269001,-0.9089999999999989,-0.3887189470307,-2.19808992163999
Maldives,MDV,2013,8.295,3.8056300091943,6.97496226412528,77.847,3.36852336235274,7.86068643108074,0,4.58567428449086,-0.8390000000000004,-7.079065649368701,-0.9342318703890702
Maldives,MDV,2014,7.461,2.12000175718134,7.86068643108074,78.187,3.33008930667728,3.86813536494475,0,0.8857241669554599,-0.8339999999999996,-1.6856282520129597,2.73569922572316
Maldives,MDV,2015,6.611,0.953206658777607,3.86813536494475,78.607,3.45425190846638,6.37528306716864,0,-3.99255106613599,-0.8500000000000005,-1.1667950984037332,-1.5534134495902652
Maldives,MDV,2016,5.771,0.502509413611612,6.37528306716864,78.913,3.47818441091268,7.07442863215275,0,2.50714770222389,-0.8399999999999999,-0.45069724516599496,-0.7427016819560501
Maldives,MDV,2017,5.377,2.81747338234509,7.07442863215275,79.228,3.3230837355609,8.5689555834747,0,0.6991455649841098,-0.39400000000000013,2.314963968733478,1.603146633604
Maldives,MDV,2018,4.962,-0.133373386117595,8.5689555834747,79.433,3.18090435033978,6.92305989050099,0,1.4945269513219506,-0.41500000000000004,-2.950846768462685,1.0968362581530302
Maldives,MDV,2019,4.562,0.220029731065383,6.92305989050099,79.707,3.04593554452725,-32.9088287752921,1,-1.6458956929737107,-0.39999999999999947,0.353403117182978,-0.07568437082588009
Maldives,MDV,2020,5.42,-1.36977425569811,-32.9088287752921,78.713,2.90711274683574,37.507870124321,0,-39.83188866579309,0.8579999999999997,-1.589803986763493,-20.7388921793834
Maldives,MDV,2021,5.016,0.543149688737013,37.507870124321,78.052,2.75700187362712,13.8260895184139,0,70.4166988996131,-0.4039999999999999,1.9129239444351231,15.292405116910004
Maldives,MDV,2022,4.303,2.33314337624567,13.8260895184139,80.76,1.528878337276,4.94286301229583,0,-23.6817806059071,-0.7130000000000001,1.789993687508657,23.367459146853
Maldives,MDV,2023,4.019,2.92746542425035,4.94286301229583,81.041,0.359585188904548,3.49440422654285,0,-8.88322650611807,-0.2839999999999998,0.5943220480046802,-16.282503556012585
Maldives,MDV,2024,4.278,1.39979779674928,3.49440422654285,81.285,0.342572358181693,,,-1.44845878575298,0.25899999999999945,-1.52766762750107,-5.165842645935525
Mexico,MEX,2010,5.303,4.15672722680174,4.9713345832195,73.718,1.43974472572946,3.44404505794418,0,,,,
Mexico,MEX,2011,5.175,3.40737824605742,3.44404505794418,73.921,1.41534883852036,3.55321075993527,0,-1.5272895252753198,-0.1280000000000001,-0.7493489807443203,
Mexico,MEX,2012,4.892,4.11150981070289,3.55321075993527,74.128,1.35716327923769,0.852101559410627,0,0.10916570199108966,-0.2829999999999995,0.7041315646454698,-0.7090619116421151
Mexico,MEX,2013,4.921,3.80639069747204,0.852101559410627,74.289,1.29730808025224,2.50376350288664,0,-2.701109200524643,0.028999999999999915,-0.3051191132308495,-1.2959717492667766
Mexico,MEX,2014,4.819,4.01861608078679,2.50376350288664,74.404,1.21002702971431,2.70232342550646,0,1.6516619434760131,-0.10200000000000031,0.21222538331475027,-0.5247236285243149
Mexico,MEX,2015,4.311,2.72064064964023,2.70232342550646,74.431,1.06956376155677,1.77249323845399,0,0.19855992261982003,-0.508,-1.2979754311465603,0.9251109330479166
Mexico,MEX,2016,3.853,2.8217078474766,1.77249323845399,74.376,0.969124204799117,1.87172853327193,0,-0.9298301870524701,-0.45799999999999974,0.10106719783636997,-0.36563513221632504
Mexico,MEX,2017,3.419,6.04145724018986,1.87172853327193,74.261,0.935239396499786,1.97208209405635,0,0.09923529481794002,-0.43400000000000016,3.2197493927132603,-0.41529744611726505
Mexico,MEX,2018,3.275,4.89935015356551,1.97208209405635,74.301,0.9466023549862,-0.392690505066824,1,0.10035356078441993,-0.14400000000000013,-1.1421070866243506,0.09979442780117997
Mexico,MEX,2019,3.477,3.63596142127046,-0.392690505066824,74.53,0.950144329831411,-8.35403458167995,1,-2.364772599123174,0.20199999999999996,-1.2633887322950499,-1.1322095191693768
Mexico,MEX,2020,4.44,3.39683415570006,-8.35403458167995,70.449,0.820454117563552,6.0484834621255,0,-7.961344076613127,0.9630000000000005,-0.23912726557039976,-5.163058337868151
Mexico,MEX,2021,4.019,5.68920847683753,6.0484834621255,69.75,0.66740537533078,3.70975709163623,0,14.40251804380545,-0.42100000000000026,2.29237432113747,3.220586983596162
Mexico,MEX,2022,3.256,7.8962761916855,3.70975709163623,73.973,0.753116988604166,3.35354140652768,0,-2.33872637048927,-0.7630000000000003,2.2070677148479696,6.031895836658091
Mexico,MEX,2023,2.765,5.52796087314389,3.35354140652768,75.069,0.872178517508623,1.42742769080466,0,-0.35621568510855006,-0.49099999999999966,-2.36831531854161,-1.34747102779891
Mexico,MEX,2024,2.678,4.72225588452932,1.42742769080466,75.264,0.860515443690537,,,-1.92611371572302,-0.08700000000000019,-0.8057049886145702,-1.141164700415785
North Macedonia,MKD,2010,33.135,1.50997522027613,3.35875085773812,74.9975609756098,-0.63937448291812,2.33988604520331,0,,,,
North Macedonia,MKD,2011,31.502,3.9047542206974,2.33988604520331,75.1,-0.458327097678151,-0.456183223607937,1,-1.0188648125348103,-1.6329999999999991,2.39477900042127,
North Macedonia,MKD,2012,31.096,3.31605566687647,-0.456183223607937,74.9024390243903,-0.391858319665176,2.92525766450484,0,-2.7960692688112467,-0.4059999999999988,-0.58869855382093,-1.9074670406730285
North Macedonia,MKD,2013,29.017,2.78500056726109,2.92525766450484,75.4,-0.368848270904885,3.62912351276373,0,3.3814408881127767,-2.0790000000000006,-0.5310550996153802,0.29268580965076496
North Macedonia,MKD,2014,28.215,-0.281705032928494,3.62912351276373,75.4512195121951,-0.268678976911211,3.85586514041738,0,0.7038658482588902,-0.8019999999999996,-3.066705600189584,2.0426533681858334
North Macedonia,MKD,2015,26.395,-0.299920475631462,3.85586514041738,75.4024390243902,-0.267729528193655,2.84820519363306,0,0.22674162765365002,-1.8200000000000003,-0.018215442702967988,0.4653037379562701
North Macedonia,MKD,2016,24.312,-0.239290787684501,2.84820519363306,75.4,-0.320367473371963,1.08177273813243,0,-1.0076599467843201,-2.0829999999999984,0.060629687946961025,-0.39045915956533506
North Macedonia,MKD,2017,22.857,1.35161889677442,1.08177273813243,75.9536585365854,-0.40242158713311,2.88059670964267,0,-1.7664324555006299,-1.4550000000000018,1.590909684458921,-1.387046201142475
North Macedonia,MKD,2018,21.208,1.45831298507126,2.88059670964267,76.6487804878049,-0.507220756968942,3.91041953840173,0,1.79882397151024,-1.649000000000001,0.1066940882968399,0.016195758004805105
North Macedonia,MKD,2019,17.414,0.766439573459805,3.91041953840173,76.6024390243903,-0.679308688552216,-4.68845000956652,1,1.0298228287590598,-3.793999999999997,-0.691873411611455,1.4143234001346499
North Macedonia,MKD,2020,16.575,1.20007348888469,-4.68845000956652,74.3951219512195,-1.07910572041332,4.51067949038222,0,-8.598869547968249,-0.8390000000000022,0.43363391542488505,-3.7845233596045946
North Macedonia,MKD,2021,15.801,3.23074912132928,4.51067949038222,73.2463414634146,-1.02945804668594,2.75888415332967,0,9.19912949994874,-0.7739999999999991,2.0306756324445896,0.30012997599024516
North Macedonia,MKD,2022,14.476,14.2047173195833,2.75888415332967,74.4248780487805,-0.294481335654044,2.554965253403,0,-1.7517953370525499,-1.3249999999999993,10.97396819825402,3.7236670814480948
North Macedonia,MKD,2023,13.174,9.36187249769015,2.554965253403,75.3160975609756,-0.212923714310977,2.99373536567732,0,-0.2039188999266699,-1.3020000000000014,-4.84284482189315,-0.9778571184896099
North Macedonia,MKD,2024,12.265,3.48974086026954,2.99373536567732,76.6165853658537,-0.189311904958652,,,0.43877011227431995,-0.9089999999999989,-5.87213163742061,0.11742560617382503
Mali,MLI,2010,1.375,1.10892690670186,5.57678859838062,55.993,3.2485140091385,2.93537897086446,0,,,,
Mali,MLI,2011,1.403,2.95564395229392,2.93537897086446,56.367,3.23250831038309,-1.07239924132972,1,-2.6414096275161603,0.028000000000000025,1.84671704559206,
Mali,MLI,2012,1.462,5.32312847064058,-1.07239924132972,56.696,2.91998728475051,3.29068742019345,0,-4.0077782121941805,0.05899999999999994,2.3674845183466604,-3.32459391985517
Mali,MLI,2013,1.517,-0.606736356351563,3.29068742019345,57.052,2.92078257453733,6.50263878409685,0,4.36308666152317,0.05499999999999994,-5.9298648269921435,0.177654224664495
Mali,MLI,2014,1.476,0.883814547137841,6.50263878409685,57.482,3.16065691731413,6.23887890197454,0,3.2119513639034,-0.040999999999999925,1.490550903489404,3.787519012713285
Mali,MLI,2015,1.404,1.45069057605961,6.23887890197454,57.852,3.1289280097663,6.00506308559498,0,-0.2637598821223097,-0.07200000000000006,0.566876028921769,1.474095740890545
Mali,MLI,2016,1.367,-1.79964707083386,6.00506308559498,58.286,3.16701291267986,5.37554769639952,0,-0.23381581637956028,-0.03699999999999992,-3.2503376468934704,-0.248787849250935
Mali,MLI,2017,1.498,1.75985742927165,5.37554769639952,58.562,3.18823649379751,4.86784999991505,0,-0.6295153891954595,0.131,3.5595045001055103,-0.43166560278750987
Mali,MLI,2018,1.62,0.299546507387843,4.86784999991505,58.873,3.1254232369578,4.99999911608818,0,-0.5076976964844704,0.12200000000000011,-1.460310921883807,-0.5686065428399649
Mali,MLI,2019,3.29,-1.65826694846365,4.99999911608818,59.217,3.01814494306617,-1.16910834828603,1,0.13214911617312985,1.67,-1.957813455851493,-0.18777429015567026
Mali,MLI,2020,3.528,0.438088940320669,-1.16910834828603,58.858,3.01751361469378,3.10094124444834,0,-6.16910746437421,0.238,2.096355888784319,-3.0184791741005403
Mali,MLI,2021,4.006,3.92560283104277,3.10094124444834,59.116,3.06035796580474,3.70319027595568,0,4.27004959273437,0.4780000000000002,3.4875138907221013,-0.9495289358199199
Mali,MLI,2022,2.387,9.62147608489064,3.70319027595568,60.035,3.00942592606239,4.72541109080376,0,0.6022490315073399,-1.6190000000000002,5.69587325384787,2.436149312120855
Mali,MLI,2023,2.947,2.05880228274223,4.72541109080376,60.439,2.97400537620334,4.99226917482922,0,1.0222208148480805,0.56,-7.56267380214841,0.8122349231777102
Mali,MLI,2024,2.924,3.2063986409966,4.99226917482922,60.675,2.94115084753028,,,0.2668580840254595,-0.02300000000000013,1.1475963582543698,0.64453944943677
Malta,MLT,2010,6.861,1.51563513618532,6.19735041110465,81.3975609756098,0.49118281065151,0.99220191192282,0,,,,
Malta,MLT,2011,6.388,2.9629852819288,0.99220191192282,80.7463414634146,0.423700885195294,4.10167392241412,0,-5.2051484991818295,-0.47299999999999986,1.44735014574348,
Malta,MLT,2012,6.203,2.37582057760386,4.10167392241412,80.7463414634146,0.899209211902256,6.29233375866998,0,3.1094720104913,-0.1849999999999996,-0.5871647043249402,-1.047838244345265
Malta,MLT,2013,6.115,1.1802843636655,6.29233375866998,81.7463414634146,1.13206344183411,7.63136360845897,0,2.1906598362558602,-0.08800000000000008,-1.1955362139383598,2.65006592337358
Malta,MLT,2014,5.737,0.310306472181665,7.63136360845897,81.8951219512195,2.02059558233422,9.62070315764963,0,1.3390298497889894,-0.3780000000000001,-0.869977891483835,1.7648448430224248
Malta,MLT,2015,5.389,1.10054826378929,9.62070315764963,81.7975609756098,2.44719692467224,4.07800355932196,0,1.9893395491906594,-0.34799999999999986,0.790241791607625,1.6641846994898244
Malta,MLT,2016,4.694,0.642702771527304,4.07800355932196,82.3536585365854,2.28889794467689,12.9713424962459,0,-5.542699598327669,-0.6950000000000003,-0.457845492261986,-1.7766800245685048
Malta,MLT,2017,4.008,1.36435448150708,12.9713424962459,82.1951219512195,2.73472979835887,7.18921479603796,0,8.89333893692394,-0.6859999999999999,0.721651709979776,1.6753196692981351
Malta,MLT,2018,3.956,1.15782362451517,7.18921479603796,82.2487804878049,3.53282607673569,4.08505582134097,0,-5.78212770020794,-0.052000000000000046,-0.20653085699190998,1.5556056183579998
Malta,MLT,2019,4.08,1.6420600176894,4.08505582134097,82.6585365853659,4.05171762437788,-3.45728276294712,1,-3.1041589746969898,0.12400000000000011,0.48423639317422995,-4.443143337452465
Malta,MLT,2020,4.856,0.638544956776712,-3.45728276294712,82.0975609756098,2.2716254974907,13.4117042939322,0,-7.54233858428809,0.7759999999999998,-1.003515060912688,-5.323248779492539
Malta,MLT,2021,3.754,1.49789217934724,13.4117042939322,82.2585365853659,0.51468710034629,2.48309993837792,0,16.86898705687932,-1.1019999999999999,0.859347222570528,4.663324236295615
Malta,MLT,2022,3.471,6.15375621933037,2.48309993837792,82.2975609756098,2.47100289980875,10.6215185022616,0,-10.92860435555428,-0.2829999999999999,4.655864039983131,2.97019135066252
Malta,MLT,2023,3.479,5.09396758978883,10.6215185022616,83.3560975609756,3.99255876861009,6.79990300224401,0,8.138418563883679,0.008000000000000007,-1.05978862954154,-1.3950928958353002
Malta,MLT,2024,3.1,1.65079469283109,6.79990300224401,82.9560975609756,2.87111128593908,,,-3.8216155000175895,-0.379,-3.4431728969577406,2.158401531933045
Montenegro,MNE,2010,19.649,0.654946570148479,2.77559782547836,75.990243902439,0.183239906425096,3.40978812497193,0,,,,
Montenegro,MNE,2011,19.759,3.4501431124869,3.40978812497193,76.0829268292683,0.147930333573243,-2.48732882965353,1,0.6341902994935698,0.10999999999999943,2.795196542338421,
Montenegro,MNE,2012,19.808,4.14524724981119,-2.48732882965353,76.3,0.172818849821581,3.38612548540247,0,-5.89711695462546,0.04899999999999949,0.6951041373242899,-2.631463327565945
Montenegro,MNE,2013,19.585,2.20589268141178,3.38612548540247,76.490243902439,0.187941422115648,2.37030892464516,0,5.873454315056,-0.22299999999999898,-1.93935456839941,-0.011831319784729954
Montenegro,MNE,2014,18.054,-0.710514051710227,2.37030892464516,76.3390243902439,0.185665017136334,2.52306333975571,0,-1.01581656075731,-1.5310000000000024,-2.916406733122007,2.428818877149345
Montenegro,MNE,2015,17.555,1.54869158222486,2.52306333975571,76.6024390243903,0.145306599207243,3.4393056210999,0,0.15275441511054977,-0.4989999999999988,2.2592056339350868,-0.4315310728233801
Montenegro,MNE,2016,17.732,-0.271385023385176,3.4393056210999,76.5414634146342,0.11231965238542,3.21668504736274,0,0.9162422813441902,0.1769999999999996,-1.820076605610036,0.53449834822737
Montenegro,MNE,2017,16.082,2.3802359905313,3.21668504736274,76.6853658536585,0.100532639617139,4.73292113433965,0,-0.22262057373716004,-1.6499999999999986,2.651621013916476,0.34681085380351506
Montenegro,MNE,2018,15.19,2.611223782638,4.73292113433965,77.8853658536585,0.0728190255904537,4.39391565821528,0,1.5162360869769098,-0.8920000000000012,0.23098779210670006,0.6468077566198749
Montenegro,MNE,2019,15.128,0.361563704540767,4.39391565821528,76.6829268292683,0.0502716675485305,-14.9926187023533,1,-0.3390054761243695,-0.06199999999999939,-2.249660078097233,0.5886153054262702
Montenegro,MNE,2020,17.878,-0.255655699848551,-14.9926187023533,75.9317073170732,-0.0260104378320954,13.0462607426359,0,-19.38653436056858,2.75,-0.617219404389318,-9.862769918346475
Montenegro,MNE,2021,16.543,2.41080198403165,13.0462607426359,73.8243902439024,-0.245597310506825,7.73954689516201,0,28.0388794449892,-1.3350000000000009,2.666457683880201,4.32617254221031
Montenegro,MNE,2022,14.851,13.0403036347004,7.73954689516201,76.1878048780488,-0.234174139002603,6.47836283518564,0,-5.3067138474738895,-1.6919999999999984,10.62950165066875,11.366082798757654
Montenegro,MNE,2023,13.146,8.58476910455403,6.47836283518564,77.5878048780488,-0.00994290846928265,3.16409886329913,0,-1.2611840599763697,-1.705,-4.45553453014637,-3.2839489537251296
Montenegro,MNE,2024,13.206,3.33675009282281,3.16409886329913,77.890243902439,-0.000641511915285095,,,-3.3142639718865103,0.05999999999999872,-5.248019011731221,-2.28772401593144
Mongolia,MNG,2010,6.549,10.0462065881651,6.3651616786311,68.5056097560976,1.74992683110286,17.2907775869555,0,,,,
Mongolia,MNG,2011,4.769,8.41121495327101,17.2907775869555,69.109268292683,1.7265777901103,12.3198198494032,0,10.9256159083244,-1.7800000000000002,-1.6349916348940905,
Mongolia,MNG,2012,3.905,14.3303348325838,12.3198198494032,69.500243902439,1.89795214519602,11.6489161878925,0,-4.9709577375523,-0.8640000000000003,5.91911987931279,2.9773290853860495
Mongolia,MNG,2013,4.231,10.4906567588241,11.6489161878925,70.0980487804878,2.06694708057063,7.88522548204762,0,-0.6709036615106996,0.32600000000000007,-3.8396780737597,-2.8209306995315
Mongolia,MNG,2014,4.798,12.2539808129759,7.88522548204762,70.5831707317073,2.18707605433318,2.37983580731722,0,-3.76369070584488,0.5670000000000002,1.7633240541518003,-2.2172971836777897
Mongolia,MNG,2015,4.861,5.73568281938327,2.37983580731722,70.810243902439,2.12866951701474,1.48978448679577,0,-5.5053896747304,0.06299999999999972,-6.51829799359263,-4.634540190287639
Mongolia,MNG,2016,7.235,0.733272227314397,1.48978448679577,70.2239024390244,2.02736957640078,5.63687638694772,0,-0.8900513205214502,2.3740000000000006,-5.002410592068873,-3.197720497625925
Mongolia,MNG,2017,6.359,4.30143105302342,5.63687638694772,70.5434146341463,1.92577883760149,7.74488062024881,0,4.14709190015195,-0.8760000000000003,3.5681588257090233,1.62852028981525
Mongolia,MNG,2018,5.377,6.82424790145522,7.74488062024881,70.8270731707317,1.86480192831175,5.60224422064255,0,2.1080042333010898,-0.9820000000000002,2.5228168484318,3.12754806672652
Mongolia,MNG,2019,9.024,7.30106953550729,5.60224422064255,71.0531707317073,1.8371507310985,-4.55775197583431,1,-2.1426363996062596,3.6469999999999994,0.4768216340520697,-0.017316083152584927
Mongolia,MNG,2020,6.413,3.7237230614026,-4.55775197583431,71.3490243902439,1.80542008661223,1.63676957736662,0,-10.159996196476861,-2.610999999999999,-3.57734647410469,-6.15131629804156
Mongolia,MNG,2021,7.871,7.35894657888155,1.63676957736662,71.6451219512195,1.684959051396,5.0327096366527,0,6.19452155320093,1.4580000000000002,3.6352235174789502,-1.9827373216379651
Mongolia,MNG,2022,5.954,15.1509728200805,5.0327096366527,71.9007317073171,1.46704738017187,7.4221127615025,0,3.39594005928608,-1.9170000000000007,7.7920262411989505,4.795230806243505
Mongolia,MNG,2023,5.178,10.347583131434,7.4221127615025,72.1224390243902,1.3708886685104,5.12204539122661,0,2.3894031248498004,-0.7759999999999998,-4.803389688646501,2.8926715920679404
Mongolia,MNG,2024,5.158,6.1977990165842,5.12204539122661,72.3980487804878,1.24590299529718,,,-2.3000673702758903,-0.019999999999999574,-4.1497841148498,0.04466787728695509
Mozambique,MOZ,2010,3.259,12.4255421735156,6.67972935662864,55.04,2.67685903538336,7.13405842300445,0,,,,
Mozambique,MOZ,2011,3.295,11.1666056127874,7.13405842300445,55.733,2.78615253564474,7.9945031610722,0,0.4543290663758093,0.03600000000000003,-1.2589365607282001,
Mozambique,MOZ,2012,3.304,2.60245456956618,7.9945031610722,56.46,2.87101074780924,6.57141389665537,0,0.8604447380677502,0.008999999999999897,-8.56415104322122,0.6573869022217798
Mozambique,MOZ,2013,3.345,4.26135250941963,6.57141389665537,57.189,2.89055494992619,7.70256844839309,0,-1.4230892644168298,0.04100000000000037,1.6588979398534498,-0.2813222631745398
Mozambique,MOZ,2014,3.377,2.55974875844295,7.70256844839309,57.965,2.89895498583923,7.3930936986377,0,1.13115455173772,0.031999999999999584,-1.7016037509766795,-0.14596735633955493
Mozambique,MOZ,2015,3.426,3.55075967356746,7.3930936986377,58.711,2.90106067133475,4.69699024225795,0,-0.30947474975539,0.04900000000000038,0.9910109151245097,0.41083990099116496
Mozambique,MOZ,2016,3.65,17.4180418197597,4.69699024225795,59.455,2.93066434696089,2.63820737310658,0,-2.69610345637975,0.22399999999999975,13.867282146192242,-1.50278910306757
Mozambique,MOZ,2017,3.935,15.1132073899384,2.63820737310658,60.148,2.98845927899068,3.48493202422782,0,-2.0587828691513703,0.28500000000000014,-2.3048344298213,-2.37744316276556
Mozambique,MOZ,2018,4.21,3.91133439990729,3.48493202422782,60.79,2.98089902972538,2.31781394821475,0,0.8467246511212401,0.2749999999999999,-11.201872990031111,-0.6060291090150651
Mozambique,MOZ,2019,4.462,2.80270307928111,2.31781394821475,61.306,2.9397415898529,-1.21952250011192,1,-1.16711807601307,0.2519999999999998,-1.1086313206261802,-0.16019671244591493
Mozambique,MOZ,2020,5.019,3.48393567493204,-1.21952250011192,61.39,2.96490034295304,2.37743572761507,0,-3.53733644832667,0.5570000000000004,0.68123259565093,-2.35222726216987
Mozambique,MOZ,2021,5.413,6.40847652975692,2.37743572761507,60.268,2.9577768101764,4.36445074432608,0,3.59695822772699,0.39400000000000013,2.9245408548248806,0.029810889700160104
Mozambique,MOZ,2022,6.789,10.2794018093421,4.36445074432608,63.011,2.9473431712575,5.48149036541776,0,1.9870150167110094,1.3759999999999994,3.8709252795851787,2.791986622219
Mozambique,MOZ,2023,6.661,7.12697482131851,5.48149036541776,63.611,2.95358093047219,2.14854964610538,0,1.1170396210916804,-0.1280000000000001,-3.1524269880235893,1.552027318901345
Mozambique,MOZ,2024,6.668,4.07856834812022,2.14854964610538,63.797,2.91994049442347,,,-3.33294071931238,0.007000000000000561,-3.0484064731982894,-1.1079505491103498
Mauritania,MRT,2010,10.093,6.28354087427704,2.62022948104543,65.661,3.19159403639576,4.17278327815399,0,,,,
Mauritania,MRT,2011,9.976,5.68631959575954,4.17278327815399,65.754,3.24512473547367,4.47001319170479,0,1.5525537971085606,-0.1169999999999991,-0.5972212785175,
Mauritania,MRT,2012,9.864,4.90242727217997,4.47001319170479,65.808,3.26413503920642,4.1508131898954,0,0.2972299135507992,-0.1120000000000001,-0.7838923235795692,0.9248918553296799
Mauritania,MRT,2013,9.926,4.12910173783393,4.1508131898954,65.89,3.135806545909,4.27482328814457,0,-0.31920000180938946,0.06199999999999939,-0.7733255343460401,-0.01098504412929513
Mauritania,MRT,2014,10.026,3.53436856147324,4.27482328814457,66.207,3.01218949095495,5.37633924099251,0,0.12401009824916986,0.09999999999999964,-0.5947331763606902,-0.0975949517801098
Mauritania,MRT,2015,10.104,3.25472688117631,5.37633924099251,66.498,3.00605924056849,1.26090923067225,0,1.1015159528479401,0.0779999999999994,-0.27964168029693015,0.612763025548555
Mauritania,MRT,2016,10.287,1.47171045650004,1.26090923067225,66.823,2.99795842489143,6.27054566937677,0,-4.11543001032026,0.1830000000000016,-1.7830164246762699,-1.50695702873616
Mauritania,MRT,2017,10.336,2.25427651934813,6.27054566937677,67.088,2.98778789331469,4.77217365692621,0,5.00963643870452,0.04899999999999949,0.7825660628480897,0.44710321419213006
Mauritania,MRT,2018,10.411,3.06735996058356,4.77217365692621,67.419,2.97356403059489,3.14100489306969,0,-1.4983720124505604,0.07499999999999929,0.8130834412354302,1.75563221312698
Mauritania,MRT,2019,10.416,2.30009262117937,3.14100489306969,67.64,2.95347297852629,-0.360657384151068,1,-1.63116876385652,0.005000000000000782,-0.76726733940419,-1.5647703881535402
Mauritania,MRT,2020,11.051,2.3856948845632,-0.360657384151068,66.794,2.92092559048913,0.742715486567747,0,-3.501662277220758,0.6349999999999998,0.08560226338383004,-2.566415520538639
Mauritania,MRT,2021,11.131,3.56516484650185,0.742715486567747,66.762,2.88703345850902,6.79600500489967,0,1.103372870718815,0.08000000000000007,1.1794699619386502,-1.1991447032509714
Mauritania,MRT,2022,10.52,9.52526628622843,6.79600500489967,68.281,2.92956466448208,6.80949001978621,0,6.053289518331923,-0.6110000000000007,5.9601014397265795,3.578331194525369
Mauritania,MRT,2023,10.37,4.95305034506872,6.80949001978621,68.484,2.96653079197429,6.30760213290844,0,0.013485014886540192,-0.15000000000000036,-4.572215941159709,3.0333872666092314
Mauritania,MRT,2024,10.257,2.49164347481972,6.30760213290844,68.713,2.88395898961435,,,-0.5018878868777703,-0.11299999999999955,-2.4614068702490006,-0.24420143599561506
Mauritius,MUS,2010,7.654,2.93236301369857,4.37720322344293,72.9673170731707,0.237886692890185,4.07753806610333,0,,,,
Mauritius,MUS,2011,7.447,6.52249254869341,4.07753806610333,73.2668292682927,0.160140420765724,3.49611836470866,0,-0.2996651573396001,-0.20699999999999985,3.5901295349948406,
Mauritius,MUS,2012,7.472,3.85216033315983,3.49611836470866,73.8634146341464,0.277321025514609,3.36040609974133,0,-0.5814197013946694,0.025000000000000355,-2.6703322155335805,-0.4405424293671347
Mauritius,MUS,2013,7.322,3.54329573934839,3.36040609974133,74.0170731707317,0.242165626741126,3.82696982009337,0,-0.13571226496733013,-0.15000000000000036,-0.3088645938114398,-0.35856598318099975
Mauritius,MUS,2014,7.467,3.21769191994684,3.82696982009337,74.1943902439024,0.181022097854624,3.69055690369433,0,0.4665637203520401,0.14499999999999957,-0.32560381940155025,0.16542572769235497
Mauritius,MUS,2015,7.41,1.28654970760232,3.69055690369433,74.3531707317073,0.132404330287967,3.8624682634,0,-0.13641291639904018,-0.056999999999999496,-1.9311422123445199,0.16507540197649995
Mauritius,MUS,2016,6.814,0.977675134718965,3.8624682634,74.3948780487805,0.0687082325715694,3.93798380632353,0,0.17191135970566984,-0.5960000000000001,-0.30887457288335496,0.01774922165331483
Mauritius,MUS,2017,6.752,3.66699702675925,3.93798380632353,74.5146341463415,0.0901672663767558,4.00674057198549,0,0.07551554292353035,-0.06200000000000028,2.6893218920402853,0.1237134513146001
Mauritius,MUS,2018,6.426,3.2160538314457,4.00674057198549,74.4163414634146,0.0545354541381391,2.89128499346516,0,0.06875676566195965,-0.3259999999999996,-0.4509431953135503,0.072136154292745
Mauritius,MUS,2019,6.331,0.405655190309553,2.89128499346516,74.2358536585366,0.0322330642925213,-14.5465381490166,1,-1.1154555785203297,-0.09499999999999975,-2.810398641136147,-0.523349406429185
Mauritius,MUS,2020,8.626,2.5808007718283,-14.5465381490166,74.1770731707317,0.00229068020969373,3.40379866177662,0,-17.43782314248176,2.294999999999999,2.175145581518747,-9.276639360501045
Mauritius,MUS,2021,7.719,4.02852888157376,3.40379866177662,73.680243902439,0.0252729878913446,8.69306675264066,0,17.95033681079322,-0.9069999999999991,1.4477281097454604,0.25625683415572986
Mauritius,MUS,2022,6.322,10.7737512242899,8.69306675264066,73.5146341463415,-0.301401216835277,5.00791900868131,0,5.2892680908640415,-1.3970000000000002,6.745222342716139,11.61980245082863
Mauritius,MUS,2023,5.571,7.05298238454736,5.00791900868131,73.4121951219512,-1.1051534726941,4.92512304864294,0,-3.6851477439593507,-0.7510000000000003,-3.720768839742539,0.8020601734523451
Mauritius,MUS,2024,5.548,3.6045220384796,4.92512304864294,73.7890243902439,-0.2299528038748,,,-0.08279596003837053,-0.022999999999999687,-3.44846034606776,-1.8839718519988606
Malawi,MWI,2010,4.78,7.41159092883827,6.87406585416142,57.787,2.94779608735928,4.93266999813729,0,,,,
Malawi,MWI,2011,4.829,7.6228226284852,4.93266999813729,58.859,2.91504427220952,1.90000000072909,0,-1.9413958560241298,0.04899999999999949,0.21123169964693034,
Malawi,MWI,2012,4.949,21.2712650013779,1.90000000072909,59.87,2.87064589887138,5.41034999817167,0,-3.0326699974082,0.1200000000000001,13.6484423728927,-2.487032926716165
Malawi,MWI,2013,4.978,27.2833333333334,5.41034999817167,60.816,2.83808966369485,5.62527000105139,0,3.51034999744258,0.028999999999999915,6.012068331955501,0.23884000001718997
Malawi,MWI,2014,4.967,23.7920649469687,5.62527000105139,61.651,2.80479012384928,2.80000000003355,0,0.2149200028797198,-0.01100000000000012,-3.4912683863646983,1.8626350001611498
Malawi,MWI,2015,4.953,21.8673475542553,2.80000000003355,62.324,2.75359183453625,2.49999999914311,0,-2.8252700010178398,-0.013999999999999346,-1.9247173927134007,-1.30517499906906
Malawi,MWI,2016,5.011,21.7111132136499,2.49999999914311,63.163,2.72595787740448,4.00000000089172,0,-0.30000000089044,0.05799999999999983,-0.1562343406054012,-1.5626350009541399
Malawi,MWI,2017,5.046,11.5433939188771,4.00000000089172,63.914,2.70808949087835,4.35356471619211,0,1.5000000017486097,0.03500000000000014,-10.167719294772798,0.6000000004290849
Malawi,MWI,2018,5.021,12.420178108921,4.35356471619211,64.464,2.67117568591664,5.71682519194337,0,0.35356471530039,-0.025000000000000355,0.8767841900438995,0.9267823585244999
Malawi,MWI,2019,4.964,9.3708360560567,5.71682519194337,64.995,2.65059567621331,0.793596429787286,0,1.36326047575126,-0.056999999999999496,-3.0493420528643007,0.858412595525825
Malawi,MWI,2020,5.72,8.62551469650552,0.793596429787286,65.216,2.63573735113183,4.55829212016083,0,-4.923228762156084,0.7559999999999993,-0.7453213595511787,-1.7799841432024117
Malawi,MWI,2021,5.652,9.33014410835212,4.55829212016083,64.782,2.59415828794597,0.921115069005936,0,3.7646956903735447,-0.06799999999999962,0.7046294118466001,-0.5792665358912696
Malawi,MWI,2022,5.02,20.953969729969,0.921115069005936,66.037,2.567947782963,1.94575281675984,0,-3.6371770511548944,-0.6320000000000006,11.623825621616879,0.06375931960932502
Malawi,MWI,2023,5.009,28.7897428247298,1.94575281675984,67.353,2.57135708610945,1.6734340852915,0,1.024637747753904,-0.010999999999999233,7.8357730947608,-1.3062696517004952
Malawi,MWI,2024,5.051,32.1796504225025,1.6734340852915,67.561,2.57641467045761,,,-0.27231873146833996,0.041999999999999815,3.389907597772698,0.376159508142782
Malaysia,MYS,2010,3.32,1.62285235577035,7.42484738326097,75.376,1.87040612656176,5.29391283414003,0,,,,
Malaysia,MYS,2011,3.05,3.1744709215131,5.29391283414003,75.488,1.75128008243176,5.47345419253853,0,-2.1309345491209406,-0.27,1.55161856574275,
Malaysia,MYS,2012,3.04,1.66357102479206,5.47345419253853,75.552,1.70269513202166,4.69372252557893,0,0.1795413583985006,-0.009999999999999787,-1.5108998967210399,-0.97569659536122
Malaysia,MYS,2013,3.14,2.10501231233612,4.69372252557893,75.464,1.70946282045073,6.00672194558203,0,-0.7797316669596004,0.10000000000000009,0.44144128754405987,-0.3000951542805499
Malaysia,MYS,2014,2.88,3.14299050879095,6.00672194558203,75.345,1.7147407282165,5.09153242155011,0,1.3129994200031003,-0.26000000000000023,1.03797819645483,0.26663387652174997
Malaysia,MYS,2015,3.1,2.10438980238359,5.09153242155011,75.288,1.73319445645586,4.44978139761541,0,-0.9151895240319199,0.2200000000000002,-1.03860070640736,0.19890494798559022
Malaysia,MYS,2016,3.44,2.09056659525742,4.44978139761541,75.371,1.76731054757933,5.81272240983328,0,-0.6417510239347006,0.33999999999999986,-0.013823207126169912,-0.7784702739833103
Malaysia,MYS,2017,3.41,3.87120115774237,5.81272240983328,75.542,1.76466064017847,4.84308697634881,0,1.3629410122178705,-0.029999999999999805,1.7806345624849498,0.3605949941415849
Malaysia,MYS,2018,3.3,0.884709160571235,4.84308697634881,75.734,1.70174731907235,4.41318742129586,0,-0.9696354334844699,-0.11000000000000032,-2.986491997171135,0.19665278936670028
Malaysia,MYS,2019,3.33,0.662891865764326,4.41318742129586,75.9,1.59646653343981,-5.45684658426701,1,-0.4298995550529501,0.03000000000000025,-0.22181729480690904,-0.69976749426871
Malaysia,MYS,2020,4.54,-1.1387021539305,-5.45684658426701,76.057,1.33363323143911,3.31534954399166,0,-9.870034005562871,1.21,-1.801594019694826,-5.14996678030791
Malaysia,MYS,2021,4.64,2.47710241465447,3.31534954399166,73.917,1.15251304394292,9.03173723044451,0,8.77219612825867,0.09999999999999964,3.61580456858497,-0.5489189386521001
Malaysia,MYS,2022,3.93,3.37869862549928,9.03173723044451,75.444,1.1977720012836,3.5370638041057,0,5.716387686452849,-0.7099999999999995,0.9015962108448101,7.24429190735576
Malaysia,MYS,2023,3.858,2.48886560125754,3.5370638041057,76.657,1.23402869169549,5.10545921024041,0,-5.494673426338809,-0.07200000000000006,-0.88983302424174,0.11085713005702003
Malaysia,MYS,2024,3.846,1.834100204499,5.10545921024041,76.821,1.22058891015438,,,1.5683954061347096,-0.01200000000000001,-0.6547653967585398,-1.9631390101020498
Namibia,NAM,2010,22.12,4.8749198764395,6.03924947955858,56.093,1.54841464345813,5.09133813864338,0,,,,
Namibia,NAM,2011,19.481,5.005595180812,5.09133813864338,56.647,1.71587072736176,5.0616820696264,0,-0.9479113409152005,-2.6389999999999993,0.13067530437249975,
Namibia,NAM,2012,16.771,6.72199777334886,5.0616820696264,57.733,2.22673258326321,5.61471962254485,0,-0.029656069016979814,-2.710000000000001,1.71640259253686,-0.48878370496609014
Namibia,NAM,2013,19.028,5.60092502290401,5.61471962254485,58.468,2.60198589808047,6.09251915977956,0,0.5530375529184504,2.256999999999998,-1.1210727504448492,0.2616907419507353
Namibia,NAM,2014,18.521,5.35016966859602,6.09251915977956,59.311,2.61288080068243,4.26417453763675,0,0.47779953723470925,-0.5069999999999979,-0.2507553543079908,0.5154185450765798
Namibia,NAM,2015,20.791,3.39401538410559,4.26417453763675,60.008,2.65295870908636,0.0337944502063294,0,-1.8283446221428097,2.2699999999999996,-1.9561542844904296,-0.6752725424540502
Namibia,NAM,2016,23.352,6.72858234593338,0.0337944502063294,60.81,2.69727890929136,-1.02724808856709,1,-4.2303800874304205,2.561,3.33456696182779,-3.029362354786615
Namibia,NAM,2017,21.748,6.14579981111164,-1.02724808856709,61.661,2.73527353433315,1.05993949860752,0,-1.0610425387734195,-1.6039999999999992,-0.5827825348217397,-2.64571131310192
Namibia,NAM,2018,19.877,4.29159105337875,1.05993949860752,62.579,2.77246337174234,-0.839152163419357,1,2.08718758717461,-1.8710000000000022,-1.8542087577328905,0.5130725242005952
Namibia,NAM,2019,19.929,3.72239414422695,-0.839152163419357,63.546,2.79932223646079,-8.10140201443319,1,-1.8990916620268767,0.0519999999999996,-0.5691969091517999,0.09404796257386655
Namibia,NAM,2020,21.003,2.20938236933469,-8.10140201443319,64.071,2.91019887709682,3.60382919248703,0,-7.262249851013834,1.0740000000000016,-1.5130117748922598,-4.580670756520355
Namibia,NAM,2021,20.931,3.61690530108814,3.60382919248703,60.85,2.95314556354467,5.3987247803654,0,11.705231206920221,-0.07199999999999918,1.4075229317534497,2.2214906779531938
Namibia,NAM,2022,19.615,6.08128114112413,5.3987247803654,64.19,2.77600581415178,4.44280600303956,0,1.7948955878783703,-1.3160000000000025,2.46437584003599,6.750063397399295
Namibia,NAM,2023,19.154,5.87993463284275,4.44280600303956,67.385,2.50947899094054,3.71154502416731,0,-0.9559187773258406,-0.4609999999999985,-0.20134650828137968,0.41948840527626485
Namibia,NAM,2024,19.157,4.23903922877036,3.71154502416731,67.516,2.23715227334598,,,-0.7312609788722497,0.0030000000000001137,-1.6408954040723902,-0.8435898780990452
Niger,NER,2010,0.718,0.804073080882659,8.57816674262253,57.08,3.72535077368531,2.35775693603874,0,,,,
Niger,NER,2011,0.316,2.9423851401332,2.35775693603874,57.6,3.72138303234104,10.5489445763446,0,-6.22040980658379,-0.40199999999999997,2.138312059250541,
Niger,NER,2012,2.177,0.455089820359289,10.5489445763446,57.987,3.77324639644684,5.31513063394726,0,8.19118764030586,1.861,-2.487295319773911,0.9853889168610346
Niger,NER,2013,1.401,2.29723114955317,5.31513063394726,58.364,3.75837207594511,6.64213665495603,0,-5.233813942397339,-0.776,1.8421413291938808,1.47868684895426
Niger,NER,2014,0.524,-0.930287259984466,6.64213665495603,58.693,3.6892808045974,4.39264883207291,0,1.3270060210087697,-0.877,-3.2275184095376357,-1.9534039606942848
Niger,NER,2015,0.556,-0.576090369833189,4.39264883207291,58.85,3.69640590007582,5.74089315058157,0,-2.24948782288312,0.03200000000000003,0.3541968901512771,-0.4612409009371752
Niger,NER,2016,0.55,1.65388922387806,5.74089315058157,59.228,3.67426137513091,5.00536078615544,0,1.3482443185086606,-0.006000000000000005,2.229979593711249,-0.4506217521872298
Niger,NER,2017,0.556,2.79637318871284,5.00536078615544,59.524,3.56007044831691,7.21141802762897,0,-0.7355323644261302,0.006000000000000005,1.14248396483478,0.30635597704126516
Niger,NER,2018,0.536,2.96760366004456,7.21141802762897,59.765,3.45088050525461,5.93985257123522,0,2.2060572414735304,-0.020000000000000018,0.17123047133171987,0.7352624385237001
Niger,NER,2019,0.531,-2.48979265070855,5.93985257123522,60.031,3.36654855482346,3.55064109436891,0,-1.2715654563937502,-0.0050000000000000044,-5.45739631075311,0.46724589253989013
Niger,NER,2020,0.591,2.8981937602627,3.55064109436891,59.89,3.29977391625444,1.38359636198477,0,-2.38921147686631,0.05999999999999994,5.38798641097125,-1.83038846663003
Niger,NER,2021,0.806,3.8378680284051,1.38359636198477,59.542,3.25425239869281,11.9000000000277,0,-2.16704473238414,0.21500000000000008,0.9396742681424,-2.278128104625225
Niger,NER,2022,0.403,4.22621791916392,11.9000000000277,60.398,3.25170642220024,1.66763406484279,0,10.51640363804293,-0.403,0.3883498907588203,4.174679452829396
Niger,NER,2023,0.407,3.70097316425834,1.66763406484279,61.183,3.29489175812772,10.3000000007793,0,-10.23236593518491,0.003999999999999948,-0.5252447549055801,0.14201885142901016
Niger,NER,2024,0.376,9.07151997725013,10.3000000007793,61.433,3.28101480132484,,,8.632365935936509,-0.030999999999999972,5.37054681299179,-0.7999999996242009
Nigeria,NGA,2010,3.744,13.7400521363694,8.00565591628701,51.315,2.795149361277,5.30792420289453,0,,,,
Nigeria,NGA,2011,3.77,10.8261371880017,5.30792420289453,51.49,2.80278519998649,4.23006117493223,0,-2.6977317133924794,0.0259999999999998,-2.913914948367699,
Nigeria,NGA,2012,3.761,12.2242413020584,4.23006117493223,51.688,2.77422930277333,6.67133539306167,0,-1.0778630279623007,-0.008999999999999897,1.3981041140567,-1.88779737067739
Nigeria,NGA,2013,3.711,8.49551838265669,6.67133539306167,51.827,2.71468991073627,6.30971865525431,0,2.4412742181294407,-0.050000000000000266,-3.7287229194017115,0.68170559508357
Nigeria,NGA,2014,3.9,8.04741087967907,6.30971865525431,51.94,2.64221399374699,2.65269329543001,0,-0.3616167378073607,0.18900000000000006,-0.4481075029776189,1.03982874016104
Nigeria,NGA,2015,4.134,9.00943498007706,2.65269329543001,51.939,2.53617348598208,-1.61686894906509,1,-3.6570253598242997,0.23400000000000043,0.9620241003979899,-2.0093210488158304
Nigeria,NGA,2016,4.499,15.6968126387972,-1.61686894906509,52.189,2.47183239057048,0.805886619102438,0,-4.2695622444951,0.3649999999999993,6.6873776587201395,-3.9632938021596997
Nigeria,NGA,2017,4.83,16.5022662139641,0.805886619102438,52.397,2.43170936923065,1.92275734200614,0,2.422755568167528,0.3310000000000004,0.805453575166899,-0.923403338163786
Nigeria,NGA,2018,5.069,12.0951065173432,1.92275734200614,52.669,2.31217263003389,2.20842927714892,0,1.1168707229037018,0.23899999999999988,-4.407159696620898,1.769813145535615
Nigeria,NGA,2019,5.206,11.3964223378116,2.20842927714892,53.009,2.1944019229433,-6.36889840510109,1,0.2856719351427801,0.13700000000000045,-0.6986841795316003,0.7012713290232411
Nigeria,NGA,2020,5.714,13.2460234276597,-6.36889840510109,53.072,2.13029714344341,1.10925253938163,0,-8.57732768225001,0.508,1.8496010898481003,-4.145827873553615
Nigeria,NGA,2021,5.404,16.9528457221608,1.10925253938163,53.455,2.09618685225463,4.31882949523192,0,7.47815094448272,-0.3100000000000005,3.706822294501098,-0.5495883688836452
Nigeria,NGA,2022,3.827,18.8471877843274,4.31882949523192,54.079,2.09281687128387,3.32684556421316,0,3.2095769558502907,-1.577,1.8943420621666007,5.343863950166505
Nigeria,NGA,2023,3.074,24.659550203114,3.32684556421316,54.462,2.09838916935738,4.06236408888319,0,-0.9919839310187606,-0.7530000000000001,5.812362418786602,1.1087965124157648
Nigeria,NGA,2024,3.045,33.2420966545406,4.06236408888319,54.635,2.08297776184189,,,0.7355185246700304,-0.028999999999999915,8.582546451426602,-0.12823270317436508
Nicaragua,NIC,2010,7.83,5.45513425887423,4.41009911716546,71.761,1.41916789623706,6.31668553491842,0,,,,
Nicaragua,NIC,2011,6.613,8.082387980991,6.31668553491842,72.033,1.41223292768918,6.4961364710876,0,1.9065864177529601,-1.2169999999999996,2.6272537221167696,
Nicaragua,NIC,2012,5.208,7.1935505333896,6.4961364710876,72.435,1.40332726881517,4.92709413447304,0,0.17945093616917962,-1.4050000000000002,-0.8888374476013992,1.0430186769610699
Nicaragua,NIC,2013,5.28,7.13546785289407,4.92709413447304,72.551,1.3892875213501,4.78546013589983,0,-1.5690423366145598,0.07200000000000006,-0.05808268049552989,-0.6947957002226901
Nicaragua,NIC,2014,4.52,6.03596861798425,4.78546013589983,72.792,1.37171758610881,4.79226768332697,0,-0.14163399857321046,-0.7600000000000007,-1.0994992349098203,-0.8553381675938851
Nicaragua,NIC,2015,4.7,3.99737996694396,4.79226768332697,72.899,1.35767667855894,4.56314739524967,0,0.0068075474271402925,0.1800000000000006,-2.03858865104029,-0.06741322557303508
Nicaragua,NIC,2016,3.9,3.52317317628473,4.56314739524967,73.18,1.34468900607336,4.63120757580209,0,-0.22912028807729978,-0.8000000000000003,-0.4742067906592302,-0.11115637032507975
Nicaragua,NIC,2017,3.3,3.85067166284727,4.63120757580209,73.389,1.33184988677682,-3.3633566598573,1,0.06806018055242014,-0.6000000000000001,0.3274984865625403,-0.08053005376243982
Nicaragua,NIC,2018,5.2,4.94723728039886,-3.3633566598573,73.879,1.31878207820366,-2.89686986728901,1,-7.99456423565939,1.9000000000000004,1.0965656175515899,-3.963252027553485
Nicaragua,NIC,2019,5.457,5.37628990844126,-2.89686986728901,73.764,1.29742127419157,-2.23654176262323,1,0.46648679256828984,0.2569999999999997,0.42905262804239985,-3.76403872154555
Nicaragua,NIC,2020,6.18,3.68181341625572,-2.23654176262323,70.766,1.25084741191992,10.454389484408,0,0.6603281046657803,0.7229999999999999,-1.6944764921855398,0.5634074486170351
Nicaragua,NIC,2021,6.076,4.92841396948968,10.454389484408,70.478,1.20325375827905,3.55029945613975,0,12.69093124703123,-0.10400000000000009,1.2466005532339595,6.675629675848505
Nicaragua,NIC,2022,4.969,10.4674244465991,3.55029945613975,74.463,1.28466010240759,4.42774384760374,0,-6.904090028268251,-1.1069999999999993,5.539010477109421,2.89342060938149
Nicaragua,NIC,2023,4.698,8.38765854872536,4.42774384760374,74.947,1.37167812196347,3.5878302292345,0,0.8774443914639898,-0.2709999999999999,-2.07976589787374,-3.0133228184021306
Nicaragua,NIC,2024,4.98,4.62473841057141,3.5878302292345,75.1,1.34687135560209,,,-0.8399136183692395,0.28200000000000003,-3.76292013815395,0.01876538654737514
Netherlands,NLD,2010,4.991,1.27530569556679,1.31932032302214,80.7024390243902,0.512923100553586,1.77334516269423,0,,,,
Netherlands,NLD,2011,4.977,2.34107017751373,1.77334516269423,81.2048780487805,0.466428782200821,-0.977876877747732,1,0.45402483967209006,-0.013999999999999346,1.06576448194694,
Netherlands,NLD,2012,5.821,2.45554765291614,-0.977876877747732,81.1048780487805,0.370055034770235,-0.0302325600539604,1,-2.751222040441962,0.8439999999999994,0.11447747540240982,-1.148598600384936
Netherlands,NLD,2013,7.241,2.50689852657875,-0.0302325600539604,81.3048780487805,0.294820793441482,1.61261001294011,0,0.9476443176937717,1.42,0.05135087366261004,-0.9017888613740952
Netherlands,NLD,2014,7.419,0.976035079699679,1.61261001294011,81.7073170731707,0.359828172726548,2.12060523860846,0,1.6428425729940703,0.17799999999999994,-1.5308634468790712,1.295243445343921
Netherlands,NLD,2015,6.872,0.600248147278776,2.12060523860846,81.509756097561,0.443220089035769,2.42428572955482,0,0.50799522566835,-0.5469999999999997,-0.375786932420903,1.0754188993312102
Netherlands,NLD,2016,6.007,0.316666666666652,2.42428572955482,81.5609756097561,0.532178879608489,2.78154619309936,0,0.30368049094635996,-0.8650000000000002,-0.28358148061212396,0.40583785830735497
Netherlands,NLD,2017,4.837,1.38145871407216,2.78154619309936,81.7609756097561,0.591203366164118,2.2587403735731,0,0.3572604635445402,-1.17,1.064792047405508,0.3304704772454501
Netherlands,NLD,2018,3.832,1.70349794744479,2.2587403735731,81.8121951219512,0.583933408920832,2.30009157916757,0,-0.5228058195262602,-1.005,0.3220392333726301,-0.08277267799085997
Netherlands,NLD,2019,3.379,2.63369910249591,2.30009157916757,82.1121951219512,0.65507157480522,-3.86795333823223,1,0.04135120559447003,-0.45299999999999985,0.93020115505112,-0.24072730696589506
Netherlands,NLD,2020,3.82,1.27246037789161,-3.86795333823223,81.3585365853659,0.55554079025497,6.2768306708326,0,-6.168044917399801,0.44099999999999984,-1.3612387246043,-3.063346855902665
Netherlands,NLD,2021,4.209,2.67572008805385,6.2768306708326,81.309756097561,0.523490508168757,5.00723455159611,0,10.14478400906483,0.3889999999999998,1.4032597101622402,1.9883695458325148
Netherlands,NLD,2022,3.526,10.0012078753473,5.00723455159611,81.6146341463415,0.953278922854537,-0.598096167209832,1,-1.26959611923649,-0.6829999999999998,7.325487787293449,4.43759394491417
Netherlands,NLD,2023,3.535,3.83839354342808,-0.598096167209832,81.8634146341464,0.990139686700227,1.08100584845663,0,-5.605330718805941,0.009000000000000341,-6.16281433191922,-3.4374634190212157
Netherlands,NLD,2024,3.7,3.34754304219953,1.08100584845663,81.9658536585366,0.648823280021657,,,1.6791020156664622,0.16500000000000004,-0.4908505012285498,-1.9631143515697396
Norway,NOR,2010,3.527,2.41890639481003,0.787051861494078,80.9975609756098,1.24566617956207,1.10565603382983,0,,,,
Norway,NOR,2011,3.196,1.2849515880916,1.10565603382983,81.2951219512195,1.297189390693,2.71795924894734,0,0.318604172335752,-0.33099999999999996,-1.1339548067184297,
Norway,NOR,2012,3.129,0.696864111498263,2.71795924894734,81.4512195121951,1.31344098868985,1.01619084044641,0,1.61230321511751,-0.06700000000000017,-0.588087476593337,0.965453693726631
Norway,NOR,2013,3.425,2.12048620353112,1.01619084044641,81.7512195121951,1.20914158930136,2.04813200438943,0,-1.7017684085009301,0.2959999999999998,1.423622092032857,-0.044732596691710036
Norway,NOR,2014,3.486,2.04170286707211,2.04813200438943,82.1,1.12773667734928,1.85733971623901,0,1.03194116394302,0.06100000000000039,-0.07878333645901003,-0.33491362227895505
Norway,NOR,2015,4.296,2.17113665389527,1.85733971623901,82.3048780487805,0.995084736958414,1.16472423928819,0,-0.19079228815042004,0.81,0.1294337868231601,0.4205744378963
Norway,NOR,2016,4.68,3.55000000000007,1.16472423928819,82.4073170731707,0.880969815359919,2.46374626574153,0,-0.6926154769508199,0.38399999999999945,1.3788633461047999,-0.44170388255062
Norway,NOR,2017,4.164,1.87510059552545,2.46374626574153,82.609756097561,0.807673181884948,0.828931500516902,0,1.29902202645334,-0.516,-1.67489940447462,0.3032032747512601
Norway,NOR,2018,3.801,2.76483134528797,0.828931500516902,82.7585365853659,0.660090844249,1.12374694968757,0,-1.634814765224628,-0.36299999999999955,0.8897307497625198,-0.167896369385644
Norway,NOR,2019,3.684,2.16773003305411,1.12374694968757,82.9585365853659,0.675061373245644,-1.27817177234034,1,0.29481544917066804,-0.11699999999999999,-0.59710131223386,-0.66999965802698
Norway,NOR,2020,4.424,1.28658490707996,-1.27817177234034,83.209756097561,0.588757324043059,3.90868676830634,0,-2.40191872202791,0.7400000000000002,-0.8811451259741498,-1.053551636428621
Norway,NOR,2021,4.359,3.48388055266669,3.90868676830634,83.1634146341463,0.534772281874925,3.24622860260932,0,5.18685854064668,-0.06500000000000039,2.19729564558673,1.392469909309385
Norway,NOR,2022,3.231,5.76412317852272,3.24622860260932,82.509756097561,0.898395220610608,0.0721204806030329,0,-0.6624581656970201,-1.1280000000000001,2.28024262585603,2.2622001874748303
Norway,NOR,2023,3.574,5.51784987104659,0.0721204806030329,83.0121951219512,1.13831142739624,2.09723059960317,0,-3.1741081220062872,0.34299999999999997,-0.2462733074761294,-1.9182831438516537
Norway,NOR,2024,4.0,3.14530134431081,2.09723059960317,83.1609756097561,0.949855138372357,,,2.025110119000137,0.42600000000000016,-2.3725485267357804,-0.5744990015030751
Nepal,NPL,2010,10.563,9.32650410745395,4.81641464694573,66.772,0.619710468212554,3.42180870116162,0,,,,
Nepal,NPL,2011,10.627,9.2270754612596,3.42180870116162,67.123,0.447181720951167,4.67014192446953,0,-1.39460594578411,0.06400000000000006,-0.09942864619434921,
Nepal,NPL,2012,10.632,9.45980980357125,4.67014192446953,67.364,0.256079255262795,3.52515317129149,0,1.2483332233079105,0.004999999999999005,0.2327343423116499,-0.07313636123809975
Nepal,NPL,2013,10.666,9.04016311917645,3.52515317129149,67.598,0.199840751964584,6.01148284250441,0,-1.1449887531780405,0.034000000000000696,-0.4196466843948006,0.05167223506493501
Nepal,NPL,2014,10.62,8.36415469659563,6.01148284250441,67.812,0.298119921280857,3.97605327162971,0,2.4863296712129204,-0.04600000000000115,-0.6760084225808196,0.6706704590174399
Nepal,NPL,2015,10.643,7.86890895590891,3.97605327162971,67.374,0.545118124856758,0.433113719381524,0,-2.0354295708747,0.023000000000001464,-0.49524574068672056,0.22545005016911013
Nepal,NPL,2016,10.714,8.7903433200464,0.433113719381524,68.444,0.472697719209503,8.97727935643466,0,-3.5429395522481864,0.07099999999999973,0.9214343641374905,-2.7891845615614432
Nepal,NPL,2017,10.66,2.77703998300211,8.97727935643466,68.74,0.199389989212823,7.62237610397935,0,8.544165637053137,-0.05400000000000027,-6.01330333704429,2.5006130424024753
Nepal,NPL,2018,10.593,4.40659410175714,7.62237610397935,69.036,0.244000280298262,6.65705543110467,0,-1.354903252455311,-0.06700000000000017,1.6295541187550295,3.594631192298913
Nepal,NPL,2019,10.477,5.56616035243723,6.65705543110467,69.299,1.18377302604311,-2.3696206292072,1,-0.9653206728746797,-0.11599999999999966,1.15956625068009,-1.1601119626649954
Nepal,NPL,2020,13.037,5.05635826238499,-2.3696206292072,69.106,1.92583106605859,4.838149614115,0,-9.02667606031187,2.5600000000000005,-0.50980209005224,-4.995998366593275
Nepal,NPL,2021,12.241,4.12676744440695,4.838149614115,68.385,1.74002411752275,5.6313145568451,0,7.2077702433222,-0.7960000000000012,-0.9295908179780392,-0.9094529084948348
Nepal,NPL,2022,10.661,7.6702057938028,5.6313145568451,70.087,0.81238557412485,1.98254843628392,0,0.7931649427301002,-1.58,3.5434383493958492,4.00046759302615
Nepal,NPL,2023,10.437,7.11587261530826,1.98254843628392,70.354,-0.0700958873206174,3.66537430744967,0,-3.6487661205611803,-0.2240000000000002,-0.5543331784945398,-1.42780058891554
Nepal,NPL,2024,10.5,4.6850965426577,3.66537430744967,70.636,-0.146800968936231,,,1.68282587116575,0.06300000000000061,-2.43077607265056,-0.9829701246977152
New Zealand,NZL,2010,6.557,2.30202385958572,1.45863634911349,80.9048780487805,1.1117260560215,2.09349621669912,0,,,,
New Zealand,NZL,2011,6.491,4.0279066739204,2.09349621669912,81.1560975609756,0.762479795105218,2.36630664656174,0,0.6348598675856301,-0.06600000000000072,1.72588281433468,
New Zealand,NZL,2012,6.931,1.05991318445632,2.36630664656174,81.4073170731707,0.548220797298334,2.58954199031598,0,0.27281042986261994,0.4400000000000004,-2.96799348946408,0.453835148724125
New Zealand,NZL,2013,5.839,1.13442266445817,2.58954199031598,81.4048780487805,0.768347998194806,3.82638491760299,0,0.22323534375424003,-1.0919999999999996,0.07450948000184998,0.24802288680843
New Zealand,NZL,2014,5.428,1.227507505974,3.82638491760299,81.4568292682927,1.66101200071152,3.69036908387233,0,1.23684292728701,-0.4110000000000005,0.09308484151582985,0.730039135520625
New Zealand,NZL,2015,5.415,0.292704628136101,3.69036908387233,81.6124390243903,2.0360339086492,3.77911068354334,0,-0.13601583373066006,-0.0129999999999999,-0.934802877837899,0.550413546778175
New Zealand,NZL,2016,5.147,0.646240284454524,3.77911068354334,81.6585365853659,2.24603210015584,3.37873219470765,0,0.08874159967100992,-0.2679999999999998,0.353535656318423,-0.023637117029825072
New Zealand,NZL,2017,4.736,1.85078767452536,3.37873219470765,81.8585365853659,2.08872272281936,3.47058203866328,0,-0.40037848883569005,-0.4110000000000005,1.2045473900708359,-0.15581844458234007
New Zealand,NZL,2018,4.335,1.59829703801696,3.47058203866328,81.7073170731707,1.79124016759035,2.31747144034802,0,0.09184984395563012,-0.4009999999999998,-0.25249063650839987,-0.15426432244002997
New Zealand,NZL,2019,4.109,1.61963190184048,2.31747144034802,82.0560975609756,1.41225538599445,-0.307246896026541,1,-1.1531105983152599,-0.22599999999999998,0.02133486382351979,-0.5306303771798149
New Zealand,NZL,2020,4.595,1.71456170007245,-0.307246896026541,82.2560975609756,2.03338779187545,4.53540565716095,0,-2.624718336374561,0.48599999999999977,0.09492979823197012,-1.8889144673449105
New Zealand,NZL,2021,3.776,3.94112060778728,4.53540565716095,82.2073170731707,0.240228529431089,3.49638686458842,0,4.842652553187491,-0.819,2.22655890771483,1.1089671084064647
New Zealand,NZL,2022,3.299,7.17222476016441,3.49638686458842,81.9585365853658,-0.0570512394609476,1.39425181563566,0,-1.0390187925725294,-0.47699999999999987,3.23110415237713,1.9018168803074806
New Zealand,NZL,2023,3.734,5.73316283034957,1.39425181563566,81.7585365853659,2.3012774309073,1.28862004711685,0,-2.10213504895276,0.43500000000000005,-1.43906192981484,-1.5705769207626448
New Zealand,NZL,2024,4.724,2.92279782301957,1.28862004711685,82.009756097561,1.66869187850147,,,-0.10563176851880995,0.9900000000000002,-2.8103650073299997,-1.103883408735785
Oman,OMN,2010,3.911,3.25657959078624,2.47199856582773,77.184,2.6751170964985,2.89460973541192,0,,,,
Oman,OMN,2011,3.95,4.0421886711639,2.89460973541192,77.74,10.9573181300856,8.86312225557018,0,0.42261116958418965,0.039000000000000146,0.7856090803776601,
Oman,OMN,2012,3.753,2.94773495257209,8.86312225557018,78.187,14.2253989455262,5.22770408145942,0,5.968512520158261,-0.19700000000000006,-1.0944537185918097,3.195561844871225
Oman,OMN,2013,3.553,1.05354820265932,5.22770408145942,78.633,7.77538929058871,1.29225229411081,0,-3.635418174110761,-0.20000000000000018,-1.8941867499127703,1.16654717302375
Oman,OMN,2014,3.453,1.01401483924156,1.29225229411081,79.03,4.30179726376903,5.01705799719045,0,-3.93545178734861,-0.10000000000000009,-0.039533363417759926,-3.7854349807296854
Oman,OMN,2015,3.403,0.0652901330286599,5.01705799719045,79.346,4.45776887230624,5.04642394571691,0,3.7248057030796398,-0.04999999999999982,-0.9487247062129001,-0.10532304213448507
Oman,OMN,2016,3.266,1.10920805807027,5.04642394571691,79.581,4.80473653238819,0.304057565922449,0,0.02936594852646035,-0.137,1.04391792504161,1.8770858258030498
Oman,OMN,2017,2.523,1.58909413567799,0.304057565922449,79.748,3.28242998732701,1.28710391543288,0,-4.742366379794461,-0.7429999999999999,0.47988607760772006,-2.356500215634
Oman,OMN,2018,1.8,0.889312370970404,1.28710391543288,79.864,1.32413960038748,-1.12863801728058,1,0.9830463495104311,-0.7230000000000001,-0.6997817647075859,-1.879660015142015
Oman,OMN,2019,2.045,0.490815362820671,-1.12863801728058,79.946,-0.144431732263903,-3.37972052697999,1,-2.41574193271346,0.24499999999999988,-0.39849700814973305,-0.7163477916015145
Oman,OMN,2020,2.94,-0.40640291946585,-3.37972052697999,77.763,-1.50860829621662,2.5821749892893,0,-2.25108250969941,0.895,-0.897218282286521,-2.333412221206435
Oman,OMN,2021,1.9,1.68221185876085,2.5821749892893,75.969,-0.489266037731458,7.98570728354278,0,5.961895516269291,-1.04,2.0886147782267,1.85540650328494
Oman,OMN,2022,3.3,2.5061425061425,7.98570728354278,77.911,4.98013669293962,1.41401395818599,0,5.4035322942534805,1.4,0.8239306473816499,5.6827139052613855
Oman,OMN,2023,3.176,0.950782997762827,1.41401395818599,80.031,6.52704988451128,1.63163221127449,0,-6.57169332535679,-0.12399999999999967,-1.555359508379673,-0.5840805155516551
Oman,OMN,2024,3.203,0.593589236248469,1.63163221127449,80.246,4.49738628465102,,,0.21761825308850002,0.02699999999999969,-0.357193761514358,-3.177037536134145
Pakistan,PAK,2010,0.653,12.9388705634889,1.50171752152883,64.378,2.47081701538021,2.68011685421705,0,,,,
Pakistan,PAK,2011,0.796,11.9160927116277,2.68011685421705,64.659,2.23690940334662,3.02758391088629,0,1.1783993326882198,0.14300000000000002,-1.0227778518611998,
Pakistan,PAK,2012,3.667,9.68235186055684,3.02758391088629,64.883,1.90619981284679,4.36686504978387,0,0.34746705666923994,2.8709999999999996,-2.233740851070859,0.7629331946787299
Pakistan,PAK,2013,2.954,7.69215611899565,4.36686504978387,65.129,1.62722414834854,4.11642817161422,0,1.3392811388975803,-0.7129999999999996,-1.9901957415611902,0.8433740977834101
Pakistan,PAK,2014,1.827,7.18938402847028,4.11642817161422,65.374,1.50032405388564,4.21794209572506,0,-0.25043687816965043,-1.1270000000000002,-0.5027720905253705,0.5444221303639649
Pakistan,PAK,2015,3.566,2.52932817254229,4.21794209572506,65.641,1.40250113589189,6.57383828511043,0,0.10151392411084004,1.7389999999999999,-4.66005585592799,-0.0744614770294052
Pakistan,PAK,2016,2.285,3.7651191635658,6.57383828511043,65.943,1.30216393815952,4.43262590683975,0,2.35589618938537,-1.2809999999999997,1.23579099102351,1.228705056748105
Pakistan,PAK,2017,3.204,4.08537368032608,4.43262590683975,66.223,1.41409990353131,6.15170261099519,0,-2.14121237827068,0.919,0.3202545167602797,0.10734190555734502
Pakistan,PAK,2018,4.083,5.07805725868917,6.15170261099519,66.481,1.62371483290292,2.49763692943365,0,1.71907670415544,0.879,0.9926835783630903,-0.21106783705762
Pakistan,PAK,2019,4.83,10.5780305672025,2.49763692943365,66.729,1.69187124669657,-1.27408744338709,1,-3.6540656815615398,0.7469999999999999,5.49997330851333,-0.9674944887030499
Pakistan,PAK,2020,5.994,9.74011619320125,-1.27408744338709,65.701,1.80375141301202,6.51388575852702,0,-3.77172437282074,1.1639999999999997,-0.8379143740012509,-3.7128950271911396
Pakistan,PAK,2021,6.338,9.49641577285205,6.51388575852702,65.773,1.8867779716011,4.7781068690358,0,7.7879732019141095,0.3440000000000003,-0.24370042034919948,2.008124414546685
Pakistan,PAK,2022,5.291,19.8738599646655,4.7781068690358,67.417,1.74799739792983,-0.414935997088406,1,-1.73577888949122,-1.0469999999999997,10.37744419181345,3.0260971562114447
Pakistan,PAK,2023,5.237,30.7681280657005,-0.414935997088406,67.649,1.54880458608849,3.04898287335465,0,-5.193042866124206,-0.05400000000000027,10.894268101035,-3.464410877807713
Pakistan,PAK,2024,5.492,12.6325318530452,3.04898287335465,67.799,1.50959876314033,,,3.463918870443056,0.2549999999999999,-18.135596212655297,-0.864561997840575
Panama,PAN,2010,5.845,3.491288726188,6.07339340909564,76.417,1.78385792968885,11.9088772241134,0,,,,
Panama,PAN,2011,4.03,5.8758024367877,11.9088772241134,76.659,1.774688616656,9.62729355007232,0,5.83548381501776,-1.8149999999999995,2.3845137105997005,
Panama,PAN,2012,3.691,5.69819959165992,9.62729355007232,76.877,1.76451937667994,6.32435373509259,0,-2.28158367404108,-0.3390000000000004,-0.17760284512778046,1.7769500704883399
Panama,PAN,2013,3.674,4.0271599157106,6.32435373509259,77.129,1.74234111694192,4.62581384604574,0,-3.30293981497973,-0.016999999999999904,-1.67103967594932,-2.792261744510405
Panama,PAN,2014,4.391,2.62652699929151,4.62581384604574,77.365,1.73046380036004,5.26691726402875,0,-1.6985398890468497,0.7170000000000001,-1.4006329164190898,-2.50073985201329
Panama,PAN,2015,4.335,0.137492058461504,5.26691726402875,77.583,1.73037489560864,4.57196696307969,0,0.6411034179830102,-0.05600000000000005,-2.489034940830006,-0.5287182355319198
Panama,PAN,2016,4.717,0.739734025300033,4.57196696307969,77.772,1.72866876171939,5.74405946988693,0,-0.6949503009490599,0.3819999999999997,0.6022419668385289,-0.026923441483024835
Panama,PAN,2017,5.338,0.875585918759878,5.74405946988693,77.901,1.71320068899723,3.9181980847881,0,1.1720925068072399,0.6210000000000004,0.13585189345984505,0.23857110292909
Panama,PAN,2018,5.161,0.761578359399944,3.9181980847881,78.266,1.67311565171591,3.10306793272473,0,-1.8258613850988303,-0.1770000000000005,-0.11400755935993401,-0.32688443914579524
Panama,PAN,2019,6.256,-0.355083821021245,3.10306793272473,78.514,1.59097727067192,-17.8212299459324,1,-0.8151301520633698,1.0950000000000006,-1.116662180421189,-1.3204957685811
Panama,PAN,2020,14.663,-1.5502754080376,-17.8212299459324,76.33,1.37340966978709,16.4671248604202,0,-20.924297878657132,8.407,-1.195191587016355,-10.869714015360252
Panama,PAN,2021,10.177,1.63070337301898,16.4671248604202,77.004,1.20723809203153,11.0385475261766,0,34.2883548063526,-4.486000000000001,3.18097878105658,6.682028463847734
Panama,PAN,2022,8.086,2.85965128834711,11.0385475261766,79.324,1.26612423517538,7.16632946099945,0,-5.428577334243599,-2.0909999999999993,1.2289479153281302,14.429888736054501
Panama,PAN,2023,6.544,1.48641355277038,7.16632946099945,79.594,1.30902688797168,2.74788545546916,0,-3.87221806517715,-1.5420000000000007,-1.3732377355767302,-4.650397699710375
Panama,PAN,2024,8.451,0.693225551004538,2.74788545546916,79.775,1.26624987466078,,,-4.41844400553029,1.907000000000001,-0.7931880017658419,-4.1453310353537205
Peru,PER,2010,3.6,1.52832059732901,8.33245910749577,72.886,0.652636898148331,6.32719240161117,0,,,,
Peru,PER,2011,3.477,3.36931095333853,6.32719240161117,73.327,0.746934823460309,6.13972470560435,0,-2.0052667058846003,-0.12300000000000022,1.84099035600952,
Peru,PER,2012,3.238,3.61121294940163,6.13972470560435,73.979,0.83691693370644,5.85251821084928,0,-0.18746769600682,-0.23899999999999988,0.24190199606309992,-1.0963672009457102
Peru,PER,2013,3.575,2.76789666082002,5.85251821084928,74.591,0.901339196033327,2.38215737180541,0,-0.2872064947550701,0.3370000000000002,-0.8433162885816099,-0.23733709538094505
Peru,PER,2014,3.208,3.41194579807465,2.38215737180541,75.26,0.994129278893009,3.25224477218451,0,-3.4703608390438703,-0.367,0.6440491372546302,-1.8787836668994702
Peru,PER,2015,3.272,3.39809194746308,3.25224477218451,75.732,1.12847381931302,3.95331871520767,0,0.8700874003790999,0.06399999999999961,-0.013853850611570184,-1.3001367193323852
Peru,PER,2016,3.741,3.55717663556279,3.95331871520767,75.951,1.33357065112944,2.51883544233135,0,0.7010739430231601,0.4690000000000003,0.1590846880997101,0.78558067170113
Peru,PER,2017,3.691,2.99490045809443,2.51883544233135,75.958,1.47336535107465,3.969351341365,0,-1.43448327287632,-0.050000000000000266,-0.5622761774683602,-0.36670466492657994
Peru,PER,2018,3.492,1.50915423024742,3.969351341365,76.018,1.81253577188754,2.24063176875049,0,1.45051589903365,-0.19899999999999984,-1.48574622784701,0.008016313078665016
Peru,PER,2019,3.379,2.25212191358027,2.24063176875049,76.275,1.71486934751345,-10.9333065010382,1,-1.72871957261451,-0.11299999999999999,0.74296768333285,-0.13910183679042998
Peru,PER,2020,7.179,2.00241205759292,-10.9333065010382,73.832,1.19250495254373,13.3626240903125,0,-13.173938269788689,3.8000000000000003,-0.24970985598735007,-7.4513289212016005
Peru,PER,2021,5.097,4.27166381536798,13.3626240903125,71.596,0.961612354333265,2.8090335533015,0,24.2959305913507,-2.082,2.2692517577750597,5.560996160781006
Peru,PER,2022,4.291,8.33370630096231,2.8090335533015,76.834,0.959183909355287,-0.403242151494268,1,-10.553590537011,-0.806,4.062042485594331,6.87117002716985
Peru,PER,2023,4.899,6.45561348369586,-0.403242151494268,77.74,1.09975320783678,3.30394098171516,0,-3.212275704795768,0.6079999999999997,-1.8780928172664506,-6.882933120903385
Peru,PER,2024,5.199,2.00770739412712,3.30394098171516,77.941,1.0937871324756,,,3.707183133209428,0.2999999999999998,-4.44790608956874,0.24745371420683004
Philippines,PHL,2010,3.605,3.78983634797591,7.33449996034538,68.883,2.04795425200975,3.85823282795663,0,,,,
Philippines,PHL,2011,3.592,4.7184170471842,3.85823282795663,69.096,1.96473852483036,6.89695171050985,0,-3.47626713238875,-0.0129999999999999,0.9285806992082901,
Philippines,PHL,2012,3.504,3.02696391124796,6.89695171050985,69.237,1.94226237851608,6.75053130142255,0,3.0387188825532196,-0.08800000000000008,-1.6914531359362401,-0.21877412491776527
Philippines,PHL,2013,3.497,2.58268766141795,6.75053130142255,69.283,1.87971579705684,6.34798748260867,0,-0.14642040908730003,-0.007000000000000117,-0.4442762498300099,1.4461492367329598
Philippines,PHL,2014,3.6,3.59782343864211,6.34798748260867,69.311,1.64283283802775,6.34830971672761,0,-0.40254381881387946,0.1030000000000002,1.01513577722416,-0.27448211395058975
Philippines,PHL,2015,3.068,0.674192536845408,6.34830971672761,69.45,1.47875384302116,7.14945675000752,0,0.0003222341189399458,-0.532,-2.9236309017967024,-0.20111079234746976
Philippines,PHL,2016,2.695,1.25369880080982,7.14945675000752,69.49,1.34190709540685,6.9309883258402,0,0.8011470332799098,-0.3730000000000002,0.579506263964412,0.40073463369942486
Philippines,PHL,2017,2.552,2.85318772590947,6.9309883258402,69.966,1.28830186666283,6.34148557153473,0,-0.2184684241673196,-0.1429999999999998,1.59948892509965,0.2913393045562951
Philippines,PHL,2018,2.338,5.30934661627707,6.34148557153473,69.761,1.23686033319068,6.11852566221303,0,-0.5895027543054701,-0.21399999999999997,2.4561588903676,-0.4039855892363948
Philippines,PHL,2019,2.237,2.39206534422404,6.11852566221303,69.68,1.21615534645287,-9.51829474045297,1,-0.22295990932170007,-0.10099999999999998,-2.91728127205303,-0.40623133181358506
Philippines,PHL,2020,2.522,2.3931623931624,-9.51829474045297,70.097,1.1455140860985,5.71473313185116,0,-15.636820402666,0.2849999999999997,0.0010970489383601567,-7.92989015599385
Philippines,PHL,2021,3.398,3.92718022100332,5.71473313185116,66.675,0.905660310915421,7.58098212785563,0,15.23302787230413,0.8760000000000003,1.5340178278409198,-0.20189626518093506
Philippines,PHL,2022,2.598,5.82115811213955,7.58098212785563,69.472,0.760479216015364,5.51894967862863,0,1.8662489960044697,-0.8000000000000003,1.8939778911362297,8.5496384341543
Philippines,PHL,2023,2.2,5.97802515541409,5.51894967862863,69.833,0.810000998681961,5.69201612823412,0,-2.062032449227,-0.3979999999999997,0.15686704327454049,-0.0978917266112651
Philippines,PHL,2024,2.202,3.21260487006347,5.69201612823412,69.946,0.825602488528657,,,0.1730664496054901,0.0019999999999997797,-2.7654202853506202,-0.9444829998107549
Papua New Guinea,PNG,2010,2.002,6.01360893567856,10.1284540720232,63.056,3.01998467654888,1.10754362619616,0,,,,
Papua New Guinea,PNG,2011,2.62,4.44083401028971,1.10754362619616,63.382,2.9153928127454,4.65711959686239,0,-9.02091044582704,0.6180000000000003,-1.5727749253888499,
Papua New Guinea,PNG,2012,2.634,4.53720508166972,4.65711959686239,63.639,2.7860490568137,3.82494632800675,0,3.5495759706662304,0.01399999999999979,0.09637107138000989,-2.7356672375804045
Papua New Guinea,PNG,2013,2.698,4.9603174603175,3.82494632800675,63.927,2.70166347823205,13.5437706216546,0,-0.8321732688556405,0.06400000000000006,0.4231123786477804,1.358701350905295
Papua New Guinea,PNG,2014,2.54,5.22211720226841,13.5437706216546,64.198,2.62396103229344,6.57835632304275,0,9.71882429364785,-0.15799999999999992,0.2617997419509095,4.443325512396105
Papua New Guinea,PNG,2015,2.507,5.99595778127107,6.57835632304275,64.473,2.54613840522555,5.48957315278187,0,-6.96541429861185,-0.03299999999999992,0.7738405790026599,1.376704997518
Papua New Guinea,PNG,2016,2.478,6.6737288135593,5.48957315278187,64.7,2.46804330802257,3.53461081750459,0,-1.0887831702608803,-0.028999999999999915,0.6777710322882298,-4.027098734436365
Papua New Guinea,PNG,2017,2.58,5.42204568023834,3.53461081750459,64.923,2.3925157995011,-0.279252284959952,1,-1.9549623352772798,0.10199999999999987,-1.2516831333209595,-1.52187275276908
Papua New Guinea,PNG,2018,2.65,4.37448921453162,-0.279252284959952,65.114,2.32386877655607,4.48051456942582,0,-3.813863102464542,0.06999999999999984,-1.0475564657067205,-2.884412718870911
Papua New Guinea,PNG,2019,2.651,3.92867290939597,4.48051456942582,65.331,2.25754045467385,-3.16743204434815,1,4.759766854385772,0.0009999999999998899,-0.44581630513564985,0.47295187596061483
Papua New Guinea,PNG,2020,2.903,4.87167398565555,-3.16743204434815,65.075,2.12866309675902,-0.511353418578196,1,-7.64794661377397,0.2520000000000002,0.9430010762595806,-1.4440898796940989
Papua New Guinea,PNG,2021,3.03,4.48359014042398,-0.511353418578196,64.358,1.98860312209741,5.70758404238197,0,2.656078625769954,0.12699999999999978,-0.38808384523157,-2.4959339940020078
Papua New Guinea,PNG,2022,2.689,5.25323922215241,5.70758404238197,65.274,1.88244961375761,3.81088622906051,0,6.2189374609601655,-0.34099999999999975,0.7696490817284296,4.437508043365059
Papua New Guinea,PNG,2023,2.649,2.29869991296791,3.81088622906051,66.134,1.81103162496893,3.79979560086888,0,-1.8966978133214596,-0.040000000000000036,-2.9545393091845,2.161119823819353
Papua New Guinea,PNG,2024,2.625,0.602403921107917,3.79979560086888,66.256,1.78260733820852,,,-0.011090628191630092,-0.02400000000000002,-1.6962959918599934,-0.9538942207565448
Poland,POL,2010,9.578,2.58069370250548,3.16892748258036,76.2463414634146,-0.285609121534849,5.25546256612796,0,,,,
Poland,POL,2011,9.576,4.23940149625932,5.25546256612796,76.6951219512195,0.0537697088781007,1.51178167644575,0,2.0865350835476,-0.0019999999999988916,1.6587077937538397,
Poland,POL,2012,10.031,3.56037151702793,1.51178167644575,76.7463414634146,-0.000239076003298365,0.684240607051805,0,-3.74368088968221,0.45500000000000007,-0.6790299792313896,-0.8285729030673051
Poland,POL,2013,10.293,0.991982606332335,0.684240607051805,77.0,-0.0603600174744649,3.92050862390032,0,-0.8275410693939449,0.2619999999999987,-2.568388910695595,-2.2856109795380775
Poland,POL,2014,8.971,0.0538213132399802,3.92050862390032,77.6024390243903,-0.0748462292920506,4.43176700264478,0,3.2362680168485154,-1.3219999999999992,-0.9381612930923549,1.2043634737272852
Poland,POL,2015,7.475,-0.874125874125862,4.43176700264478,77.4512195121951,-0.0666411009657168,3.03117767594847,0,0.51125837874446,-1.4960000000000004,-0.9279471873658421,1.8737631977964875
Poland,POL,2016,6.141,-0.664767331433962,3.03117767594847,77.8512195121951,-0.04298513087435,5.15245773325907,0,-1.40058932669631,-1.3339999999999996,0.2093585426918999,-0.44466547397592504
Poland,POL,2017,4.867,2.07593553673859,5.15245773325907,77.7536585365854,0.0124800985844923,6.2458584723942,0,2.1212800573106003,-1.274,2.740702868172552,0.3603453653071451
Poland,POL,2018,3.835,1.81295156542689,6.2458584723942,77.6024390243903,-0.000200132782838419,4.58045817256199,0,1.09340073913513,-1.032,-0.2629839713116999,1.6073403982228651
Poland,POL,2019,3.267,2.22747880938291,4.58045817256199,77.9048780487805,-0.0244271070993493,-2.03556882399977,1,-1.6654002998322106,-0.5680000000000001,0.41452724395602014,-0.28599978034854034
Poland,POL,2020,3.155,3.37446972618589,-2.03556882399977,76.4,-1.19164026205913,6.92718266052501,0,-6.616026996561759,-0.1120000000000001,1.14699091680298,-4.140713648196985
Poland,POL,2021,3.268,5.05502704719272,6.92718266052501,75.3512195121951,-1.4341408496549,5.25545697386036,0,8.96275148452478,0.11299999999999999,1.6805573210068299,1.1733622439815101
Poland,POL,2022,2.811,14.4294507575758,5.25545697386036,77.1560975609756,-0.433070695882457,0.249610834017872,0,-1.67172568666465,-0.45699999999999985,9.37442371038308,3.6455128989300647
Poland,POL,2023,2.743,11.5289127961105,0.249610834017872,78.2585365853659,-0.365658526875775,3.02841630700273,0,-5.005846139842488,-0.06800000000000006,-2.9005379614653,-3.338785913253569
Poland,POL,2024,2.807,3.79060897630197,3.02841630700273,78.409756097561,-0.349832361234927,,,2.7788054729848577,0.06400000000000006,-7.7383038198085305,-1.113520333428815
Portugal,PRT,2010,10.771,1.40257289895369,1.73762453640036,79.0268292682927,0.0459100367184907,-1.71352745905065,1,,,,
Portugal,PRT,2011,12.715,3.65301100430724,-1.71352745905065,80.4707317073171,-0.147084878575482,-4.05090267621935,1,-3.45115199545101,1.943999999999999,2.25043810535355,
Portugal,PRT,2012,15.509,2.77333854051586,-4.05090267621935,80.3731707317073,-0.405421787747567,-0.984106574148328,1,-2.3373752171686997,2.7940000000000005,-0.8796724637913802,-2.894263606309855
Portugal,PRT,2013,16.237,0.274416666666663,-0.984106574148328,80.7219512195122,-0.548815210952228,0.741391420706506,0,3.0667961020710215,0.727999999999998,-2.4989218738491967,0.3647104424511609
Portugal,PRT,2014,13.88,-0.278153367467428,0.741391420706506,81.1219512195122,-0.539190466792077,1.58979803702681,0,1.725497994854834,-2.3569999999999975,-0.552570034134091,2.396147048462928
Portugal,PRT,2015,12.405,0.48793862390472,1.58979803702681,81.1243902439025,-0.414141101993213,2.00414129666575,0,0.8484066163203041,-1.4750000000000014,0.766091991372148,1.2869523055875691
Portugal,PRT,2016,11.058,0.607397074641719,2.00414129666575,81.1243902439025,-0.315459016997883,3.31472008175986,0,0.4143432596389398,-1.3469999999999995,0.11945845073699901,0.631374937979622
Portugal,PRT,2017,8.878,1.36861411643472,3.31472008175986,81.4243902439025,-0.243889410358812,2.94628343449202,0,1.3105787850941102,-2.1799999999999997,0.7612170417930011,0.862461022366525
Portugal,PRT,2018,6.966,0.993715683468326,2.94628343449202,81.3243902439024,-0.160104021146769,2.74568432648596,0,-0.3684366472678402,-1.912,-0.37489843296639414,0.471071068913135
Portugal,PRT,2019,6.422,0.338178410046034,2.74568432648596,81.6756097560976,0.0237334946497115,-8.20463159324387,1,-0.20059910800606007,-0.5440000000000005,-0.655537273422292,-0.28451787763695013
Portugal,PRT,2020,6.85,-0.0124383299575305,-8.20463159324387,81.3292682926829,0.10511412524675,5.55875672070374,0,-10.950315919729828,0.42799999999999994,-0.3506167400035645,-5.575457513867944
Portugal,PRT,2021,6.712,1.26565719069044,5.55875672070374,81.3780487804878,0.626850165433157,6.98584137580278,0,13.763388313947608,-0.1379999999999999,1.2780955206479705,1.4065361971088903
Portugal,PRT,2022,6.138,7.83269124233323,6.98584137580278,81.6317073170732,0.697256448023043,3.09997909018263,0,1.4270846550990397,-0.5739999999999998,6.567034051642791,7.5952364845233244
Portugal,PRT,2023,6.498,4.31128191898672,3.09997909018263,82.3292682926829,1.36912985956796,2.13967177177636,0,-3.8858622856201497,0.3600000000000003,-3.5214093233465107,-1.229388815260555
Portugal,PRT,2024,6.5,2.41613187791884,2.13967177177636,82.3829268292683,1.09536933248007,,,-0.96030731840627,0.0019999999999997797,-1.8951500410678799,-2.42308480201321
Paraguay,PRY,2010,4.569,4.65116279069765,11.0952312685449,72.551,1.16985801191993,4.28637120706239,0,,,,
Paraguay,PRY,2011,4.67,8.2539682539683,4.28637120706239,72.787,1.32708039585856,-0.708043112304196,1,-6.80886006148251,0.10099999999999998,3.6028054632706494,
Paraguay,PRY,2012,4.085,3.67591897974496,-0.708043112304196,73.105,1.40686361602641,8.29307648937821,0,-4.994414319366586,-0.585,-4.578049274223339,-5.901637190424548
Paraguay,PRY,2013,4.385,2.68385738718582,8.29307648937821,73.292,1.43842436376869,5.30123864475758,0,9.001119601682406,0.2999999999999998,-0.9920615925591401,2.00335264115791
Paraguay,PRY,2014,5.034,5.02882767456766,5.30123864475758,73.415,1.44981205714477,2.95715168364671,0,-2.9918378446206297,0.649,2.34497028738184,3.0046408785308882
Paraguay,PRY,2015,4.556,3.12900274473925,2.95715168364671,73.454,1.46036822105512,4.26802583314358,0,-2.3440869611108703,-0.47799999999999976,-1.89982492982841,-2.66796240286575
Paraguay,PRY,2016,5.255,4.08682280577241,4.26802583314358,73.487,1.45104639106418,4.81007885552178,0,1.3108741494968696,0.6989999999999998,0.9578200610331602,-0.5166064058070003
Paraguay,PRY,2017,6.138,3.60247741348943,4.81007885552178,73.45,1.42257756735462,3.20425034080199,0,0.5420530223782007,0.883,-0.4843453922829801,0.9264635859375352
Paraguay,PRY,2018,6.217,3.97561015740694,3.20425034080199,73.627,1.38999117307295,-0.401855100701937,1,-1.6058285147197906,0.07899999999999974,0.37313274391750983,-0.5318877461707949
Paraguay,PRY,2019,6.595,2.75709727562775,-0.401855100701937,73.668,1.35488116957369,-0.819785390945569,1,-3.6061054415039266,0.3780000000000001,-1.2185128817791901,-2.6059669781118586
Paraguay,PRY,2020,7.548,1.76751592356698,-0.819785390945569,72.72,1.35198907049682,4.01673731776404,0,-0.41793029024363204,0.9530000000000003,-0.9895813520607699,-2.012017865873779
Paraguay,PRY,2021,7.311,4.787983101236,4.01673731776404,68.108,1.21078357917422,0.176038366149214,0,4.836522708709609,-0.2370000000000001,3.02046717766902,2.2092962092329884
Paraguay,PRY,2022,6.755,9.76556667164402,0.176038366149214,72.319,1.13476871860664,4.9992279112746,0,-3.8406989516148258,-0.556,4.9775835704080205,0.4979118785473915
Paraguay,PRY,2023,5.794,4.63202285403356,4.9992279112746,73.844,1.23021616038983,4.24996010464072,0,4.823189545125386,-0.9610000000000003,-5.13354381761046,0.49124529675528006
Paraguay,PRY,2024,5.686,3.83540271728533,4.24996010464072,73.982,1.23438951533718,,,-0.7492678066338803,-0.10799999999999965,-0.7966201367482304,2.036960869245753
West Bank and Gaza,PSE,2010,21.416,3.74915727597096,5.77736205629419,73.302,2.59703221798976,9.60080848913594,0,,,,
West Bank and Gaza,PSE,2011,17.597,2.8772435849594,9.60080848913594,73.557,2.52518683079236,6.09645656326154,0,3.8234464328417497,-3.818999999999999,-0.8719136910115601,
West Bank and Gaza,PSE,2012,19.202,2.77908768282492,6.09645656326154,73.722,2.46768715003228,4.69856986552234,0,-3.504351925874399,1.6050000000000004,-0.09815590213448022,0.15954725348367527
West Bank and Gaza,PSE,2013,19.894,1.72439933626931,4.69856986552234,74.14,2.40084831983677,-0.157866650855297,1,-1.3978866977392004,0.6919999999999966,-1.0546883465556098,-2.4511193118067998
West Bank and Gaza,PSE,2014,20.526,1.73298510037447,-0.157866650855297,72.781,2.3440772109436,3.72129967114788,0,-4.856436516377637,0.6320000000000014,0.008585764105160099,-3.1271616070584187
West Bank and Gaza,PSE,2015,23.005,1.43161145810476,3.72129967114788,74.577,2.29048005844149,8.86461881995935,0,3.879166322003177,2.478999999999999,-0.30137364226971,-0.48863509718722997
West Bank and Gaza,PSE,2016,23.939,-0.219106604907316,8.86461881995935,74.917,2.24610527580178,1.41936756294787,0,5.14331914881147,0.934000000000001,-1.6507180630120761,4.511242735407324
West Bank and Gaza,PSE,2017,25.677,0.212570934228881,1.41936756294787,75.216,1.98868634871278,1.22707737782703,0,-7.44525125701148,1.7379999999999995,0.431677539136197,-1.150966054100005
West Bank and Gaza,PSE,2018,26.256,-0.195107773730735,1.22707737782703,75.38,2.5330114844554,1.36268746558062,0,-0.19229018512083984,0.5790000000000006,-0.407678707959616,-3.8187707210661603
West Bank and Gaza,PSE,2019,25.34,1.58018333639455,1.36268746558062,75.811,2.51178246264674,-11.3184661065134,1,0.13561008775358996,-0.9160000000000004,1.775291110125285,-0.02834004868362494
West Bank and Gaza,PSE,2020,25.895,-0.735332001092191,-11.3184661065134,74.998,2.48654993848325,7.01198227592003,0,-12.68115357209402,0.5549999999999997,-2.315515337486741,-6.272771742170216
West Bank and Gaza,PSE,2021,26.39,1.23748102831369,7.01198227592003,73.89,2.45703865277568,4.08276027347105,0,18.33044838243343,0.495000000000001,1.9728130294058808,2.8246474051697046
West Bank and Gaza,PSE,2022,24.42,3.74122391852077,4.08276027347105,76.662,2.42553777623863,-4.55580428525744,1,-2.92922200244898,-1.9699999999999989,2.50374289020708,7.700613189992225
West Bank and Gaza,PSE,2023,24.42,5.87110177678988,-4.55580428525744,65.17,2.39326476511584,-26.5575264529877,1,-8.63856455872849,0.0,2.12987785826911,-5.783893280588735
West Bank and Gaza,PSE,2024,24.42,53.6691458303782,-26.5575264529877,69.213,2.36027908447521,,,-22.00172216773026,0.0,47.79804405358832,-15.320143363229375
Qatar,QAT,2010,0.45,-2.42525675161714,19.5921744776308,79.444,0.491609879237911,13.3752345495477,0,,,,
Qatar,QAT,2011,0.56,1.13836623529202,13.3752345495477,79.994,0.489204894825294,4.73008513739958,0,-6.216939928083098,0.11000000000000004,3.5636229869091602,
Qatar,QAT,2012,0.48,2.31534853431661,4.73008513739958,80.499,5.83800010216327,5.55610364218512,0,-8.645149412148122,-0.08000000000000007,1.1769822990245897,-7.431044670115609
Qatar,QAT,2013,0.28,3.22197756829293,5.55610364218512,80.974,10.6721263976401,5.33434159770252,0,0.8260185047855408,-0.19999999999999996,0.9066290339763201,-3.90956545368129
Qatar,QAT,2014,0.2,3.34972085659523,5.33434159770252,81.395,11.5817147814941,4.75332372902957,0,-0.22176204448260073,-0.08000000000000002,0.12774328830229997,0.30212823015147006
Qatar,QAT,2015,0.17,1.8140772393776,4.75332372902957,81.785,8.58173306173289,3.06410503214877,0,-0.5810178686729497,-0.03,-1.53564361721763,-0.4013899565777752
Qatar,QAT,2016,0.15,2.6765917009819,3.06410503214877,82.147,5.49972976958708,-1.49756209084892,1,-1.6892186968808,-0.020000000000000018,0.8625144616042999,-1.1351182827768749
Qatar,QAT,2017,0.14,0.394878914083005,-1.49756209084892,82.458,2.73590293320866,1.23483197031548,0,-4.56166712299769,-0.009999999999999981,-2.2817127868988947,-3.1254429099392453
Qatar,QAT,2018,0.11,0.255815382724408,1.23483197031548,82.714,1.3621056096195,0.688255893930972,0,2.7323940611644,-0.030000000000000013,-0.139063531358597,-0.9146365309166451
Qatar,QAT,2019,0.1,-0.666641124861147,0.688255893930972,82.945,2.21962210028933,-3.55750284254954,1,-0.546576076384508,-0.009999999999999995,-0.9224565075855551,1.092908992389946
Qatar,QAT,2020,0.14,-2.5403150300476,-3.55750284254954,80.409,5.72571544841687,1.62693587314129,0,-4.245758736480512,0.04000000000000001,-1.873673905186453,-2.39616740643251
Qatar,QAT,2021,0.14,2.30446565742003,1.62693587314129,81.083,-10.9274424335586,4.18497018544697,0,5.184438715690829,0.0,4.84478068746763,0.4693399896051589
Qatar,QAT,2022,0.13,4.99527553740761,4.18497018544697,81.857,5.90701824957099,1.53979117720789,0,2.5580343123056797,-0.010000000000000009,2.6908098799875804,3.8712365139982547
Qatar,QAT,2023,0.13,3.02764899198902,1.53979117720789,82.368,-0.0489708509014485,2.35970586926597,0,-2.6451790082390794,0.0,-1.9676265454185904,-0.043572347966699954
Qatar,QAT,2024,0.13,1.26734310292375,2.35970586926597,82.522,7.32265165181291,,,0.8199146920580798,0.0,-1.7603058890652699,-0.9126321580904999
Romania,ROU,2010,6.959,6.09141668601891,-3.90581157302972,73.4585365853659,-0.593959183588628,4.49558909946313,0,,,,
Romania,ROU,2011,7.177,5.7892532881588,4.49558909946313,74.409756097561,-0.491866212866043,1.90361696799603,0,8.40140067249285,0.21799999999999997,-0.3021633978601095,
Romania,ROU,2012,6.794,3.33492267693442,1.90361696799603,74.4121951219512,-0.445177936198383,0.278771877470234,0,-2.5919721314671,-0.383,-2.4543306112243806,2.904714270512875
Romania,ROU,2013,7.096,3.9847123554813,0.278771877470234,75.0634146341463,-0.371323062878035,4.11600109267832,0,-1.6248450905257958,0.3020000000000005,0.6497896785468802,-2.108408610996448
Romania,ROU,2014,6.802,1.06830987684298,4.11600109267832,74.909756097561,-0.374575497762261,3.1570360543854,0,3.837229215208086,-0.2940000000000005,-2.91640247863832,1.106192062341145
Romania,ROU,2015,6.812,-0.594156437495203,3.1570360543854,74.9121951219512,-0.470052227864654,2.85993252302089,0,-0.95896503829292,0.010000000000000675,-1.6624663143381828,1.439132088457583
Romania,ROU,2016,5.901,-1.54479666813897,2.85993252302089,75.209756097561,-0.573660845379617,8.19547826641261,0,-0.29710353136451007,-0.9110000000000005,-0.950640230643767,-0.628034284828715
Romania,ROU,2017,4.927,1.3390212110439,8.19547826641261,75.209756097561,-0.578007015146885,5.39452228185675,0,5.335545743391721,-0.9740000000000002,2.88381787918287,2.5192211060136054
Romania,ROU,2018,4.187,4.62548443137779,5.39452228185675,75.3585365853659,-0.587493307403584,3.96028958497598,0,-2.800955984555861,-0.7399999999999993,3.2864632203338897,1.26729487941793
Romania,ROU,2019,3.912,3.82785432599438,3.96028958497598,75.6073170731707,-0.526814821936341,-3.59802546034757,1,-1.4342326968807697,-0.27500000000000036,-0.7976301053834098,-2.1175943407183153
Romania,ROU,2020,5.035,2.63107311184743,-3.59802546034757,74.2536585365854,-0.550759892541776,5.58735072538869,0,-7.55831504532355,1.1230000000000002,-1.1967812141469496,-4.49627387110216
Romania,ROU,2021,5.59,5.05232876096582,5.58735072538869,72.809756097561,-0.746036478523061,4.18771305104109,0,9.18537618573626,0.5549999999999997,2.42125564911839,0.813530570206355
Romania,ROU,2022,5.614,13.7954887432521,4.18771305104109,75.1536585365854,-0.385412679960785,2.25773416555121,0,-1.3996376743476002,0.02400000000000002,8.74315998228628,3.89286925569433
Romania,ROU,2023,5.589,10.3971874764996,2.25773416555121,76.4048780487805,0.0659152146414443,0.916003764382594,0,-1.9299788854898798,-0.024999999999999467,-3.398301266752501,-1.66480827991874
Romania,ROU,2024,5.4,5.72140574354439,0.916003764382594,76.4585365853659,-0.0485820204761977,,,-1.3417304011686162,-0.18900000000000006,-4.675781732955209,-1.635854643329248
Russian Federation,RUS,2010,7.407,6.84939230255025,4.49999999920672,68.8412195121951,0.0448964884428055,4.30002918567749,0,,,,
Russian Federation,RUS,2011,6.571,8.4404648593257,4.30002918567749,69.6839024390244,0.118045544446964,4.02408615746921,0,-0.19997081352923018,-0.8360000000000003,1.5910725567754511,
Russian Federation,RUS,2012,5.484,5.07474300799149,4.02408615746921,70.0721951219512,0.251575708072649,1.75542214874298,0,-0.27594302820828,-1.0869999999999997,-3.365721851334211,-0.23795692086875508
Russian Federation,RUS,2013,5.513,6.75466833903486,1.75542214874298,70.5787804878049,0.297503474179596,0.736267221765672,0,-2.2686640087262298,0.028999999999999915,1.6799253310433704,-1.2723035184672549
Russian Federation,RUS,2014,5.212,7.82016970013845,0.736267221765672,70.7436585365854,0.299667432459938,-1.97271922580408,1,-1.019154926977308,-0.30100000000000016,1.06550136110359,-1.6439094678517687
Russian Federation,RUS,2015,5.615,15.5343959935701,-1.97271922580408,71.1834146341463,0.279352077762368,0.193690071260534,0,-2.7089864475697523,0.40300000000000047,7.714226293431651,-1.86407068727353
Russian Federation,RUS,2016,5.591,7.04243725413707,0.193690071260534,71.6512195121951,0.258751057379474,1.82579006401834,0,2.166409297064614,-0.02400000000000002,-8.49195873943303,-0.271288575252569
Russian Federation,RUS,2017,5.238,3.68333072334495,1.82579006401834,72.4514634146342,0.191382528772924,2.80724541059601,0,1.632099992757806,-0.35299999999999976,-3.35910653079212,1.89925464491121
Russian Federation,RUS,2018,4.871,2.87831382614981,2.80724541059601,72.6621951219512,0.0721356165400605,2.19807571335009,0,0.9814553465776701,-0.367,-0.8050168971951401,1.306777669667738
Russian Federation,RUS,2019,4.513,4.47202631837903,2.19807571335009,73.0839024390244,0.037947213753429,-2.65365450102773,1,-0.6091696972459202,-0.35800000000000054,1.5937124922292205,0.18614282466587495
Russian Federation,RUS,2020,5.62,3.38219796948068,-2.65365450102773,71.3387804878049,-0.143202031827637,5.86649177292595,0,-4.85173021437782,1.1070000000000002,-1.0898283488983505,-2.7304499558118698
Russian Federation,RUS,2021,4.749,6.69445891957612,5.86649177292595,69.900243902439,-0.343724409889771,-1.43588213859842,1,8.52014627395368,-0.8710000000000004,3.3122609500954403,1.8342080297879297
Russian Federation,RUS,2022,3.867,13.7436797398232,-1.43588213859842,72.5456097560976,-0.352843110363082,4.08252481259281,0,-7.30237391152437,-0.8819999999999997,7.04922082024708,0.6088861812146549
Russian Federation,RUS,2023,3.076,5.86571931748967,4.08252481259281,73.2546341463415,-0.285217600763343,4.34437475491529,0,5.51840695119123,-0.7909999999999999,-7.877960422333531,-0.8919834801665698
Russian Federation,RUS,2024,2.43,8.43486410496723,4.34437475491529,73.4404878048781,-0.203423663777625,,,0.2618499423224794,-0.6459999999999999,2.569144787477561,2.890128446756855
Rwanda,RWA,2010,11.637,-0.246128693436934,7.33465645006753,62.804,2.52365134392041,7.95838869847094,0,,,,
Rwanda,RWA,2011,11.756,3.0801706924026,7.95838869847094,63.476,2.45262873450153,8.64150815836322,0,0.6237322484034102,0.11899999999999977,3.326299385839534,
Rwanda,RWA,2012,11.671,10.2710182318876,8.64150815836322,64.189,2.39380128171382,4.71984856978263,0,0.6831194598922794,-0.08500000000000085,7.190847539485,0.6534258541478448
Rwanda,RWA,2013,11.768,5.92426867984854,4.71984856978263,64.651,2.40340085493768,6.16716615166932,0,-3.9216595885805896,0.09700000000000131,-4.346749552039061,-1.619270064344155
Rwanda,RWA,2014,11.837,2.35449052820358,6.16716615166932,65.088,2.41721473954366,8.8568555974538,0,1.44731758188669,0.06899999999999906,-3.5697781516449596,-1.2371710033469498
Rwanda,RWA,2015,11.831,2.52850284192421,8.8568555974538,65.419,2.39322566941773,5.97074525431094,0,2.68968944578448,-0.006000000000000227,0.17401231372062975,2.068503513835585
Rwanda,RWA,2016,11.788,7.17434301982009,5.97074525431094,65.733,2.36997866838859,3.91817093628465,0,-2.8861103431428594,-0.04299999999999926,4.64584017789588,-0.09821044867918971
Rwanda,RWA,2017,11.875,8.27953672260832,3.91817093628465,66.14,2.34556709244995,8.51646722592409,0,-2.05257431802629,0.08699999999999974,1.1051937027882301,-2.469342330584575
Rwanda,RWA,2018,10.759,-0.311210160390699,8.51646722592409,66.354,2.31630729613291,9.44738518613097,0,4.598296289639441,-1.1159999999999997,-8.590746882999019,1.2728609858065751
Rwanda,RWA,2019,11.236,3.34787655037648,9.44738518613097,66.691,2.28086099658628,-3.37368746369782,1,0.9309179602068802,0.4770000000000003,3.6590867107671787,2.7646071249231605
Rwanda,RWA,2020,11.829,9.85039902274207,-3.37368746369782,66.953,2.24244883430144,10.8584320184896,0,-12.82107264982879,0.593,6.502522472365591,-5.945077344810956
Rwanda,RWA,2021,15.775,-0.391346748300791,10.8584320184896,66.85,2.1909353521865,8.16120720872912,0,14.23211948218742,3.9459999999999997,-10.241745771042861,0.7055234161793145
Rwanda,RWA,2022,15.084,17.6892095588153,8.16120720872912,67.528,2.19046619232976,8.24990302014558,0,-2.6972248097604794,-0.6910000000000007,18.08055630711609,5.76744733621347
Rwanda,RWA,2023,12.352,19.789546746467,8.24990302014558,67.785,2.1984982050137,8.89065529573114,0,0.08869581141645888,-2.7319999999999993,2.1003371876517,-1.3042644991720103
Rwanda,RWA,2024,11.331,1.77029240198635,8.89065529573114,68.017,2.14176839550509,,,0.6407522755855606,-1.0210000000000008,-18.01925434448065,0.36472404350100973
Saudi Arabia,SAU,2010,5.55,5.33941733020905,5.0395150823517,75.616,-0.992481797243179,11.758820686671,0,,,,
Saudi Arabia,SAU,2011,5.77,5.8262163739404,11.758820686671,75.808,4.53867163626294,5.76157382270968,0,6.719305604319299,0.21999999999999975,0.48679904373134963,
Saudi Arabia,SAU,2012,5.622,2.86627029905053,5.76157382270968,76.09,4.20264227505544,2.94563789152025,0,-5.997246863961319,-0.1479999999999997,-2.95994607488987,0.36102937017898995
Saudi Arabia,SAU,2013,5.6,3.51104209799866,2.94563789152025,76.517,5.41149124124804,4.02467158380668,0,-2.81593593118943,-0.02200000000000024,0.6447717989481299,-4.406591397575374
Saudi Arabia,SAU,2014,5.877,2.24185348779063,4.02467158380668,77.116,2.45043139330282,4.65512316652699,0,1.0790336922864299,0.27700000000000014,-1.26918861020803,-0.8684511194515001
Saudi Arabia,SAU,2015,5.6,1.22269318552328,4.65512316652699,77.776,5.18685551856216,1.70404739202878,0,0.6304515827203101,-0.27700000000000014,-1.0191603022673499,0.85474263750337
Saudi Arabia,SAU,2016,5.6,2.05347076823965,1.70404739202878,78.354,3.74506540506437,1.18210705878283,0,-2.95107577449821,0.0,0.8307775827163699,-1.16031209588895
Saudi Arabia,SAU,2017,5.89,-0.834845735027162,1.18210705878283,78.721,0.0747825622238132,3.2269508901591,0,-0.52194033324595,0.29000000000000004,-2.888316503266812,-1.73650805387208
Saudi Arabia,SAU,2018,6.029,2.46594308994843,3.2269508901591,78.75,-2.5537682578428,1.65158925617395,0,2.0448438313762702,0.13900000000000023,3.3007888249755917,0.7614517490651601
Saudi Arabia,SAU,2019,5.636,-1.19298644533328,1.65158925617395,78.313,-0.439701419074031,-3.80478901996312,1,-1.5753616339851502,-0.3929999999999998,-3.6589295352817097,0.23474109869556004
Saudi Arabia,SAU,2020,7.66,3.37234961012303,-3.80478901996312,77.596,4.833138517103,6.51959698325419,0,-5.45637827613707,2.024,4.56533605545631,-3.5158699550611106
Saudi Arabia,SAU,2021,6.621,3.06328988941548,6.51959698325419,77.089,-2.46456261487283,12.0005874752929,0,10.32438600321731,-1.0389999999999997,-0.30905972070755006,2.43400386354012
Saudi Arabia,SAU,2022,5.589,2.47407371925372,12.0005874752929,77.31,4.41891994509507,0.542592439393161,0,5.48099049203871,-1.032,-0.5892161701617602,7.90268824762801
Saudi Arabia,SAU,2023,4.008,2.32708518362706,0.542592439393161,78.732,4.63821572656175,1.99650173436159,0,-11.457995035899739,-1.5810000000000004,-0.1469885356266598,-2.9885022719305145
Saudi Arabia,SAU,2024,3.518,1.68792112375809,1.99650173436159,78.982,4.63120232685885,,,1.4539092949684291,-0.4900000000000002,-0.6391640598689701,-5.0020428704656545
Sudan,SDN,2010,15.168,12.9776663898014,3.85824195230107,62.979,2.41578933319134,-3.21353209253371,1,,,,
Sudan,SDN,2011,17.44,18.0966171221351,-3.21353209253371,63.181,2.0304098222439,-17.0046884048945,1,-7.07177404483478,2.272000000000002,5.118950732333701,
Sudan,SDN,2012,16.973,35.5590574147024,-17.0046884048945,63.427,2.14168968629865,1.95514463302422,0,-13.791156312360792,-0.4670000000000023,17.4624402925673,-10.431465178597787
Sudan,SDN,2013,16.273,36.5223449139154,1.95514463302422,63.443,2.30951835174238,4.66137954229873,0,18.95983303791872,-0.6999999999999993,0.9632874992129956,2.584338362778965
Sudan,SDN,2014,15.41,36.9066427863595,4.66137954229873,63.99,2.70863780408064,1.91017689052751,0,2.7062349092745097,-0.8629999999999995,0.3842978724441011,10.833033973596617
Sudan,SDN,2015,14.39,16.9095706050977,1.91017689052751,64.375,3.04689971719172,3.46764218409288,0,-2.7512026517712194,-1.0199999999999996,-19.9970721812618,-0.022483871248354936
Sudan,SDN,2016,13.656,17.750253831196,3.46764218409288,64.677,3.04008474256183,0.70925628476644,0,1.5574652935653701,-0.734,0.840683226098303,-0.5968686791029247
Sudan,SDN,2017,13.0,32.3516260968437,0.70925628476644,65.146,3.46430091592296,-2.6809305497999,1,-2.75838589932644,-0.6560000000000006,14.6013722656477,-0.600460302880535
Sudan,SDN,2018,12.347,63.2925073455888,-2.6809305497999,65.501,3.48828675547566,-2.17825104530091,1,-3.39018683456634,-0.6530000000000005,30.9408812487451,-3.07428636694639
Sudan,SDN,2019,11.697,50.9940515002965,-2.17825104530091,65.803,2.93537902352139,-3.62980082410752,1,0.5026795044989898,-0.6500000000000004,-12.298455845292303,-1.4437536650336749
Sudan,SDN,2020,11.995,163.257782355458,-3.62980082410752,65.124,2.6882512565735,-1.8685204827207,1,-1.4515497788066098,0.29800000000000004,112.2637308551615,-0.47443513715381
Sudan,SDN,2021,11.087,359.093040778999,-1.8685204827207,64.46,2.6941220236505,-0.957816591119183,1,1.7612803413868199,-0.9079999999999995,195.835258423541,0.15486528129010502
Sudan,SDN,2022,7.53,138.80846024176,-0.957816591119183,65.695,2.70189520043666,-29.4332718325149,1,0.910703891601517,-3.5569999999999995,-220.284580537239,1.3359921164941684
Sudan,SDN,2023,7.53,138.80846024176,-29.4332718325149,66.331,1.32652175747925,-13.9643375197179,1,-28.475455241395718,0.0,0.0,-13.7823756748971
Sudan,SDN,2024,7.53,138.80846024176,-13.9643375197179,66.521,0.808373216038761,,,15.468934312797002,0.0,0.0,-6.503260464299358
Senegal,SEN,2010,2.795,1.22868119673344,3.39088925336209,64.221,2.38690195279185,1.33409107961258,0,,,,
Senegal,SEN,2011,2.853,3.40322829786971,1.33409107961258,64.799,2.52791519909846,4.00299555090457,0,-2.05679817374951,0.058000000000000274,2.1745471011362705,
Senegal,SEN,2012,3.896,1.41822871177854,4.00299555090457,65.229,2.67702425205872,2.41238527605579,0,2.6689044712919903,1.0429999999999997,-1.9849995860911702,0.3060531487712401
Senegal,SEN,2013,5.012,0.710245486695176,2.41238527605579,65.638,2.96345954605318,6.22407443790986,0,-1.5906102748487805,1.1159999999999997,-0.707983225083364,0.5391470982216049
Senegal,SEN,2014,5.849,-1.09025507446895,6.22407443790986,66.001,3.16757470346908,6.36704365066983,0,3.8116891618540705,0.8370000000000006,-1.800500561164126,1.110539443502645
Senegal,SEN,2015,6.757,0.135211933635165,6.36704365066983,66.451,3.07014792428801,6.35606857181878,0,0.14296921275996954,0.9079999999999995,1.225467008104115,1.97732918730702
Senegal,SEN,2016,4.455,0.837284942557434,6.35606857181878,66.724,2.97843134010735,7.4074861863013,0,-0.010975078851049425,-2.3019999999999996,0.702073008922269,0.06599706695446006
Senegal,SEN,2017,4.078,1.31815314847789,7.4074861863013,67.059,2.88769908740551,6.20924103389086,0,1.0514176144825198,-0.3769999999999998,0.48086820592045587,0.5202212678157352
Senegal,SEN,2018,3.453,0.460985642464188,6.20924103389086,67.379,2.8004569855314,4.61362809749708,0,-1.1982451524104398,-0.6250000000000004,-0.8571675060137018,-0.07341376896396001
Senegal,SEN,2019,2.863,1.76011151192939,4.61362809749708,67.668,2.71760793051867,1.3420737726679,0,-1.5956129363937803,-0.5899999999999999,1.299125869465202,-1.39692904440211
Senegal,SEN,2020,3.432,2.54314685681662,1.3420737726679,67.496,2.63303572524896,6.54400109964304,0,-3.27155432482918,0.569,0.78303534488723,-2.43358363061148
Senegal,SEN,2021,3.436,2.18032278088147,6.54400109964304,66.868,2.53848919398481,3.85043193735768,0,5.20192732697514,0.0040000000000000036,-0.36282407593515,0.9651865010729801
Senegal,SEN,2022,2.837,9.69681899081073,3.85043193735768,67.788,2.46764281803509,4.2574308328029,0,-2.6935691622853604,-0.5989999999999998,7.51649620992926,1.25417908234489
Senegal,SEN,2023,2.784,5.93947798773215,4.2574308328029,68.683,2.38738348832592,6.06055141198976,0,0.40699889544521994,-0.05300000000000038,-3.7573410030785794,-1.1432851334200702
Senegal,SEN,2024,2.788,0.804503298792438,6.06055141198976,68.924,2.32058603495657,,,1.80312057918686,0.0040000000000000036,-5.134974688939712,1.10505973731604
Singapore,SGP,2010,4.12,2.82884527612958,14.5197497108994,81.5414634146342,1.77183287926401,6.21493416858989,0,,,,
Singapore,SGP,2011,3.89,5.25115624639373,6.21493416858989,81.7439024390244,2.08490245606007,4.43549759378537,0,-8.30481554230951,-0.22999999999999998,2.4223109702641503,
Singapore,SGP,2012,3.72,4.58084479423094,4.43549759378537,81.9951219512195,2.45339033031018,4.81763099120676,0,-1.77943657480452,-0.16999999999999993,-0.6703114521627906,-5.042126058557015
Singapore,SGP,2013,3.86,2.36439793742726,4.81763099120676,82.2463414634147,1.61930809858875,3.93554027709007,0,0.38213339742138963,0.13999999999999968,-2.2164468568036795,-0.6986515886915652
Singapore,SGP,2014,3.74,1.03316955857629,3.93554027709007,82.4951219512195,1.29844017799226,2.97679931634806,0,-0.8820907141166896,-0.11999999999999966,-1.3312283788509702,-0.24997865834764998
Singapore,SGP,2015,3.79,-0.521975611895763,2.97679931634806,82.7439024390244,1.18637693749822,3.74757848792792,0,-0.9587409607420101,0.04999999999999982,-1.555145170472053,-0.9204158374293498
Singapore,SGP,2016,4.08,-0.529809760375464,3.74757848792792,82.8463414634146,1.29743609938602,4.47689915845876,0,0.7707791715798602,0.29000000000000004,-0.007834148479700986,-0.09398089458107495
Singapore,SGP,2017,4.2,0.576763191179996,4.47689915845876,83.0951219512195,0.0885954699924263,3.4519759658687,0,0.7293206705308402,0.1200000000000001,1.10657295155546,0.7500499210553502
Singapore,SGP,2018,3.613,0.438784215129623,3.4519759658687,83.2975609756098,0.469704298714121,1.30804118153127,0,-1.0249231925900602,-0.5870000000000002,-0.13797897605037296,-0.14780126102961
Singapore,SGP,2019,3.1,0.567829988405447,1.30804118153127,83.5951219512195,1.14428330688929,-3.81470885510713,1,-2.1439347843374303,-0.5129999999999999,0.12904577327582395,-1.584428988463745
Singapore,SGP,2020,4.1,-0.172111865925382,-3.81470885510713,83.5439024390244,-0.311904961250833,9.7568044629903,0,-5.1227500366384,0.9999999999999996,-0.7399418543308289,-3.6333424104879155
Singapore,SGP,2021,4.64,2.31610315765146,9.7568044629903,83.0926829268293,-4.17033630017526,4.10800021897151,0,13.571513318097429,0.54,2.488215023576842,4.224381640729515
Singapore,SGP,2022,3.591,6.13095418919732,4.10800021897151,82.8951219512195,3.30862052439523,1.82140694115385,0,-5.648804244018789,-1.0489999999999995,3.81485103154586,3.9613545370393197
Singapore,SGP,2023,3.444,4.83372362825798,1.82140694115385,83.0975609756098,4.85831607781442,4.38802362461865,0,-2.28659327781766,-0.14700000000000024,-1.2972305609393402,-3.967698760918225
Singapore,SGP,2024,2.737,2.38951123595017,4.38802362461865,83.3463414634146,1.99449365639324,,,2.5666166834647997,-0.7069999999999999,-2.44421239230781,0.1400117028235699
Solomon Islands,SLB,2010,1.617,1.05148163321038,9.70817235491481,68.669,2.82139788482931,7.43023752099302,0,,,,
Solomon Islands,SLB,2011,1.292,7.34270706018,7.43023752099302,68.824,3.67971542315203,2.46591837712438,0,-2.2779348339217895,-0.32499999999999996,6.29122542696962,
Solomon Islands,SLB,2012,0.984,5.91200602491155,2.46591837712438,68.961,3.668421041016,5.23744704670068,0,-4.96431914386864,-0.30800000000000005,-1.4307010352684504,-3.621126988895215
Solomon Islands,SLB,2013,0.694,5.3913638858756,5.23744704670068,69.007,3.65262148165308,1.18945509547778,0,2.7715286695763,-0.29000000000000004,-0.5206421390359504,-1.09639523714617
Solomon Islands,SLB,2014,0.73,5.16590237925171,1.18945509547778,68.984,3.62509398993661,1.67578612030815,0,-4.0479919512229,0.03600000000000003,-0.22546150662388964,-0.6382316408233
Solomon Islands,SLB,2015,0.736,-0.57446928635949,1.67578612030815,69.323,3.58337916462009,5.55494348257992,0,0.48633102483037005,0.006000000000000005,-5.7403716656112,-1.780830463196265
Solomon Islands,SLB,2016,0.736,0.512485626268792,5.55494348257992,69.501,3.52842038261052,3.07546176144591,0,3.8791573622717697,0.0,1.086954912628282,2.18274419355107
Solomon Islands,SLB,2017,0.727,0.488686760261083,3.07546176144591,69.652,3.45614796025836,2.74585244829055,0,-2.4794817211340097,-0.009000000000000008,-0.02379886600770903,0.69983782056888
Solomon Islands,SLB,2018,0.722,3.46147484973729,2.74585244829055,69.806,3.35985912747517,1.74925244485951,0,-0.3296093131553599,-0.0050000000000000044,2.972788089476207,-1.4045455171446848
Solomon Islands,SLB,2019,0.746,1.63485544012247,1.74925244485951,69.981,2.65049803426017,-3.38125925839405,1,-0.9966000034310403,0.02400000000000002,-1.8266194096148198,-0.6631046582932001
Solomon Islands,SLB,2020,0.868,2.96354992076065,-3.38125925839405,69.258,2.22072148638778,-0.227975292792024,1,-5.1305117032535605,0.122,1.32869448063818,-3.0635558533423
Solomon Islands,SLB,2021,0.879,-0.115437894412839,-0.227975292792024,68.89,2.40116798691356,-2.58448361755723,1,3.153283965602026,0.01100000000000001,-3.078987815173489,-0.9886138688257669
Solomon Islands,SLB,2022,1.475,5.51812928576938,-2.58448361755723,70.409,2.39378076885188,2.84111851154807,0,-2.3565083247652057,0.5960000000000001,5.633567180182219,0.39838782041841014
Solomon Islands,SLB,2023,1.443,5.88585897042164,2.84111851154807,70.528,2.39583243369756,2.99755987604104,0,5.4256021291053,-0.03200000000000003,0.36772968465225997,1.5345469021700469
Solomon Islands,SLB,2024,1.444,4.32183948388033,2.99755987604104,70.694,2.37078352276169,,,0.15644136449297008,0.0009999999999998899,-1.5640194865413095,2.791021746799135
Sierra Leone,SLE,2010,4.34,7.18566275668163,6.35566595800495,51.927,2.72150859888002,8.10065518714917,0,,,,
Sierra Leone,SLE,2011,4.388,6.79138291952621,8.10065518714917,52.594,2.60978263924562,10.578331663387,0,1.7449892291442204,0.04800000000000004,-0.3942798371554197,
Sierra Leone,SLE,2012,4.378,6.58776239392585,10.578331663387,53.159,2.53259491687101,14.6633238075229,0,2.4776764762378303,-0.009999999999999787,-0.20362052560036048,2.1113328526910253
Sierra Leone,SLE,2013,4.376,5.52412877994266,14.6633238075229,54.051,2.45725730456865,-7.81501512457241,1,4.084992144135899,-0.0019999999999997797,-1.06363361398319,3.281334310186865
Sierra Leone,SLE,2014,4.678,4.63931171409667,-7.81501512457241,54.281,2.38905832119365,-4.36333262093788,1,-22.478338932095312,0.3019999999999996,-0.88481706584599,-9.196673393979705
Sierra Leone,SLE,2015,4.483,6.68943562498681,-4.36333262093788,55.454,2.31819402812025,6.43743652764257,0,3.4516825036345296,-0.19500000000000028,2.0501239108901403,-9.513328214230391
Sierra Leone,SLE,2016,4.182,10.8860609413903,6.43743652764257,56.937,2.35457342669593,3.20786087715987,0,10.80076914858045,-0.30099999999999927,4.196625316403489,7.12622582610749
Sierra Leone,SLE,2017,3.656,18.2215094003386,3.20786087715987,57.761,2.38578952940087,2.8938564123677,0,-3.2295756504827,-0.5260000000000002,7.335448458948301,3.7855967490488753
Sierra Leone,SLE,2018,3.192,16.0295447693699,2.8938564123677,59.059,2.34731039123252,5.50270937378153,0,-0.3140044647921698,-0.46399999999999997,-2.1919646309687018,-1.7717900576374348
Sierra Leone,SLE,2019,3.204,14.8049990906021,5.50270937378153,59.593,2.32146457882717,-1.2533490322766,1,2.6088529614138296,0.01200000000000001,-1.2245456787677984,1.14742424831083
Sierra Leone,SLE,2020,3.509,13.4468711101052,-1.2533490322766,59.694,2.30847202655897,5.8968527047094,0,-6.75605840605813,0.3049999999999997,-1.358127980496901,-2.07360272232215
Sierra Leone,SLE,2021,3.551,11.8739588840234,5.8968527047094,60.26,2.27463021517533,5.3135546141915,0,7.150201736986,0.04200000000000026,-1.5729122260817991,0.19707166546393529
Sierra Leone,SLE,2022,3.137,27.2082883814653,5.3135546141915,61.275,2.22598462352813,5.7100218981806,0,-0.5832980905178999,-0.41400000000000015,15.334329497441901,3.28345182323405
Sierra Leone,SLE,2023,3.092,47.6428733253179,5.7100218981806,61.786,2.19524258771884,4.29322336690163,0,0.39646728398910014,-0.04499999999999993,20.4345849438526,-0.0934154032643999
Sierra Leone,SLE,2024,3.103,28.6337500014115,4.29322336690163,61.964,2.1226891332086,,,-1.4167985312789702,0.01100000000000012,-19.0091233239064,-0.510165623644935
El Salvador,SLV,2010,4.893,1.17933576873673,2.15419536693635,70.909,0.329632681613896,3.77358499834686,0,,,,
El Salvador,SLV,2011,4.297,5.1289237668161,3.77358499834686,71.192,0.359883978139975,2.88770010188691,0,1.61938963141051,-0.5960000000000001,3.9495879980793696,
El Salvador,SLV,2012,3.843,1.72973481581383,2.88770010188691,71.42,0.390819912101065,2.18295232499635,0,-0.8858848964599497,-0.45399999999999974,-3.39918895100227,0.36675236747528017
El Salvador,SLV,2013,3.693,0.757669184522973,2.18295232499635,71.225,0.405850184762601,1.7293998423459,0,-0.7047477768905601,-0.1499999999999999,-0.9720656312908569,-0.7953163366752549
El Salvador,SLV,2014,4.154,1.14134467538233,1.7293998423459,71.144,0.392073398284828,2.40000008852115,0,-0.45355248265045,0.46099999999999985,0.3836754908593569,-0.5791501297705051
El Salvador,SLV,2015,3.998,-0.731384487387957,2.40000008852115,70.952,0.335654632494608,2.53906241135864,0,0.6706002461752498,-0.1559999999999997,-1.8727291627702871,0.10852388176239991
El Salvador,SLV,2016,4.418,0.60404908699661,2.53906241135864,70.908,0.276539934558171,2.24761908134138,0,0.1390623228374901,0.41999999999999993,1.3354335743845671,0.40483128450636996
El Salvador,SLV,2017,4.385,1.0123540331558,2.24761908134138,71.007,0.205133928097967,2.4124442237792,0,-0.29144333001725986,-0.03300000000000036,0.4083049461591901,-0.07619050358988488
El Salvador,SLV,2018,4.006,1.09033000581892,2.4124442237792,71.384,0.100922206462958,2.43747159065784,0,0.16482514243781976,-0.37899999999999956,0.07797597266311995,-0.06330909378972005
El Salvador,SLV,2019,4.17,0.0753241350024612,2.43747159065784,71.725,0.0403628806830014,-7.893101359867,1,0.025027366878640045,0.1639999999999997,-1.0150058708164589,0.0949262546582299
El Salvador,SLV,2020,5.008,-0.371590212324095,-7.893101359867,70.244,0.198362574897496,11.9047617015957,0,-10.33057295052484,0.8380000000000001,-0.4469143473265562,-5.1527727918231
El Salvador,SLV,2021,4.327,3.46692585313082,11.9047617015957,69.941,0.338002420196154,2.95461516549889,0,19.7978630614627,-0.681,3.838516065454915,4.73364505546893
El Salvador,SLV,2022,2.999,7.19861615609867,2.95461516549889,71.969,0.39146192798287,3.5391566928735,0,-8.95014653609681,-1.3279999999999998,3.7316903029678503,5.423858262682945
El Salvador,SLV,2023,2.992,4.04554694222477,3.5391566928735,72.099,0.465531145369394,2.60202016121069,0,0.58454152737461,-0.007000000000000117,-3.1530692138739003,-4.182802504361099
El Salvador,SLV,2024,3.261,0.853782292567288,2.60202016121069,72.302,0.451762522948611,,,-0.93713653166281,0.26900000000000013,-3.191764649657482,-0.1762975021441
Serbia,SRB,2010,19.204,6.14255360247248,1.61097281449412,74.3365853658537,-0.402005900874718,0.0542724836581954,0,,,,
Serbia,SRB,2011,22.959,11.1373976342129,0.0542724836581954,74.5365853658537,-0.756021911874037,-0.443956070983248,1,-1.5567003308359246,3.754999999999999,4.994844031740421,
Serbia,SRB,2012,24.0,7.33038589596646,-0.443956070983248,74.8365853658537,-0.485136859373739,0.451578805330726,0,-0.49822855464144344,1.0410000000000004,-3.807011738246441,-1.027464442738684
Serbia,SRB,2013,22.154,7.69426362896655,0.451578805330726,75.1853658536585,-0.48641352023891,-1.80427041681132,1,0.895534876313974,-1.846,0.3638777330000904,0.1986531608362653
Serbia,SRB,2014,19.223,2.08244793880154,-1.80427041681132,75.3365853658537,-0.486295171509944,1.2957386351958,0,-2.255849222142046,-2.931000000000001,-5.61181569016501,-0.680157172914036
Serbia,SRB,2015,17.66,1.39235822000187,1.2957386351958,75.2878048780488,-0.511754332722809,2.97519807160826,0,3.10000905200712,-1.5629999999999988,-0.6900897187996702,0.42207991493253705
Serbia,SRB,2016,15.257,1.12231397417769,2.97519807160826,75.6878048780488,-0.523694463062603,2.3634031250553,0,1.67945943641246,-2.4030000000000005,-0.2700442458241801,2.38973424420979
Serbia,SRB,2017,13.477,3.13106248590115,2.3634031250553,75.5390243902439,-0.532191341024444,4.64935035491007,0,-0.6117949465529602,-1.7799999999999994,2.00874851172346,0.5338322449297499
Serbia,SRB,2018,12.733,1.95984076293801,4.64935035491007,75.890243902439,-0.546351968633598,4.75020793899014,0,2.2859472298547705,-0.7439999999999998,-1.17122172296314,0.8370761416509052
Serbia,SRB,2019,10.395,1.84922984511086,4.75020793899014,75.9365853658537,-0.536610017822353,-0.950023991851594,1,0.10085758408007006,-2.338000000000001,-0.11061091782714993,1.1934024069674203
Serbia,SRB,2020,9.011,1.57553290083415,-0.950023991851594,74.4780487804878,-0.666107601320794,7.94905650472278,0,-5.700231930841735,-1.3840000000000003,-0.2736969442767099,-2.799687173380832
Serbia,SRB,2021,9.843,4.08510285335102,7.94905650472278,72.780487804878,-0.943688169512831,2.70347705543654,0,8.899080496574374,0.8320000000000007,2.5095699525168698,1.5994242828663197
Serbia,SRB,2022,8.439,11.9815117344703,2.70347705543654,75.2365853658537,-2.5170575672922,3.74793303561771,0,-5.2455794492862395,-1.404,7.896408881119281,1.8267505236440673
Serbia,SRB,2023,8.268,12.3719043552519,3.74793303561771,76.1414634146341,-0.621120944154492,3.94992622592932,0,1.0444559801811697,-0.17099999999999937,0.39039262078159886,-2.100561734552535
Serbia,SRB,2024,7.24,4.6705297488997,3.94992622592932,75.9682926829268,-0.555761423984425,,,0.20199319031161034,-1.0280000000000005,-7.7013746063522,0.62322458524639
Sao Tome and Principe,STP,2010,14.628,13.34005235378,1.44845522890635,63.867,2.1960816383463,1.99943210333259,0,,,,
Sao Tome and Principe,STP,2011,14.229,14.3271667616801,1.99943210333259,64.122,2.09396113456698,2.94294277416023,0,0.55097687442624,-0.3990000000000009,0.9871144079000995,
Sao Tome and Principe,STP,2012,13.59,10.6379353431628,2.94294277416023,64.505,2.02092788368455,5.11967735428513,0,0.9435106708276402,-0.6389999999999993,-3.6892314185173003,0.7472437726269401
Sao Tome and Principe,STP,2013,12.476,8.10583270875476,5.11967735428513,64.93,1.93896614465408,4.90621048664867,0,2.1767345801249003,-1.113999999999999,-2.532102634408041,1.5601226254762701
Sao Tome and Principe,STP,2014,11.428,6.99849943966421,4.90621048664867,65.478,1.85635532189371,1.5397042826735,0,-0.21346686763645994,-1.048,-1.1073332690905495,0.9816338562442202
Sao Tome and Principe,STP,2015,10.591,5.24587835022454,1.5397042826735,66.023,1.77510214302047,5.17682468684113,0,-3.3665062039751703,-0.8370000000000015,-1.7526210894396694,-1.7899865358058153
Sao Tome and Principe,STP,2016,9.684,5.43051966119156,5.17682468684113,66.563,1.6823011731644,4.11297966281954,0,3.6371204041676295,-0.907,0.1846413109670193,0.1353071000962296
Sao Tome and Principe,STP,2017,8.808,5.6902961992902,4.11297966281954,67.074,1.59795344333085,4.37812808264972,0,-1.0638450240215898,-0.8759999999999994,0.25977653809864076,1.28663769007302
Sao Tome and Principe,STP,2018,8.712,7.86859628873909,4.37812808264972,67.602,1.54237554431048,2.01431672129407,0,0.26514841983018034,-0.09600000000000009,2.1783000894488893,-0.3993483020957047
Sao Tome and Principe,STP,2019,8.835,7.72024525213248,2.01431672129407,68.043,1.51332392108067,2.62485949543812,0,-2.3638113613556504,0.12300000000000111,-0.1483510366066101,-1.049331470762735
Sao Tome and Principe,STP,2020,9.679,9.81932791540146,2.62485949543812,67.979,1.87691054092554,1.89929891337832,0,0.6105427741440503,0.8439999999999994,2.099082663268981,-0.8766342936058
Sao Tome and Principe,STP,2021,9.563,8.13777038378732,1.89929891337832,68.026,2.06017354745306,0.168698492216564,0,-0.7255605820598001,-0.11599999999999966,-1.681557531614141,-0.05750890395787489
Sao Tome and Principe,STP,2022,8.964,18.0056351122841,0.168698492216564,69.237,1.93819561963228,0.372252775001456,0,-1.730600421161756,-0.5990000000000002,9.86786472849678,-1.228080501610778
Sao Tome and Principe,STP,2023,9.032,21.2589138473,0.372252775001456,69.718,1.99754660166419,1.09999940100751,0,0.203554282784892,0.06799999999999962,3.2532787350159005,-0.763523069188432
Sao Tome and Principe,STP,2024,9.057,14.3519273571008,1.09999940100751,69.905,2.0004655038868,,,0.7277466260060541,0.025000000000000355,-6.9069864901992,0.46565045439547303
Suriname,SUR,2010,7.15,6.94108221639996,5.16882515225814,69.626,1.16234546951658,5.84936767173009,0,,,,
Suriname,SUR,2011,7.54,17.7117796414558,5.84936767173009,69.82,1.14737217748715,2.69034974668847,0,0.6805425194719499,0.3899999999999997,10.77069742505584,
Suriname,SUR,2012,8.1,5.00686319367273,2.69034974668847,69.957,1.1375560373964,2.9334416518612,0,-3.15901792504162,0.5599999999999996,-12.704916447783068,-1.2392377027848351
Suriname,SUR,2013,6.6,1.92343604108305,2.9334416518612,70.11,1.12880323190541,0.255503031645475,0,0.24309190517272983,-1.5,-3.0834271525896804,-1.4579630099344452
Suriname,SUR,2014,6.94,3.38341272749477,0.255503031645475,70.33,1.11029432439557,-3.41304268067621,1,-2.6779386202157247,0.34000000000000075,1.45997668641172,-1.2174233575214974
Suriname,SUR,2015,7.22,6.89390359168238,-3.41304268067621,70.567,1.08108226631897,-4.91166050905851,1,-3.668545712321685,0.27999999999999936,3.5104908641876102,-3.1732421662687047
Suriname,SUR,2016,7.917,55.4123879763196,-4.91166050905851,70.979,1.04842483742266,1.56603782534897,0,-1.4986178283823004,0.6970000000000001,48.51848438463722,-2.5835817703519925
Suriname,SUR,2017,7.905,21.9969430173304,1.56603782534897,71.247,1.00824404428043,4.94827108468886,0,6.4776983344074806,-0.011999999999999567,-33.4154449589892,2.4895402530125903
Suriname,SUR,2018,7.817,26.294556781246268,4.94827108468886,71.468,0.972162135207174,1.16758977233877,0,3.3822332593398894,-0.08800000000000008,4.297613763915869,4.9299657968736845
Suriname,SUR,2019,7.755,30.592170545162134,1.16758977233877,71.773,1.03794155144619,-15.9751917148622,1,-3.7806813123500893,-0.06200000000000028,4.297613763915866,-0.19922402650509996
Suriname,SUR,2020,8.973,34.889784309078,-15.9751917148622,72.321,1.07530477821816,-2.43538583612838,1,-17.14278148720097,1.2180000000000009,4.297613763915869,-10.46173139977553
Suriname,SUR,2021,8.706,59.1196626251977,-2.43538583612838,68.943,0.907003624018977,2.40622235601218,0,13.53980587873382,-0.26700000000000124,24.229878316119695,-1.8014878042335751
Suriname,SUR,2022,7.973,52.446027276241,2.40622235601218,73.254,0.848956801428746,2.41659223498058,0,4.84160819214056,-0.7329999999999997,-6.673635348956701,9.190707035437189
Suriname,SUR,2023,7.699,51.5873159600861,2.41659223498058,73.631,0.914027369002208,1.72095737011739,0,0.010369878968400137,-0.274,-0.8587113161548956,2.4259890355544798
Suriname,SUR,2024,7.621,16.2296159130279,1.72095737011739,73.757,0.877853398525397,,,-0.69563486486319,-0.0779999999999994,-35.3577000470582,-0.34263249294739495
Slovak Republic,SVK,2010,14.387,0.957018132975143,6.79058159142423,75.1121951219512,0.0931912731899838,2.56242473215553,0,,,,
Slovak Republic,SVK,2011,13.634,3.9192859914629,2.56242473215553,75.9585365853659,0.128936462723796,1.56917104702706,0,-4.2281568592687,-0.7530000000000001,2.962267858487757,
Slovak Republic,SVK,2012,13.966,3.6061026352289,1.56917104702706,76.109756097561,0.170183855326072,0.703323545247201,0,-0.9932536851284701,0.33199999999999896,-0.31318335623400007,-2.610705272198585
Slovak Republic,SVK,2013,14.226,1.40047368963025,0.703323545247201,76.4121951219512,0.107458009492367,2.70795151449488,0,-0.8658475017798589,0.26000000000000156,-2.20562894559865,-0.9295505934541646
Slovak Republic,SVK,2014,11.536,-0.0761653295419871,2.70795151449488,76.8121951219512,0.0970454215834878,5.17687909722133,0,2.004627969247679,-2.6900000000000013,-1.4766390191722372,0.5693902337339101
Slovak Republic,SVK,2015,11.492,-0.325219777427673,5.17687909722133,76.5634146341463,0.0950338786482762,1.94781841524558,0,2.46892758272645,-0.04399999999999871,-0.2490544478856859,2.236777775987065
Slovak Republic,SVK,2016,9.679,-0.520010196278266,1.94781841524558,77.1658536585366,0.128922329956911,2.87473327453695,0,-3.22906068197575,-1.8130000000000006,-0.19479041885059295,-0.38006654962465003
Slovak Republic,SVK,2017,8.142,1.31194588223228,2.87473327453695,77.1658536585366,0.155178995687406,4.06211981896483,0,0.9269148592913701,-1.5370000000000008,1.831956078510546,-1.15107291134219
Slovak Republic,SVK,2018,6.544,2.51403712883812,4.06211981896483,77.2658536585366,0.138508159611326,2.27589910019393,0,1.1873865444278802,-1.5979999999999999,1.2020912466058398,1.0571507018596251
Slovak Republic,SVK,2019,5.761,2.66456133425431,2.27589910019393,77.6658536585366,0.135328072840865,-2.58551241733207,1,-1.7862207187709003,-0.7829999999999995,0.15052420541619016,-0.29941708717151005
Slovak Republic,SVK,2020,6.719,1.93694126694223,-2.58551241733207,76.8658536585366,0.0857694756149868,5.6558588065555,0,-4.861411517525999,0.9580000000000002,-0.7276200673120801,-3.32381611814845
Slovak Republic,SVK,2021,6.894,3.14960629921268,5.6558588065555,74.6146341463415,-0.212358807611049,0.544591632137454,0,8.241371223887569,0.17499999999999982,1.21266503227045,1.689979853180785
Slovak Republic,SVK,2022,6.143,12.7741463637611,0.544591632137454,76.9658536585366,-0.284860959688394,2.11263633214959,0,-5.111267174418046,-0.7510000000000003,9.62454006454842,1.565052024734762
Slovak Republic,SVK,2023,5.843,10.5319476645211,2.11263633214959,78.119512195122,-0.0923148510113108,1.93867445549446,0,1.5680447000121358,-0.2999999999999998,-2.2421986992399994,-1.771611237202955
Slovak Republic,SVK,2024,5.3,2.75760909424272,1.93867445549446,78.3707317073171,-0.0861108401600769,,,-0.17396187665512985,-0.5430000000000001,-7.77433857027838,0.697041411678503
Slovenia,SVN,2010,7.236,1.80117022137134,1.11213719306735,79.4219512195122,0.43607948463593,0.655438128379743,0,,,,
Slovenia,SVN,2011,8.166,1.8028517194191,0.655438128379743,79.9707317073171,0.207732702329724,-2.91553782040462,1,-0.456699064687607,0.9300000000000006,0.0016814980477599661,
Slovenia,SVN,2012,8.841,2.59741386039003,-2.91553782040462,80.1243902439024,0.210024305900448,-0.823776417691676,1,-3.570975948784363,0.6749999999999989,0.7945621409709298,-2.0138375067359853
Slovenia,SVN,2013,10.103,1.76920085881907,-0.823776417691676,80.3219512195122,0.135726228915631,2.76283327639742,0,2.091761402712944,1.2620000000000005,-0.8282130015709599,-0.7396072730357095
Slovenia,SVN,2014,9.668,0.19934382657075,2.76283327639742,81.0780487804878,0.0983519219451147,2.39330621338168,0,3.586609694089096,-0.4350000000000005,-1.5698570322483199,2.83918554840102
Slovenia,SVN,2015,8.962,-0.525552285820877,2.39330621338168,80.7756097560976,0.075190689011533,3.03441486663654,0,-0.36952706301574034,-0.7059999999999995,-0.724896112391627,1.608541315536678
Slovenia,SVN,2016,8.0,-0.054999541670474,3.03441486663654,81.1756097560976,0.0731972072415279,5.17440215579958,0,0.64110865325486,-0.9619999999999997,0.470552744150403,0.13579079511955983
Slovenia,SVN,2017,6.564,1.42910743319306,5.17440215579958,81.0292682926829,0.0651590392490152,4.37908347331195,0,2.1399872891630403,-1.436,1.484106974863534,1.3905479712089501
Slovenia,SVN,2018,5.108,1.7386086198818,4.37908347331195,81.3780487804878,0.362584395134764,3.50525332381912,0,-0.7953186824876299,-1.4560000000000004,0.30950118668874005,0.6723343033377052
Slovenia,SVN,2019,4.446,1.63052260754344,3.50525332381912,81.5292682926829,0.696304046333357,-4.08500094942896,1,-0.87383014949283,-0.6619999999999999,-0.10808601233836002,-0.83457441599023
Slovenia,SVN,2020,4.971,-0.05485681576061,-4.08500094942896,80.5317073170732,0.669754656164979,8.41686457725321,0,-7.59025427324808,0.5250000000000004,-1.68537942330405,-4.232042211370455
Slovenia,SVN,2021,4.744,1.91706506089259,8.41686457725321,80.6756097560976,0.268851969969908,2.66850555542486,0,12.50186552668217,-0.2270000000000003,1.9719218766532,2.4558056267170443
Slovenia,SVN,2022,4.011,8.83369886749452,2.66850555542486,81.2829268292683,0.189424378732817,2.3758326648385,0,-5.74835902182835,-0.7329999999999997,6.916633806601931,3.3767532524269104
Slovenia,SVN,2023,3.652,7.44687717385838,2.3758326648385,81.9292682926829,0.396216782960902,1.73139722479493,0,-0.2926728905863598,-0.359,-1.3868216936361408,-3.0205159562073547
Slovenia,SVN,2024,3.7,1.96562656432512,1.73139722479493,82.2853658536585,0.326705896075754,,,-0.6444354400435701,0.04800000000000004,-5.48125060953326,-0.46855416531496497
Sweden,SWE,2010,8.61,1.15798802715626,5.75076477579255,81.4512195121951,0.852524628765313,3.16388567406926,0,,,,
Sweden,SWE,2011,7.804,2.9611507382214,3.16388567406926,81.8024390243903,0.755150133665177,-0.414397702454409,1,-2.5868791017232904,-0.8059999999999992,1.80316271106514,
Sweden,SWE,2012,7.976,0.888377506923735,-0.414397702454409,81.7048780487805,0.739763272434863,1.13766671801426,0,-3.578283376523669,0.1719999999999997,-2.072773231297665,-3.0825812391234795
Sweden,SWE,2013,8.052,-0.044292970148682,1.13766671801426,81.9560975609756,0.847348652246305,2.29577238758284,0,1.5520644204686689,0.07599999999999962,-0.932670477072417,-1.0131094780275
Sweden,SWE,2014,7.954,-0.179638494114635,2.29577238758284,82.2536585365854,0.992219728591882,4.38824673608589,0,1.15810566956858,-0.09799999999999986,-0.135345523965953,1.3550850450186245
Sweden,SWE,2015,7.432,-0.0467847449832812,4.38824673608589,82.2048780487805,1.05745468551674,2.13117914731151,0,2.0924743485030497,-0.5219999999999994,0.1328537491313538,1.6252900090358149
Sweden,SWE,2016,6.99,0.984269244577992,2.13117914731151,82.3073170731707,1.25645398510305,1.88282184966646,0,-2.2570675887743796,-0.44200000000000017,1.0310539895612731,-0.08229662013566497
Sweden,SWE,2017,6.718,1.79449904665599,1.88282184966646,82.409756097561,1.34744505956262,1.7702553546772,0,-0.2483572976450501,-0.27200000000000024,0.810229802077998,-1.252712443209715
Sweden,SWE,2018,6.365,1.95353530127028,1.7702553546772,82.5585365853659,1.16164515996039,2.60823012869524,0,-0.11256649498925997,-0.35299999999999976,0.15903625461429005,-0.18046189631715503
Sweden,SWE,2019,6.833,1.78415097403835,2.60823012869524,83.109756097561,1.01372226345511,-1.93379704032216,1,0.8379747740180401,0.46799999999999997,-0.16938432723192998,0.36270413951439007
Sweden,SWE,2020,8.291,0.497367318853572,-1.93379704032216,82.3560975609756,0.722703912882934,5.2258643028773,0,-4.5420271690174,1.4580000000000002,-1.2867836551847782,-1.8520261974996801
Sweden,SWE,2021,8.803,2.16319736447143,5.2258643028773,83.0560975609756,0.600591532839468,1.25543620445816,0,7.15966134319946,0.5120000000000005,1.665830045617858,1.3088170870910298
Sweden,SWE,2022,7.417,8.36929098869189,1.25543620445816,83.0585365853659,0.68058286829853,-0.204061304891439,1,-3.9704280984191396,-1.386000000000001,6.20609362422046,1.59461662239016
Sweden,SWE,2023,7.611,8.5486248974891,-0.204061304891439,83.309756097561,0.472717863265105,0.820071806703865,0,-1.459497509349599,0.19399999999999995,0.17933390879720967,-2.7149628038843696
Sweden,SWE,2024,8.4,2.83581658224034,0.820071806703865,84.0634146341463,0.313432129983607,,,1.024133111595304,0.7890000000000006,-5.71280831524876,-0.21768219887714746
Chad,TCD,2010,0.911,-2.07786574641866,13.6738272741836,50.107,3.46077094768596,4.49542966941512,0,,,,
Chad,TCD,2011,0.92,2.0292405367826,4.49542966941512,50.426,3.53020185416521,9.0618039227671,0,-9.17839760476848,0.009000000000000008,4.10710628320126,
Chad,TCD,2012,0.886,7.51662364663833,9.0618039227671,50.765,3.51265481153462,2.83821524768997,0,4.566374253351979,-0.03400000000000003,5.487383109855729,-2.30601167570825
Chad,TCD,2013,0.955,0.222671564624551,2.83821524768997,51.051,3.5694788341769,2.06283074347695,0,-6.22358867507713,0.06899999999999995,-7.293952082013779,-0.8286072108625753
Chad,TCD,2014,0.984,1.6819731392567,2.06283074347695,51.141,3.56998697827762,3.30415979759636,0,-0.7753845042130196,0.029000000000000026,1.459301574632149,-3.4994865896450746
Chad,TCD,2015,1.032,4.37712665065654,3.30415979759636,51.32,3.18336105662872,-4.12250332670322,1,1.2413290541194097,0.04800000000000004,2.69515351139984,0.23297227495319506
Chad,TCD,2016,1.091,-0.792440525236102,-4.12250332670322,51.603,3.13868697646131,-1.61746922760291,1,-7.42666312429958,0.05899999999999994,-5.169567175892642,-3.092667035090085
Chad,TCD,2017,1.132,-1.5370996298084,-1.61746922760291,51.875,3.30639583736028,5.74111580758154,0,2.5050340991003104,0.040999999999999925,-0.7446591045722981,-2.4608145125996352
Chad,TCD,2018,1.135,4.27462198610545,5.74111580758154,52.447,3.35956028710956,5.3828220290379,0,7.35858503518445,0.0030000000000001137,5.81172161591385,4.9318095671423805
Chad,TCD,2019,1.077,-0.971939175419401,5.3828220290379,52.993,3.21991132048391,-0.393646583111035,1,-0.35829377854364,-0.05800000000000005,-5.246561161524851,3.500145628320405
Chad,TCD,2020,1.695,4.46414437232861,-0.393646583111035,53.082,3.18197036099619,0.29344264815208,0,-5.7764686121489355,0.6180000000000001,5.4360835477480105,-3.0673811953462877
Chad,TCD,2021,1.53,-0.77284437035914,0.29344264815208,53.136,3.44423869357111,4.12969897676332,0,0.6870892312631149,-0.16500000000000004,-5.23698874268775,-2.54468969044291
Chad,TCD,2022,1.081,5.78802687843616,4.12969897676332,54.528,3.45668911084691,3.98004368401293,0,3.83625632861124,-0.44900000000000007,6.5608712487953,2.261672779937178
Chad,TCD,2023,1.059,10.8363568399843,3.98004368401293,55.069,4.57399213394625,4.19925854085865,0,-0.14965529275039025,-0.02200000000000002,5.04832996154814,1.843300517930425
Chad,TCD,2024,1.053,8.89950732263754,4.19925854085865,55.238,4.94853027382671,,,0.21921485684571973,-0.006000000000000005,-1.9368495173467597,0.03477978204766474
Togo,TGO,2010,2.379,1.44594517430864,5.85433399076879,57.24,2.72101716624637,5.82325622135289,0,,,,
Togo,TGO,2011,1.982,3.5635147290396,5.82325622135289,57.624,2.69461885935872,6.30271426865185,0,-0.03107776941590057,-0.397,2.11756955473096,
Togo,TGO,2012,2.029,2.57718174055848,6.30271426865185,57.953,2.62923384476283,5.82425069283059,0,0.47945804729896047,0.04699999999999993,-0.98633298848112,0.22419013894152995
Togo,TGO,2013,2.084,1.82539475909162,5.82425069283059,58.356,2.56796697750519,5.63323739145223,0,-0.47846357582125965,0.05500000000000016,-0.7517869814668598,0.0004972357388504101
Togo,TGO,2014,2.141,0.19087507624975,5.63323739145223,58.776,2.53448135308774,5.4680413807304,0,-0.19101330137836037,0.05699999999999994,-1.63451968284187,-0.33473843859981
Togo,TGO,2015,2.204,2.58500390801595,5.4680413807304,59.23,2.52060746648904,4.21490387414525,0,-0.16519601072183043,0.06300000000000017,2.3941288317661997,-0.1781046560500954
Togo,TGO,2016,2.968,1.28544847051417,4.21490387414525,59.677,2.51398996486491,4.00791259566937,0,-1.2531375065851496,0.7639999999999998,-1.29955543750178,-0.70916675865349
Togo,TGO,2017,3.744,-0.981889868943119,4.00791259566937,60.145,2.49897565726694,4.79518333086139,0,-0.20699127847588006,0.7760000000000002,-2.267338339457289,-0.7300643925305148
Togo,TGO,2018,2.9,0.927755426457183,4.79518333086139,60.608,2.47179798610782,4.92283321360694,0,0.7872707351920196,-0.8440000000000003,1.909645295400302,0.2901397283580698
Togo,TGO,2019,2.036,0.674652770077525,4.92283321360694,61.061,2.44351209316794,2.16228657424364,0,0.12764988274555034,-0.8639999999999999,-0.253102656379658,0.457460308968785
Togo,TGO,2020,2.231,1.69928463299399,2.16228657424364,61.14,2.41247393684318,5.12890113701732,0,-2.7605466393633,0.19499999999999984,1.0246318629164648,-1.3164483783088747
Togo,TGO,2021,2.344,4.1862150652352,5.12890113701732,61.337,2.37825002957617,6.29443692019429,0,2.96661456277368,0.11299999999999999,2.48693043224121,0.10303396170519008
Togo,TGO,2022,1.965,7.96757361617945,6.29443692019429,62.292,2.35270895960531,6.19211576941919,0,1.1655357831769697,-0.3789999999999998,3.78135855094425,2.066075172975325
Togo,TGO,2023,1.942,5.48928568141131,6.19211576941919,62.74,2.33345506489111,6.53204505563791,0,-0.10232115077509985,-0.02300000000000013,-2.47828793476814,0.5316073162009349
Togo,TGO,2024,1.948,2.86262074089801,6.53204505563791,62.935,2.2413667842624,,,0.33992928621872043,0.006000000000000005,-2.6266649405133,0.11880406772181029
Thailand,THA,2010,0.622,3.24758842443723,7.51339053261624,75.012,0.670617338343587,0.840132083053334,0,,,,
Thailand,THA,2011,0.66,3.80879058139634,0.840132083053334,75.302,0.621807948253872,7.24279620249642,0,-6.673258449562907,0.038000000000000034,0.5612021569591099,
Thailand,THA,2012,0.58,3.01489950334985,7.24279620249642,75.59,0.619591346751357,2.68749556320556,0,6.402664119443086,-0.08000000000000007,-0.7938910780464901,-0.13529716505991018
Thailand,THA,2013,0.249,2.18488618530687,2.68749556320556,75.96,0.587325698680648,0.984468863619426,0,-4.555300639290859,-0.33099999999999996,-0.8300133180429801,0.923681740076113
Thailand,THA,2014,0.576,1.8951418189878,0.984468863619426,76.279,0.530129864137193,3.13404724911635,0,-1.7030266995861343,0.32699999999999996,-0.28974436631906997,-3.1291636694384968
Thailand,THA,2015,0.597,-0.900424963291569,3.13404724911635,76.563,0.460976294059414,3.43515771692182,0,2.149578385496924,0.02100000000000002,-2.795566782279369,0.22327584295539493
Thailand,THA,2016,0.688,0.188149704448143,3.43515771692182,76.769,0.451266062797186,4.1776810321001,0,0.3011104678054699,0.09099999999999997,1.088574667739712,1.225344426651197
Thailand,THA,2017,0.83,0.665631893135106,4.1776810321001,76.989,0.422963510133952,4.22287028746071,0,0.7425233151782802,0.14200000000000002,0.47748218868696296,0.521816891491875
Thailand,THA,2018,0.765,1.06389754183024,4.22287028746071,77.19,0.302929452489855,2.11455779628278,0,0.04518925536060969,-0.06499999999999995,0.39826564869513414,0.39385628526944494
Thailand,THA,2019,0.716,0.706728601314311,2.11455779628278,77.197,0.204609851692418,-6.05003846851622,1,-2.1083124911779296,-0.049000000000000044,-0.35716894051592907,-1.03156161790866
Thailand,THA,2020,1.099,-0.845937147357041,-6.05003846851622,77.331,0.166540794566251,1.55216608426647,0,-8.164596264799,0.383,-1.552665748671352,-5.136454377988465
Thailand,THA,2021,1.215,1.23039541318384,1.55216608426647,77.606,0.119758274714782,2.58037874709827,0,7.60220455278269,0.1160000000000001,2.076332560540881,-0.2811958560081551
Thailand,THA,2022,0.94,-1.61068030486688,2.58037874709827,75.291,0.0111485454856964,2.01775095328327,0,1.0282126628318,-0.27500000000000013,-2.8410757180507202,4.315208607807245
Thailand,THA,2023,0.733,8.47805174421543,2.01775095328327,76.412,-0.0458651887192549,2.54182067735289,0,-0.5626277938149999,-0.20699999999999996,10.08873204908231,0.23279243450840004
Thailand,THA,2024,0.781,1.36580540798037,2.54182067735289,76.564,-0.0480210554154485,,,0.5240697240696202,0.04800000000000004,-7.112246336235059,-0.019279034872689893
Timor-Leste,TLS,2010,3.301,6.76597680236481,9.33149806305823,63.66,2.41648998363508,5.95855501570803,0,,,,
Timor-Leste,TLS,2011,3.385,13.499840238577,5.95855501570803,64.022,2.32623937394203,4.86062134121768,0,-3.3729430473502005,0.08399999999999963,6.73386343621219,
Timor-Leste,TLS,2012,3.47,11.8003096701544,4.86062134121768,64.384,2.19848397897983,3.10436980963603,0,-1.09793367449035,0.08500000000000041,-1.6995305684226008,-2.2354383609202753
Timor-Leste,TLS,2013,3.57,11.0849085109954,3.10436980963603,64.719,2.07630476166789,4.47249922937381,0,-1.75625153158165,0.09999999999999964,-0.7154011591590006,-1.427092603036
Timor-Leste,TLS,2014,3.618,0.726275016139465,4.47249922937381,65.027,1.98314794878844,2.48003785368208,0,1.3681294197377798,0.04800000000000004,-10.358633494855935,-0.19406105592193512
Timor-Leste,TLS,2015,3.678,0.552796026277853,2.48003785368208,65.326,1.94624234080117,3.00993358093274,0,-1.9924613756917298,0.06000000000000005,-0.17347898986161203,-0.312165977976975
Timor-Leste,TLS,2016,4.657,-1.33853876185163,3.00993358093274,65.61,1.90525943887907,-3.18241515376397,1,0.5298957272506599,0.9790000000000001,-1.891334788129483,-0.7312828242205349
Timor-Leste,TLS,2017,4.254,0.557215537430361,-3.18241515376397,65.898,1.88641549739516,-0.466502371512661,1,-6.19234873469671,-0.40300000000000047,1.895754299281991,-2.831226503723025
Timor-Leste,TLS,2018,3.765,2.63647201015892,-0.466502371512661,66.204,1.91930286555216,24.2128789232326,0,2.7159127822513094,-0.48899999999999944,2.079256472728559,-1.7382179762227006
Timor-Leste,TLS,2019,3.148,0.958812739703141,24.2128789232326,66.496,1.93928707188808,31.7257429812373,0,24.679381294745262,-0.617,-1.677659270455779,13.697647038498285
Timor-Leste,TLS,2020,2.808,0.495499215459571,31.7257429812373,66.919,1.91159373351817,5.36980163959615,0,7.512864058004698,-0.3400000000000003,-0.46331352424357,16.096122676374982
Timor-Leste,TLS,2021,2.344,3.69792094666786,5.36980163959615,66.199,1.80006893139932,-20.5224785561874,1,-26.35594134164115,-0.46399999999999997,3.2024217312082888,-9.421538641818225
Timor-Leste,TLS,2022,1.537,7.00530945399787,-20.5224785561874,67.368,1.40884587356384,-18.135905003556,1,-25.892280195783552,-0.8069999999999999,3.30738850733001,-26.12411076871235
Timor-Leste,TLS,2023,1.525,8.42035103310377,-18.135905003556,67.689,1.08884743970717,-9.10069369772735,1,2.3865735526314005,-0.01200000000000001,1.4150415791059006,-11.752853321576076
Timor-Leste,TLS,2024,1.523,2.06284153005468,-9.10069369772735,67.904,1.17433638550192,,,9.035211305828652,-0.0020000000000000018,-6.357509503049091,5.710892429230026
Tonga,TON,2010,1.501,3.53491239189831,0.824396914081831,71.319,0.183594875501069,6.70369746238768,0,,,,
Tonga,TON,2011,1.594,6.27075302995691,6.70369746238768,71.437,0.158161636914974,0.919761024923076,0,5.879300548305849,0.0930000000000002,2.7358406380586,
Tonga,TON,2012,1.638,1.14753853706055,0.919761024923076,71.546,-0.102311314323862,0.393922530137331,0,-5.783936437464604,0.04399999999999982,-5.12321449289636,0.04768205542062243
Tonga,TON,2013,1.75,0.77562932236742,0.393922530137331,71.65,-0.356114444715887,1.99053625497055,0,-0.5258384947857451,0.1120000000000001,-0.37190921469313,-3.154887466125175
Tonga,TON,2014,1.914,2.51087633253706,1.99053625497055,71.721,-0.438960491824116,1.11374405685874,0,1.596613724833219,0.16399999999999992,1.7352470101696402,0.5353876150237371
Tonga,TON,2015,2.022,-1.05399831971283,1.11374405685874,71.851,-0.483301677921251,6.59870436118344,0,-0.8767921981118101,0.10799999999999987,-3.56487465224989,0.3599107633607045
Tonga,TON,2016,2.048,2.57815515245081,6.59870436118344,71.951,-0.539650395978897,3.2023165092282,0,5.4849603043247,0.026000000000000245,3.63215347216364,2.304084053106445
Tonga,TON,2017,2.137,7.51706283551115,3.2023165092282,72.066,-0.159332355407353,0.527827266310538,0,-3.39638785195524,0.08899999999999997,4.93890768306034,1.04428622618473
Tonga,TON,2018,2.248,5.03209691984874,0.527827266310538,72.169,0.20007307916608,-0.285208794735084,1,-2.6744892429176623,0.11100000000000021,-2.4849659156624098,-3.035438547436451
Tonga,TON,2019,2.165,1.17954334821808,-0.285208794735084,72.292,0.09657445504329,1.80618735341196,0,-0.813036061045622,-0.08300000000000018,-3.8525535716306605,-1.743762651981642
Tonga,TON,2020,2.712,-0.349737696727496,1.80618735341196,72.379,0.0331168127621577,-0.934926303735025,1,2.091396148147044,0.5470000000000002,-1.5292810449455758,0.639180043550711
Tonga,TON,2021,2.111,5.64051140636751,-0.934926303735025,72.13,-0.202657341819835,-2.12854452405193,1,-2.741113657146985,-0.601,5.990249103095007,-0.3248587544999706
Tonga,TON,2022,2.002,10.9713652903022,-2.12854452405193,72.635,-0.425589151486705,2.79014366862668,0,-1.193618220316905,-0.10900000000000043,5.33085388393469,-1.967365938731945
Tonga,TON,2023,1.652,6.35112980255189,2.79014366862668,72.895,-0.424539964766316,2.79014366862668,0,4.91868819267861,-0.34999999999999987,-4.6202354877503105,1.8625349861808524
Tonga,TON,2024,1.965,3.230563002681,2.79014366862668,73.07,-0.404269322267007,,,0.0,0.31300000000000017,-3.12056679987089,2.459344096339305
Trinidad and Tobago,TTO,2010,4.033,10.5492003179988,3.32322471027371,71.809,0.579036711567976,-0.294354409043763,1,,,,
Trinidad and Tobago,TTO,2011,3.425,5.1071328926456,-0.294354409043763,72.232,0.778994109506155,6.71074625448722,0,-3.617579119317473,-0.6080000000000005,-5.4420674253531995,
Trinidad and Tobago,TTO,2012,3.718,9.26028137068292,6.71074625448722,72.513,0.538824146577348,3.36819291689019,0,7.005100663530983,0.29300000000000015,4.15314847803732,1.6937607721067551
Trinidad and Tobago,TTO,2013,2.683,5.19981740465611,3.36819291689019,72.785,0.400859959050308,3.67086851032413,0,-3.34255333759703,-1.0350000000000001,-4.06046396602681,1.8312736629669766
Trinidad and Tobago,TTO,2014,2.477,5.68441814595659,3.67086851032413,72.898,0.356379989236334,-0.406283288730492,1,0.30267559343394,-0.20599999999999996,0.48460074130048003,-1.519938872081545
Trinidad and Tobago,TTO,2015,2.428,4.66121598098264,-0.406283288730492,72.882,0.32088962269951,-7.53636305379372,1,-4.077151799054622,-0.04899999999999993,-1.0232021649739496,-1.887238102810341
Trinidad and Tobago,TTO,2016,3.207,3.07066742464024,-7.53636305379372,72.935,0.312772812072739,-4.87274946918724,1,-7.130079765063228,0.7789999999999999,-1.5905485563424002,-5.603615782058926
Trinidad and Tobago,TTO,2017,3.389,1.88038440183532,-4.87274946918724,72.984,0.202027127649021,-0.945449700943314,1,2.6636135846064803,0.18199999999999994,-1.1902830228049202,-2.233233090228374
Trinidad and Tobago,TTO,2018,3.497,1.01856930188822,-0.945449700943314,72.658,0.18852465203732,0.467734528855885,0,3.927299768243926,0.1080000000000001,-0.8618150999470999,3.295456676425203
Trinidad and Tobago,TTO,2019,3.523,1.00054293027237,0.467734528855885,72.836,0.351942101931713,-8.78879817831519,1,1.413184229799199,0.026000000000000245,-0.018026371615849968,2.6702419990215622
Trinidad and Tobago,TTO,2020,4.206,0.598986330824643,-8.78879817831519,72.645,0.200680476473799,-0.716740625909793,1,-9.256532707171075,0.6830000000000003,-0.40155659944772704,-3.921674238685938
Trinidad and Tobago,TTO,2021,4.446,2.05922746915458,-0.716740625909793,71.111,0.0609300519200696,0.86126082651883,0,8.072057552405397,0.23999999999999932,1.460241138329937,-0.592237577382839
Trinidad and Tobago,TTO,2022,4.383,5.82838638517959,0.86126082651883,73.331,-0.128266918103601,1.46645947294053,0,1.578001452428623,-0.06299999999999972,3.7691589160250096,4.82502950241701
Trinidad and Tobago,TTO,2023,3.361,4.62930242419968,1.46645947294053,73.49,0.124756950526578,2.50920813979569,0,0.6051986464217001,-1.0219999999999998,-1.1990839609799098,1.0916000494251614
Trinidad and Tobago,TTO,2024,3.318,0.526884625776839,2.50920813979569,73.617,0.0601642729371072,,,1.0427486668551598,-0.04300000000000015,-4.102417798422841,0.8239736566384299
Tunisia,TUN,2010,13.049,3.33897963601069,2.97113275066512,74.438,1.07673286637757,-2.04663389535644,1,,,,
Tunisia,TUN,2011,18.334,3.24002842009531,-2.04663389535644,74.471,1.10896127086771,4.21667711535632,0,-5.01776664602156,5.285,-0.09895121591538025,
Tunisia,TUN,2012,17.63,4.6118443220664,4.21667711535632,74.599,1.12911133130148,2.42993096446429,0,6.26331101071276,-0.7040000000000006,1.37181590197109,0.6227721823455998
Tunisia,TUN,2013,15.934,5.31623531326689,2.42993096446429,74.674,1.18925109300243,3.09032803070775,0,-1.78674615089203,-1.6959999999999997,0.7043909912004898,2.238282429910365
Tunisia,TUN,2014,14.259,4.62555099534031,3.09032803070775,74.784,1.18603354474404,0.967834205635981,0,0.6603970662434602,-1.674999999999999,-0.6906843179265794,-0.5631745423242849
Tunisia,TUN,2015,15.159,4.437371273215,0.967834205635981,74.875,1.12871973379756,1.117231963992,0,-2.122493825071769,0.9000000000000004,-0.18817972212531053,-0.7310483794141545
Tunisia,TUN,2016,15.557,3.62939937384381,1.117231963992,75.007,1.10253911569433,2.25261437620587,0,0.1493977583560191,0.3979999999999997,-0.8079718993711897,-0.986548033357875
Tunisia,TUN,2017,15.33,5.30884839565844,2.25261437620587,75.177,1.05116025482594,2.60696965356362,0,1.1353824122138698,-0.2270000000000003,1.6794490218146296,0.6423900852849445
Tunisia,TUN,2018,15.459,7.30759176031652,2.60696965356362,75.37,0.982378425356264,1.55009304966742,0,0.3543552773577501,0.12899999999999956,1.9987433646580808,0.74486884478581
Tunisia,TUN,2019,17.153,6.72007532863799,1.55009304966742,75.599,0.926946081730267,-8.97512622934723,1,-1.0568766038962,1.693999999999999,-0.5875164316785302,-0.351260663269225
Tunisia,TUN,2020,17.651,5.63415115897625,-8.97512622934723,75.004,0.830022185577052,4.73603648206102,0,-10.52521927901465,0.4980000000000011,-1.08592416966174,-5.7910479414554255
Tunisia,TUN,2021,16.632,5.706350208307,4.73603648206102,72.893,0.620790374510459,2.75228761004381,0,13.71116271140825,-1.0189999999999984,0.07219904933074961,1.5929717161967998
Tunisia,TUN,2022,15.3,8.30646124447623,2.75228761004381,76.05,0.585173208533683,0.184015548469745,0,-1.9837488720172098,-1.3320000000000007,2.6001110361692303,5.86370691969552
Tunisia,TUN,2023,15.106,9.32899597507865,0.184015548469745,76.508,0.666925034776371,1.61444564976986,0,-2.5682720615740653,-0.19400000000000084,1.0225347306024197,-2.276010466795637
Tunisia,TUN,2024,15.341,7.20661657168794,1.61444564976986,76.711,0.626519256572759,,,1.430430101300115,0.23499999999999943,-2.1223794033907097,-0.568920980136975
Turkiye,TUR,2010,11.879,8.56644420552976,8.54219848467686,74.964,1.51943093763293,10.9799625273598,0,,,,
Turkiye,TUR,2011,9.789,6.471879671151,10.9799625273598,74.823,1.46777416449143,4.80762696633448,0,2.4377640426829412,-2.09,-2.094564534378759,
Turkiye,TUR,2012,9.21,8.89156996512163,4.80762696633448,75.552,1.27471801981307,8.48825689298511,0,-6.172335561025321,-0.5789999999999988,2.4196902939706293,-1.8672857591711898
Turkiye,TUR,2013,9.713,7.49309030547693,8.48825689298511,76.171,1.28441474668,4.60079447270559,0,3.6806299266506297,0.5029999999999983,-1.3984796596446998,-1.2458528171873455
Turkiye,TUR,2014,9.901,8.85457271364316,4.60079447270559,76.452,1.3490889002021,5.80557386628684,0,-3.88746242027952,0.1880000000000006,1.3614824081662302,-0.10341624681444506
Turkiye,TUR,2015,10.304,7.67085364845885,5.80557386628684,76.539,1.33411577030414,3.32366508200445,0,1.2047793935812505,0.40300000000000047,-1.1837190651843095,-1.3413415133491347
Turkiye,TUR,2016,10.899,7.7751341532833,3.32366508200445,76.595,1.34542593504869,7.82585730002594,0,-2.4819087842823904,0.5949999999999989,0.10428050482444995,-0.6385646953505699
Turkiye,TUR,2017,10.919,11.1443110840764,7.82585730002594,77.037,1.29675571220462,3.46815306092219,0,4.50219221802149,0.02000000000000135,3.369176930793099,1.01014171686955
Turkiye,TUR,2018,10.956,16.3324638988929,3.46815306092219,77.454,1.35360298648434,1.30162365464503,0,-4.35770423910375,0.036999999999999034,5.188152814816501,0.07224398945887
Turkiye,TUR,2019,13.73,15.1768215720022,1.30162365464503,77.737,1.42969688109789,1.80306247087255,0,-2.16652940627716,2.774000000000001,-1.1556423268906997,-3.262116822690455
Turkiye,TUR,2020,13.148,12.2789574462574,1.80306247087255,76.525,0.970386031353162,11.811094450607,0,0.5014388162275201,-0.5820000000000007,-2.8978641257448015,-0.83254529502482
Turkiye,TUR,2021,11.969,19.5964926913324,11.811094450607,75.722,0.910444902564511,5.44122511322401,0,10.008031979734449,-1.1790000000000003,7.3175352450750015,5.254735397980985
Turkiye,TUR,2022,10.465,72.3088359891207,5.44122511322401,77.591,0.984586244469359,5.04512369812289,0,-6.3698693373829895,-1.5039999999999996,52.712343297788294,1.8190813211757302
Turkiye,TUR,2023,9.388,53.8594087593315,5.04512369812289,77.156,0.406389351118662,3.3276230893799,0,-0.3961014151011195,-1.077,-18.449427229789194,-3.3829853762420545
Turkiye,TUR,2024,8.8,58.5064507300342,3.3276230893799,77.421,0.225580501096507,,,-1.7175006087429905,-0.5879999999999992,4.647041970702702,-1.056801011922055
Tanzania,TZA,2010,3.03,6.20015595647403,6.33652342666889,61.127,2.54448522649017,7.67215543486064,0,,,,
Tanzania,TZA,2011,3.47,12.6909694699162,7.67215543486064,61.618,2.79985031213535,4.50015356010131,0,1.3356320081917499,0.4400000000000004,6.490813513442169,
Tanzania,TZA,2012,3.223,16.0010938506338,4.50015356010131,62.286,2.8799437394168,6.78158560065316,0,-3.1720018747593297,-0.24700000000000033,3.3101243807176015,-0.9181849332837899
Tanzania,TZA,2013,2.93,7.87072364573959,6.78158560065316,62.788,3.01455736724095,6.73246186832483,0,2.2814320405518496,-0.2929999999999997,-8.130370204894211,-0.4452849171037401
Tanzania,TZA,2014,2.125,6.13161432988012,6.73246186832483,63.364,3.08040316049107,6.16062877406682,0,-0.04912373232833023,-0.8050000000000002,-1.7391093158594702,1.1161541541117597
Tanzania,TZA,2015,2.009,5.58816952959298,6.16062877406682,63.928,3.26181042317192,6.86711619644551,0,-0.5718330942580092,-0.1160000000000001,-0.5434448002871397,-0.3104784132931697
Tanzania,TZA,2016,1.931,5.17476629301493,6.86711619644551,64.404,3.40729531415315,6.72726996832338,0,0.7064874223786894,-0.07799999999999985,-0.4134032365780502,0.06732716406034012
Tanzania,TZA,2017,1.854,5.31871605228931,6.72726996832338,64.963,3.3414302210835,5.50267599385063,0,-0.13984622812212955,-0.07699999999999996,0.14394975927438036,0.28332059712827995
Tanzania,TZA,2018,1.792,3.49445848856181,5.50267599385063,65.488,3.15572113764533,5.79999999996723,0,-1.22459397447275,-0.062000000000000055,-1.8242575637275,-0.6822201012974398
Tanzania,TZA,2019,1.735,3.46428057999021,5.79999999996723,66.007,2.98060939385811,1.99196460647855,0,0.29732400611659937,-0.05699999999999994,-0.030177908571599854,-0.46363498417807536
Tanzania,TZA,2020,1.792,3.29029062798325,1.99196460647855,66.771,2.99305168844906,4.32138429480482,0,-3.8080353934886797,0.05699999999999994,-0.1739899520069601,-1.7553556936860402
Tanzania,TZA,2021,1.876,3.69091958802199,4.32138429480482,66.131,3.00113934816488,4.56600576430955,0,2.32941968832627,0.08399999999999985,0.4006289600387398,-0.7393078525812049
Tanzania,TZA,2022,1.573,4.35027204269101,4.56600576430955,66.879,2.95046658393064,5.06952353203394,0,0.24462146950473063,-0.30299999999999994,0.6593524546690204,1.2870205789155003
Tanzania,TZA,2023,1.565,3.79923291384916,5.06952353203394,66.995,2.90250073555304,5.5263138305945,0,0.5035177677243894,-0.008000000000000007,-0.5510391288418504,0.37406961861456
Tanzania,TZA,2024,1.557,3.05694676312373,5.5263138305945,67.212,2.87426672866542,,,0.4567902985605601,-0.008000000000000007,-0.7422861507254299,0.48015403314247473
Uganda,UGA,2010,3.623,3.97655288478168,5.63761163749757,59.959,2.9438913354304,9.3916554927176,0,,,,
Uganda,UGA,2011,3.523,16.5643496174515,9.3916554927176,60.791,2.93194913680129,3.83745560605229,0,3.75404385522003,-0.10000000000000009,12.587796732669823,
Uganda,UGA,2012,3.551,12.6790377224659,3.83745560605229,61.579,2.90422608403173,3.58690582623025,0,-5.554199886665311,0.028000000000000025,-3.885311894985602,-0.90007801572264
Uganda,UGA,2013,1.91,4.90520875694557,3.58690582623025,62.353,2.86955163863091,5.10630732539796,0,-0.2505497798220402,-1.6410000000000002,-7.773828965520329,-2.902374833243675
Uganda,UGA,2014,2.357,3.07570668958641,5.10630732539796,63.057,2.95144499872136,5.18785986002466,0,1.5194014991677105,0.4470000000000003,-1.8295020673591602,0.6344258596728352
Uganda,UGA,2015,2.681,5.58968606251725,5.18785986002466,63.831,3.07329293941893,4.78100029254482,0,0.08155253462669965,0.32399999999999984,2.5139793729308404,0.8004770168972051
Uganda,UGA,2016,3.002,5.70637504616212,4.78100029254482,64.494,3.32192491389275,3.13140551723596,0,-0.40685956747983987,0.32099999999999973,0.11668898364486946,-0.1626535164265701
Uganda,UGA,2017,3.428,5.20971705914209,3.13140551723596,65.174,3.49059590870242,6.30392378262997,0,-1.6495947753088602,0.42600000000000016,-0.49665798702003006,-1.02822717139435
Uganda,UGA,2018,3.249,2.61601190952274,6.30392378262997,65.775,3.39741097582772,6.43874503276439,0,3.17251826539401,-0.17899999999999983,-2.5937051496193497,0.7614617450425749
Uganda,UGA,2019,3.057,2.867588034469,6.43874503276439,66.354,3.39132142318772,2.95130642218098,0,0.13482125013442037,-0.19200000000000017,0.25157612494626,1.6536697577642152
Uganda,UGA,2020,3.819,3.31332289544502,2.95130642218098,66.41,3.33341751069644,3.53658034070898,0,-3.48743861058341,0.762,0.44573486097601966,-1.6763086802244949
Uganda,UGA,2021,3.416,2.20457204757414,3.53658034070898,66.45,3.21773661761443,4.58802192181773,0,0.5852739185279998,-0.403,-1.1087508478708799,-1.4510823460277051
Uganda,UGA,2022,2.885,7.1957888597581,4.58802192181773,67.675,3.00759449042677,5.33697295511469,0,1.05144158110875,-0.5310000000000001,4.99121681218396,0.818357749818375
Uganda,UGA,2023,2.754,5.35094804280395,5.33697295511469,68.252,2.80083228962433,6.05558075875589,0,0.7489510332969598,-0.13099999999999978,-1.8448408169541493,0.9001963072028549
Uganda,UGA,2024,2.74,3.3233806708656,6.05558075875589,68.487,2.75373170025335,,,0.7186078036412002,-0.01399999999999979,-2.0275673719383502,0.73377941846908
Uruguay,URY,2010,7.158,6.69870886978132,7.8034096507169,76.691,0.256129913246022,5.16213302463606,0,,,,
Uruguay,URY,2011,6.307,8.0928320630299,5.16213302463606,76.614,0.248141512237734,3.53817872056869,0,-2.64127662608084,-0.851,1.3941231932485811,
Uruguay,URY,2012,6.451,8.09776580573602,3.53817872056869,76.691,0.257451630638359,4.63753862902416,0,-1.6239543040673703,0.14399999999999924,0.004933742706118238,-2.132615465074105
Uruguay,URY,2013,6.444,8.57513504005397,4.63753862902416,76.953,0.297452387025821,3.23879122952364,0,1.0993599084554702,-0.006999999999999673,0.4773692343179512,-0.26229719780595007
Uruguay,URY,2014,6.547,8.87735333229828,3.23879122952364,77.194,0.328187100513488,0.370741257681345,0,-1.39874739950052,0.10299999999999976,0.3022182922443104,-0.1496937455225249
Uruguay,URY,2015,7.488,8.66626987079328,0.370741257681345,77.285,0.347483697847475,1.68979822971775,0,-2.868049971842295,0.9410000000000007,-0.2110834615049999,-2.1333986856714073
Uruguay,URY,2016,7.841,9.6394134763508,1.68979822971775,77.351,0.333941294134426,1.74037643374211,0,1.319056972036405,0.35299999999999976,0.9731436055575191,-0.774496499902945
Uruguay,URY,2017,7.89,6.2180938256186,1.74037643374211,77.618,0.270549143036717,0.164777608940113,0,0.05057820402435986,0.04899999999999949,-3.4213196507322,0.6848175880303824
Uruguay,URY,2018,8.336,7.60653360377047,0.164777608940113,77.527,0.179744266709225,0.928351141267498,0,-1.575598824801997,0.4460000000000006,1.38843977815187,-0.7625103103888186
Uruguay,URY,2019,8.836,7.88198870879619,0.928351141267498,77.503,0.0786838170441181,-7.35732706484723,1,0.7635735323273849,0.5,0.27545510502572057,-0.406012646237306
Uruguay,URY,2020,10.413,9.75640636078194,-7.35732706484723,78.381,0.0518527053450753,5.84427312558179,0,-8.285678206114728,1.577,1.8744176519857492,-3.7610523368936715
Uruguay,URY,2021,9.328,7.74791402314762,5.84427312558179,75.434,-0.0668956092956434,4.48622703072073,0,13.20160019042902,-1.0850000000000009,-2.00849233763432,2.4579609921571457
Uruguay,URY,2022,7.877,9.10437983075437,4.48622703072073,76.468,-0.170369337727093,0.742128785315927,0,-1.3580460948610593,-1.4509999999999996,1.3564658076067504,5.92177704778398
Uruguay,URY,2023,8.355,5.86910359896119,0.742128785315927,78.138,-0.0835522251458198,3.10825478066172,0,-3.7440982454048033,0.47800000000000065,-3.23527623179318,-2.5510721701329313
Uruguay,URY,2024,8.209,4.84914366613156,3.10825478066172,78.287,-0.0440759548302792,,,2.3661259953457927,-0.1460000000000008,-1.0199599328296296,-0.6889861250295053
United States,USA,2010,9.633,1.6400434423899,2.69519257744442,78.5414634146342,0.846129865832117,1.56440685763506,0,,,,
United States,USA,2011,8.949,3.156841568622,1.56440685763506,78.6414634146341,0.79239433316435,2.28911338669843,0,-1.1307857198093598,-0.6839999999999993,1.5167981262321002,
United States,USA,2012,8.069,2.06933726526067,2.28911338669843,78.7414634146342,0.79838290137163,2.11783009790057,0,0.7247065290633701,-0.879999999999999,-1.0875043033613303,-0.20303959537299487
United States,USA,2013,7.375,1.46483265562717,2.11783009790057,78.7414634146342,0.756560083436754,2.52381981363968,0,-0.17128328879786014,-0.6940000000000008,-0.6045046096334998,0.27671162013275497
United States,USA,2014,6.168,1.62222297740817,2.52381981363968,78.8414634146341,0.796023797809134,2.94555045484053,0,0.40598971573911014,-1.2069999999999999,0.157390321781,0.117353213470625
United States,USA,2015,5.28,0.118627135552451,2.94555045484053,78.690243902439,0.797904713382564,1.81945147788167,0,0.4217306412008499,-0.8879999999999999,-1.503595841855719,0.41386017846998
United States,USA,2016,4.869,1.26158320570536,1.81945147788167,78.5390243902439,0.785625485688815,2.45762229852507,0,-1.12609897695886,-0.4110000000000005,1.142956070152909,-0.3521841678790051
United States,USA,2017,4.355,2.13011000365961,2.45762229852507,78.5390243902439,0.692906252591617,2.96650506901305,0,0.6381708206434002,-0.5139999999999993,0.8685267979542501,-0.2439640781577299
United States,USA,2018,3.896,2.44258329692817,2.96650506901305,78.6390243902439,0.586433075122573,2.58382533412825,0,0.5088827704879799,-0.4590000000000005,0.3124732932685599,0.5735267955656901
United States,USA,2019,3.669,1.81221007526021,2.58382533412825,78.7878048780488,0.515108555014533,-2.16302914036166,1,-0.3826797348848001,-0.22699999999999987,-0.6303732216679601,0.0631015178015899
United States,USA,2020,8.055,1.23358439630629,-2.16302914036166,76.9804878048781,0.408427566758519,6.05505293244555,0,-4.7468544744899095,4.385999999999999,-0.5786256789539199,-2.564767104687355
United States,USA,2021,5.349,4.69785886363742,6.05505293244555,76.3292682926829,0.157317408951545,2.51237531986017,0,8.21808207280721,-2.7059999999999995,3.4642744673311303,1.73561379915865
United States,USA,2022,3.65,8.00279982052121,2.51237531986017,77.4341463414634,0.575744520494521,2.88755600749487,0,-3.54267761258538,-1.6990000000000003,3.3049409568837893,2.337702230110915
United States,USA,2023,3.638,4.11633838374488,2.88755600749487,78.3853658536585,0.83149318773707,2.79300127716779,0,0.37518068763470014,-0.01200000000000001,-3.8864614367763295,-1.58374846247534
United States,USA,2024,4.022,2.94952520485207,2.79300127716779,78.890243902439,0.976421684505429,,,-0.09455473032708017,0.38400000000000034,-1.1668131788928102,0.14031297865380998
Uzbekistan,UZB,2010,5.36,13.7797446476602,7.5971679610016,69.836,1.58433607799586,7.52513989422977,0,,,,
Uzbekistan,UZB,2011,4.96,13.7797446476602,7.52513989422977,70.143,1.5301816854096,7.10244488706317,0,-0.07202806677183027,-0.40000000000000036,0.0,
Uzbekistan,UZB,2012,4.87,13.2088026688373,7.10244488706317,70.411,1.51059514364954,7.29655036969899,0,-0.4226950071665998,-0.08999999999999986,-0.5709419788228995,-0.24736153696921503
Uzbekistan,UZB,2013,4.86,11.8414333622049,7.29655036969899,70.692,1.56705560068108,6.8738384408164,0,0.19410548263582061,-0.009999999999999787,-1.3673693066324013,-0.1142947622653896
Uzbekistan,UZB,2014,5.09,9.28309356162695,6.8738384408164,70.973,1.66460383205049,7.21877350820803,0,-0.42271192888259,0.22999999999999954,-2.558339800577949,-0.1143032231233847
Uzbekistan,UZB,2015,5.15,8.75188196737508,7.21877350820803,71.33,1.72657003352444,5.93215079993293,0,0.3449350673916296,0.0600000000000005,-0.5312115942518698,-0.03888843074548021
Uzbekistan,UZB,2016,5.16,8.130886695236,5.93215079993293,71.58,1.7256215086876,4.39527463349263,0,-1.2866227082751003,0.009999999999999787,-0.6209952721390799,-0.47084382044173534
Uzbekistan,UZB,2017,5.83,13.8757425441635,4.39527463349263,71.737,1.69442489458676,5.55919572919288,0,-1.5368761664403001,0.6699999999999999,5.7448558489275,-1.4117494373577002
Uzbekistan,UZB,2018,5.392,17.5241796514055,5.55919572919288,71.999,1.72706882389247,6.77992399655236,0,1.1639210957002506,-0.4379999999999997,3.6484371072419997,-0.18647753537002476
Uzbekistan,UZB,2019,4.936,14.5257359560687,6.77992399655236,72.093,1.80974442927918,1.56334277260515,0,1.2207282673594797,-0.4560000000000004,-2.9984436953367997,1.1923246815298651
Uzbekistan,UZB,2020,5.293,12.8677297362606,1.56334277260515,71.461,1.86830671569358,8.03468312640049,0,-5.21658122394721,0.3570000000000002,-1.658006219808101,-1.997926478293865
Uzbekistan,UZB,2021,5.364,10.8492397508122,8.03468312640049,71.681,1.9382099918182,6.00134232203442,0,6.471340353795339,0.07099999999999973,-2.018489985448399,0.6273795649240648
Uzbekistan,UZB,2022,4.456,11.4466436998836,6.00134232203442,72.147,2.00999064709715,6.29141635082311,0,-2.0333408043660697,-0.9079999999999995,0.5974039490713992,2.218999774714635
Uzbekistan,UZB,2023,4.434,9.95659071258018,6.29141635082311,72.388,2.02114614047908,6.49999999997677,0,0.29007402878869026,-0.02200000000000024,-1.4900529873034198,-0.8716333877886897
Uzbekistan,UZB,2024,4.439,9.62825465956682,6.49999999997677,72.528,1.97065383660565,,,0.20858364915365968,0.004999999999999893,-0.3283360530133592,0.24932883897117497
St. Vincent and the Grenadines,VCT,2010,19.924,0.747109026311474,-4.47046793507802,70.66,-0.498034748761649,-0.60627665148327,1,,,,
St. Vincent and the Grenadines,VCT,2011,20.006,3.1860311155246,-0.60627665148327,70.609,-0.556296690606872,1.16911218376478,0,3.8641912835947494,0.08200000000000074,2.438922089213126,
St. Vincent and the Grenadines,VCT,2012,19.833,2.59844414147101,1.16911218376478,70.539,-0.562167608407819,2.4624841721544,0,1.77538883524805,-0.17300000000000182,-0.5875869740535897,2.8197900594213996
St. Vincent and the Grenadines,VCT,2013,19.356,0.805127804267928,2.4624841721544,70.091,-0.554247952481518,1.1457271877622,0,1.29337198838962,-0.47699999999999676,-1.7933163372030823,1.534380411818835
St. Vincent and the Grenadines,VCT,2014,19.237,0.193858560794015,1.1457271877622,70.355,-0.55640705517064,2.78509791763551,0,-1.3167569843922,-0.11900000000000333,-0.611269243473913,-0.01169249800129002
St. Vincent and the Grenadines,VCT,2015,19.135,-1.73361194953959,2.78509791763551,70.463,-0.536144317925753,4.1496810046981,0,1.6393707298733102,-0.10199999999999676,-1.9274705103336052,0.1613068727405551
St. Vincent and the Grenadines,VCT,2016,19.029,-0.149641647633284,4.1496810046981,70.7,-0.572879410655285,1.54810173239956,0,1.3645830870625897,-0.10600000000000165,1.583970301906306,1.50197690846795
St. Vincent and the Grenadines,VCT,2017,19.024,2.15333648840511,1.54810173239956,71.013,-0.647135439549124,3.1756114423991,0,-2.60157927229854,-0.004999999999999005,2.302978136038394,-0.6184980926179751
St. Vincent and the Grenadines,VCT,2018,19.005,2.32414485367921,3.1756114423991,71.017,-0.699944450029761,0.668428481084234,0,1.62750970999954,-0.019000000000001904,0.17080836527409993,-0.48703478114949994
St. Vincent and the Grenadines,VCT,2019,19.248,0.91306972532459,0.668428481084234,70.994,-0.725995928811949,-4.26892434422649,1,-2.507182961314866,0.2430000000000021,-1.4110751283546201,-0.439836625657663
St. Vincent and the Grenadines,VCT,2020,20.635,-0.628131309354654,-4.26892434422649,69.605,-0.617259161571258,2.09340124465459,0,-4.937352825310724,1.3870000000000005,-1.541201034679244,-3.722267893312795
St. Vincent and the Grenadines,VCT,2021,20.356,1.57272932500558,2.09340124465459,69.132,-0.663868269423874,3.1108330034352,0,6.36232558888108,-0.2789999999999999,2.200860634360234,0.7124863817851779
St. Vincent and the Grenadines,VCT,2022,19.277,5.66009779226552,3.1108330034352,71.191,-0.776041417794061,5.32636472098717,0,1.01743175878061,-1.0790000000000006,4.087368467259941,3.6898786738308447
St. Vincent and the Grenadines,VCT,2023,18.348,4.56457719814894,5.32636472098717,71.23,-0.711025816110263,4.06183490050209,0,2.21553171755197,-0.929000000000002,-1.0955205941165804,1.6164817381662901
St. Vincent and the Grenadines,VCT,2024,18.093,3.62770736940927,4.06183490050209,71.382,-0.700214310937747,,,-1.2645298204850803,-0.254999999999999,-0.93686982873967,0.47550094853344493
Viet Nam,VNM,2010,1.114,9.20746648778413,6.42324482239482,73.611,1.14440259659988,6.41316889681683,0,,,,
Viet Nam,VNM,2011,0.999,18.6777322770707,6.41316889681683,73.713,1.15183406119192,5.5045447041189,0,-0.010075925577989864,-0.1150000000000001,9.47026578928657,
Viet Nam,VNM,2012,1.027,9.09470339557192,5.5045447041189,73.762,1.1709874078049,5.55351081026072,0,-0.9086241926979302,0.027999999999999914,-9.58302888149878,-0.45935005913796
Viet Nam,VNM,2013,1.316,6.59267475899192,5.55351081026072,73.821,1.1802975549343,6.42224312118567,0,0.04896610614181984,0.28900000000000015,-2.5020286365799995,-0.42982904327805516
Viet Nam,VNM,2014,1.256,4.08455446637617,6.42224312118567,73.886,1.21423463554626,6.98715430598611,0,0.8687323109249503,-0.06000000000000005,-2.5081202926157493,0.45884920853338507
Viet Nam,VNM,2015,1.848,0.631200905175754,6.98715430598611,73.955,1.23975403093124,6.69000892660424,0,0.5649111848004393,0.5920000000000001,-3.4533535612004163,0.7168217478626948
Viet Nam,VNM,2016,1.848,2.66824816969082,6.69000892660424,73.984,1.25988366517733,6.94019037359206,0,-0.29714537938186947,0.0,2.0370472645150657,0.13388290270928493
Viet Nam,VNM,2017,1.874,3.52025688811617,6.94019037359206,74.026,1.24420473643635,7.46500685572751,0,0.25018144698781963,0.026000000000000023,0.8520087184253504,-0.023481966197024917
Viet Nam,VNM,2018,1.161,3.53962805942641,7.46500685572751,74.1,1.10791395242199,7.35926270105006,0,0.5248164821354502,-0.7130000000000001,0.0193711713102398,0.3874989645616349
Viet Nam,VNM,2019,1.681,2.7958236745225,7.35926270105006,74.211,0.968366698803348,2.86541320912272,0,-0.10574415467745002,0.52,-0.74380438490391,0.20953616372900008
Viet Nam,VNM,2020,2.103,3.22093436652514,2.86541320912272,75.383,0.927434295850725,2.55372852648131,0,-4.493849491927341,0.42200000000000015,0.4251106920026402,-2.299796823302395
Viet Nam,VNM,2021,2.383,1.83471554810444,2.55372852648131,74.145,0.868883560805873,8.53750046755788,0,-0.3116846826414097,0.2799999999999998,-1.3862188184207003,-2.402767087284375
Viet Nam,VNM,2022,1.57,3.15650749963129,8.53750046755788,74.502,0.750756665157789,5.06502391455075,0,5.98377194107657,-0.813,1.3217919515268501,2.8360436292175804
Viet Nam,VNM,2023,1.645,3.25289282667662,5.06502391455075,74.588,0.671429250652247,7.09118746633975,0,-3.47247655300713,0.07499999999999996,0.0963853270453301,1.2556476940347199
Viet Nam,VNM,2024,1.602,3.62109273885843,7.09118746633975,74.736,0.631267006487247,,,2.0261635517889998,-0.04299999999999993,0.3681999121818098,-0.7231565006090652
Vanuatu,VUT,2010,4.681,2.76269469477348,1.25886720329326,69.57,2.34288677835416,3.13980290023412,0,,,,
Vanuatu,VUT,2011,4.811,0.8737931047811,3.13980290023412,69.729,2.16980126854337,1.01004768692042,0,1.8809356969408602,0.1299999999999999,-1.88890158999238,
Vanuatu,VUT,2012,4.936,1.34740362877658,1.01004768692042,69.898,2.19727458776971,0.463390415135095,0,-2.1297552133137003,0.125,0.4736105239954801,-0.12440975818641997
Vanuatu,VUT,2013,5.038,1.45893371757921,0.463390415135095,69.986,2.22472000551293,2.5750403162878,0,-0.5466572717853251,0.10200000000000031,0.11153008880263005,-1.3382062425495125
Vanuatu,VUT,2014,5.137,0.798863838097023,2.5750403162878,70.043,2.23741755913055,3.96591946444873,0,2.111649901152705,0.09899999999999931,-0.6600698794821871,0.78249631468369
Vanuatu,VUT,2015,5.168,2.48326875660439,3.96591946444873,70.163,2.22716537972059,3.47154471544715,0,1.3908791481609302,0.031000000000000583,1.684404918507367,1.7512645246568175
Vanuatu,VUT,2016,5.197,0.842069084035061,3.47154471544715,70.397,2.22459321328248,4.41266598569969,0,-0.49437474900157996,0.028999999999999915,-1.641199672569329,0.4482521995796751
Vanuatu,VUT,2017,5.247,3.08452624403546,4.41266598569969,70.5,2.3321325606252,2.90023027256446,0,0.9411212702525402,0.04999999999999982,2.242457160000399,0.22337326062548013
Vanuatu,VUT,2018,5.353,2.33096379566866,2.90023027256446,70.626,2.39543458138902,3.24118765540442,0,-1.5124357131352304,0.10599999999999987,-0.7535624483668002,-0.2856572214413451
Vanuatu,VUT,2019,5.444,2.76252019386111,3.24118765540442,70.783,2.33048915705222,-4.99249142889525,1,0.34095738283996013,0.09100000000000019,0.4315563981924502,-0.5857391651476351
Vanuatu,VUT,2020,4.046,5.32935073101715,-4.99249142889525,70.385,2.32661131084294,-1.55229489129462,1,-8.23367908429967,-1.3979999999999997,2.5668305371560396,-3.9463608507298553
Vanuatu,VUT,2021,4.776,2.34328358208953,-1.55229489129462,69.952,2.31850921412366,5.18622862422562,0,3.44019653760063,0.7299999999999995,-2.98606714892762,-2.3967412733495204
Vanuatu,VUT,2022,5.077,6.67930581887121,5.18622862422562,71.302,2.31965082626492,2.093743250054,0,6.7385235155202405,0.30100000000000016,4.33602223678168,5.089360026560435
Vanuatu,VUT,2023,5.011,11.1825017088175,2.093743250054,71.477,2.32481600892244,0.942185362275907,0,-3.0924853741716203,-0.06599999999999984,4.503195889946289,1.8230190706743101
Vanuatu,VUT,2024,4.988,11.1825017088175,0.942185362275907,71.654,2.27351944261437,,,-1.1515578877780932,-0.022999999999999687,0.0,-2.1220216309748565
Samoa,WSM,2010,5.621,0.777007268777692,6.1247199226125,71.451,0.785366135493998,3.84907794660396,0,,,,
Samoa,WSM,2011,5.68,5.23541591478434,3.84907794660396,71.393,0.871732674893699,-3.73213020890266,1,-2.27564197600854,0.058999999999999275,4.4584086460066485,
Samoa,WSM,2012,8.752,2.0490188352116,-3.73213020890266,71.159,0.912557360248924,0.107293276488932,0,-7.581208155506619,3.072000000000001,-3.1863970795727403,-4.92842506575758
Samoa,WSM,2013,8.772,0.61008572090503,0.107293276488932,71.229,0.89673977043707,0.659923768782861,0,3.839423485391592,0.019999999999999574,-1.43893311430657,-1.870892335057514
Samoa,WSM,2014,8.72,-0.40681608842489,0.659923768782861,71.142,0.888269859280603,3.8503618166494,0,0.5526304922939289,-0.0519999999999996,-1.01690180932992,2.1960269888427604
Samoa,WSM,2015,8.901,0.724470134874729,3.8503618166494,71.06,0.868555727857733,7.9838628784713,0,3.190438047866539,0.18099999999999916,1.131286223299619,1.871534270080234
Samoa,WSM,2016,9.063,1.30471869303179,7.9838628784713,71.003,0.847318414943751,1.40628239971301,0,4.1335010618219,0.1620000000000008,0.580248558157061,3.6619695548442195
Samoa,WSM,2017,9.4,1.74989677484705,1.40628239971301,70.991,0.937123219994916,-0.609647103380141,1,-6.57758047875829,0.33699999999999974,0.44517808181526,-1.2220397084681949
Samoa,WSM,2018,8.649,4.19745888663752,-0.609647103380141,71.052,1.04941192646969,4.45185891688691,0,-2.015929503093151,-0.7510000000000012,2.44756211179047,-4.296754990925721
Samoa,WSM,2019,7.858,0.982326569888117,4.45185891688691,70.269,1.05329202031498,-3.10864485863991,1,5.061506020267051,-0.7909999999999995,-3.2151323167494033,1.52278825858695
Samoa,WSM,2020,7.467,-1.56891247740895,-3.10864485863991,70.727,1.0262726301153,-5.04350521486909,1,-7.56050377552682,-0.391,-2.551239047297067,-1.2494988776298843
Samoa,WSM,2021,6.664,3.13320473174494,-5.04350521486909,71.096,0.862068229419543,2.26705055249026,0,-1.9348603562291804,-0.8029999999999999,4.70211720915389,-4.747682065878
Samoa,WSM,2022,5.048,10.9618822286844,2.26705055249026,71.55,0.690847424147793,15.2336106467304,0,7.31055576735935,-1.6159999999999997,7.828677496939461,2.687847705565085
Samoa,WSM,2023,4.92,7.92164684826777,15.2336106467304,71.698,0.649190563116911,4.74838445564714,0,12.96656009424014,-0.1280000000000001,-3.0402353804166307,10.138557930799745
Samoa,WSM,2024,4.855,2.17245530514377,4.74838445564714,71.826,0.62390639530784,,,-10.48522619108326,-0.0649999999999995,-5.749191543124,1.24066695157844
South Africa,ZAF,2010,24.683,4.06749555950263,3.03973288127956,58.886,1.1829095702162,3.16855627858818,0,,,,
South Africa,ZAF,2011,24.639,5.0008533879502,3.16855627858818,60.602,1.23631458705301,2.39623238465745,0,0.1288233973086199,-0.04400000000000048,0.9333578284475701,
South Africa,ZAF,2012,24.727,5.73797139141739,2.39623238465745,61.737,1.47479434391075,2.48546800826588,0,-0.77232389393073,0.08800000000000097,0.7371180034671898,-0.32175024831105503
South Africa,ZAF,2013,24.561,5.78016910069176,2.48546800826588,62.388,1.65265199501405,1.41382645223793,0,0.08923562360843018,-0.16600000000000037,0.04219770927436972,-0.3415441351611499
South Africa,ZAF,2014,24.89,6.13282953059149,1.41382645223793,63.184,1.66144540694123,1.32186223678229,0,-1.07164155602795,0.3290000000000006,0.35266042989973023,-0.4912029662097599
South Africa,ZAF,2015,25.149,4.51869094892506,1.32186223678229,64.053,2.00988840160514,0.664552307858116,0,-0.09196421545563993,0.25900000000000034,-1.6141385816664302,-0.581802885741795
South Africa,ZAF,2016,26.536,6.60290842394872,0.664552307858116,64.749,0.940521897823675,1.15794695181735,0,-0.6573099289241741,1.3870000000000005,2.08421747502366,-0.374637072189907
South Africa,ZAF,2017,27.035,5.18618655524149,1.15794695181735,65.422,0.653837462693277,1.55678384721676,0,0.49339464395923394,0.4989999999999988,-1.4167218687072296,-0.08195764248247006
South Africa,ZAF,2018,26.906,4.50987264867388,1.55678384721676,65.726,1.68236992028419,0.25993557687633,0,0.39883689539941014,-0.12900000000000134,-0.6763139065676107,0.44611576967932204
South Africa,ZAF,2019,28.468,4.10285075461156,0.25993557687633,66.071,1.64957495527878,-6.1689177146757,1,-1.29684827034043,1.5620000000000012,-0.4070218940623196,-0.44900568747050995
South Africa,ZAF,2020,29.217,3.23238831615113,-6.1689177146757,65.15,1.62216431400652,4.85864865060148,0,-6.428853291552031,0.7489999999999988,-0.87046243846043,-3.8628507809462302
South Africa,ZAF,2021,34.007,4.61874544887136,4.85864865060148,62.01,1.54055743832642,2.05813661692193,0,11.027566365277181,4.789999999999999,1.3863571327202302,2.299356536862575
South Africa,ZAF,2022,33.268,7.03987272546482,2.05813661692193,65.454,1.41397227960081,0.80610455095804,0,-2.8005120336795497,-0.7389999999999972,2.4211272765934595,4.113527165798815
South Africa,ZAF,2023,32.098,6.0752438457966,0.80610455095804,66.139,1.32810094082844,0.534843531905139,0,-1.2520320659638902,-1.1700000000000017,-0.9646288796682194,-2.0262720498217197
South Africa,ZAF,2024,32.279,4.36115246518962,0.534843531905139,66.312,1.24951426055192,,,-0.271261019052901,0.1810000000000045,-1.7140913806069804,-0.7616465425083956
Zambia,ZMB,2010,13.19,8.50176133365265,10.2982233241213,56.896,3.46192274224024,5.56925219263019,0,,,,
Zambia,ZMB,2011,10.548,6.4293968107234,5.56925219263019,57.843,3.32527568350911,7.59738104901994,0,-4.728971131491111,-2.6419999999999995,-2.0723645229292504,
Zambia,ZMB,2012,7.85,6.57589970757698,7.59738104901994,58.704,3.24260026203654,5.05753695047252,0,2.02812885638975,-2.6980000000000004,0.14650289685357976,-1.3504211375506805
Zambia,ZMB,2013,7.272,6.97767605490307,5.05753695047252,59.445,3.20268845716982,4.69328316376705,0,-2.5398440985474195,-0.5779999999999994,0.40177634732609047,-0.2558576210788348
Zambia,ZMB,2014,6.576,7.80687553566333,4.69328316376705,60.109,3.17220342906789,2.92037511217961,0,-0.36425378670547026,-0.6960000000000006,0.8291994807602601,-1.452048942626445
Zambia,ZMB,2015,5.951,10.1105928909618,2.92037511217961,60.728,3.12013727876838,3.75510031678988,0,-1.7729080515874398,-0.625,2.3037173552984704,-1.068580919146455
Zambia,ZMB,2016,5.244,17.8697300795268,3.75510031678988,61.129,3.09409054089327,3.52586277149926,0,0.8347252046102702,-0.7069999999999999,7.759137188564999,-0.4690914234885848
Zambia,ZMB,2017,4.529,6.57731154205644,3.52586277149926,61.564,3.06754137743233,4.03449389667165,0,-0.22923754529062013,-0.7149999999999999,-11.292418537470361,0.30274382965982505
Zambia,ZMB,2018,5.032,7.4945719272852,4.03449389667165,62.138,3.0060186177754,1.44130602603785,0,0.5086311251723901,0.5030000000000001,0.9172603852287606,0.13969678994088497
Zambia,ZMB,2019,5.538,9.15031644316296,1.44130602603785,62.914,2.96162166175699,-2.78505506545167,1,-2.5931878706338,0.5060000000000002,1.6557445158777604,-1.042278372730705
Zambia,ZMB,2020,6.032,15.7330604721369,-2.78505506545167,63.361,2.9041649369132,6.23492204726448,0,-4.226361091489521,0.4939999999999998,6.58274402897394,-3.4097744810616604
Zambia,ZMB,2021,5.197,22.0207676245777,6.23492204726448,62.363,2.81534240626742,5.21122360356247,0,9.01997711271615,-0.835,6.287707152440801,2.396808010613315
Zambia,ZMB,2022,5.993,10.9932039209136,5.21122360356247,65.279,2.76365042984169,5.36794285493059,0,-1.0236984437020107,0.7960000000000003,-11.0275637036641,3.99813933450707
Zambia,ZMB,2023,5.861,10.884531691282,5.36794285493059,66.349,2.79406758723844,3.82004825518591,0,0.15671925136811993,-0.13200000000000056,-0.10867222963160117,-0.4334895961669454
Zambia,ZMB,2024,5.898,14.9856262747939,3.82004825518591,66.528,2.81182258530958,,,-1.5478945997446796,0.03699999999999992,4.1010945835119,-0.6955876741882798
Zimbabwe,ZWE,2010,5.469,3.02267002518892,19.6754077019323,51.925,1.61334322032425,14.1939156801139,0,,,,
Zimbabwe,ZWE,2011,5.368,3.4661297281749,14.1939156801139,53.911,1.7726514046574,16.6654290410337,0,-5.481492021818401,-0.10099999999999998,0.4434597029859799,
Zimbabwe,ZWE,2012,5.057,3.72532666110646,16.6654290410337,55.386,1.62306467591426,1.98948554025198,0,2.4715133609198006,-0.31099999999999994,0.2591969329315602,-1.5049893304493
Zimbabwe,ZWE,2013,4.948,1.63495041543822,1.98948554025198,56.842,1.40792169753746,2.37698561663417,0,-14.67594350078172,-0.10899999999999999,-2.0903762456682404,-6.10221506993096
Zimbabwe,ZWE,2014,4.774,-0.19778481012661,2.37698561663417,58.106,1.37169405347957,1.77985356392176,0,0.38750007638218986,-0.17400000000000038,-1.83273522556483,-7.144221712199766
Zimbabwe,ZWE,2015,5.399,-2.43096842383404,1.77985356392176,58.989,1.3399592762046,0.75579405855224,0,-0.5971320527124098,0.625,-2.2331836137074297,-0.10481598816510995
Zimbabwe,ZWE,2016,5.896,-1.54366960054161,0.75579405855224,59.76,1.38820029316449,4.73441117758482,0,-1.02405950536952,0.4969999999999999,0.8872988232924299,-0.8105957790409649
Zimbabwe,ZWE,2017,6.35,0.893962316050027,4.73441117758482,60.263,1.44285382068925,5.00992154297603,0,3.97861711903258,0.45399999999999974,2.437631916591637,1.4772788068315301
Zimbabwe,ZWE,2018,6.788,10.6188658669575,5.00992154297603,60.906,1.48741637841697,-6.33244976028571,1,0.27551036539120943,0.4380000000000006,9.724903550907472,2.1270637422118948
Zimbabwe,ZWE,2019,7.373,255.304990757856,-6.33244976028571,61.06,1.56353351552455,-7.81695060188729,1,-11.34237130326174,0.585,244.6861248908985,-5.533430468935265
Zimbabwe,ZWE,2020,8.617,557.201817362051,-7.81695060188729,61.53,1.65935280874134,8.46801676808001,0,-1.4845008416015792,1.2440000000000007,301.896826604195,-6.41343607243166
Zimbabwe,ZWE,2021,9.54,98.5461050920624,8.46801676808001,60.135,1.72601114303872,6.13926327570213,0,16.2849673699673,0.9229999999999983,-458.65571226998856,7.4002332641828605
Zimbabwe,ZWE,2022,10.087,104.705170628667,6.13926327570213,62.36,1.7062092862652,5.3508687909833,0,-2.3287534923778805,0.5470000000000006,6.159065536604601,6.97810693879471
Zimbabwe,ZWE,2023,9.348,104.705170628667,5.3508687909833,62.775,1.67709591394986,1.74239524880791,0,-0.7883944847188298,-0.738999999999999,0.0,-1.5585739885483552
Zimbabwe,ZWE,2024,9.435,104.705170628667,1.74239524880791,63.064,1.7804822981922,,,-3.6084735421753904,0.08699999999999974,0.0,-2.19843401344711
