fold,accuracy,precision,recall,roc_auc,confusion_matrix
1,0.8909090909090909,0.42857142857142855,0.08571428571428572,0.7272639225181597,"[[291, 4], [32, 3]]"
2,0.9121212121212121,0.44,0.4230769230769231,0.7942813765182186,"[[290, 14], [15, 11]]"
3,0.5757575757575758,0.7857142857142857,0.14102564102564102,0.6149425287356322,"[[168, 6], [134, 22]]"
4,0.5757575757575758,0.1292517006802721,0.6129032258064516,0.6035171000107886,"[[171, 128], [12, 19]]"
5,0.8454545454545455,0.30952380952380953,0.37142857142857144,0.7394673123486682,"[[266, 29], [22, 13]]"
